<01 Sep 2026 10:22:15> [TT3Unit.SetInstanceIndex] InstanceName : Collins 73 ; InstanceIndex : 31750
<01 Sep 2026 10:22:15> [TT3Unit.SetInstanceIndex] InstanceName : Diponegoro - 365 ; InstanceIndex : 31743
<01 Sep 2026 10:22:15> [TT3Unit.SetInstanceIndex] InstanceName : Fatahillah - 361 ; InstanceIndex : 31748
<01 Sep 2026 10:22:15> [TT3Unit.SetInstanceIndex] InstanceName : Frigate X - 1 ; InstanceIndex : 31747
<01 Sep 2026 10:22:15> [TT3Unit.SetInstanceIndex] InstanceName : Seahawk 1 ; InstanceIndex : 31751
<17 Jul 2026 10:50:33> [LoadScenarioID] Load Peta
<17 Jul 2026 10:50:33> [LoadScenarioID] D:\Map ASTC\GameArea\Surabaya\Surabaya.gst
<17 Jul 2026 10:50:33> [netVBSOnConnected] Connected to VBS Socket
<17 Jul 2026 10:50:33> [TSimMgr_Client.LogEventRecv] <0055> CPID_CMD_SYNCH                   
<17 Jul 2026 10:50:33> [TSimMgr_Client.LogEventRecv] <0055> CPID_CMD_SYNCH                   
<17 Jul 2026 10:50:33> [TSimMgr_Client.LogEventRecv] <0015> UNDEFINED (15)
<17 Jul 2026 10:50:33> [TSimMgr_Client.LogEventRecv] <0034> CPID_UDP_GAMECTRL_INFO
<17 Jul 2026 11:28:42> [TSimMgr_Client.LogEventRecv] <0015> UNDEFINED (15)
<17 Jul 2026 11:28:42> [TT3ClientEventManager.OnSensorDetect] Visual detect Diponegoro - 365
<17 Jul 2026 11:28:42> [TT3ClientEventManager.OnSensorDetect] Visual detect Diponegoro - 365
<17 Jul 2026 11:28:42> [TT3ClientEventManager.OnSensorDetect] Visual detect Diponegoro - 365
<17 Jul 2026 11:28:42> [TSimMgr_Client.LogEventRecv] <0034> CPID_UDP_GAMECTRL_INFO
<17 Jul 2026 10:50:37> [TSimMgr_Client.LogEventRecv] <0031> CPID_UDP_PLATFORM_MOVE
<17 Jul 2026 10:50:37> [TSimMgr_Client.LogEventRecv] <0031> CPID_UDP_PLATFORM_MOVE
<17 Jul 2026 10:50:37> [TSimMgr_Client.LogEventRecv] <0031> CPID_UDP_PLATFORM_MOVE
<17 Jul 2026 10:50:37> [TSimMgr_Client.LogEventRecv] <0031> CPID_UDP_PLATFORM_MOVE
<17 Jul 2026 10:50:37> [TSimMgr_Client.LogEventRecv] <0031> CPID_UDP_PLATFORM_MOVE
<17 Jul 2026 10:50:45> [TSimMgr_Client.LogEventRecv] <0031> CPID_UDP_PLATFORM_MOVE
<17 Jul 2026 10:50:45> [TSimMgr_Client.LogEventRecv] <0031> CPID_UDP_PLATFORM_MOVE
<17 Jul 2026 10:50:45> [TSimMgr_Client.LogEventRecv] <0031> CPID_UDP_PLATFORM_MOVE
<17 Jul 2026 10:50:45> [TSimMgr_Client.LogEventRecv] <0031> CPID_UDP_PLATFORM_MOVE
<17 Jul 2026 10:50:45> [TSimMgr_Client.LogEventRecv] <0031> CPID_UDP_PLATFORM_MOVE
<17 Jul 2026 10:50:53> [TSimMgr_Client.LogEventRecv] <0031> CPID_UDP_PLATFORM_MOVE
<17 Jul 2026 10:50:53> [TSimMgr_Client.LogEventRecv] <0031> CPID_UDP_PLATFORM_MOVE
<17 Jul 2026 10:50:53> [TSimMgr_Client.LogEventRecv] <0031> CPID_UDP_PLATFORM_MOVE
<17 Jul 2026 10:50:53> [TSimMgr_Client.LogEventRecv] <0031> CPID_UDP_PLATFORM_MOVE
<17 Jul 2026 10:50:53> [TSimMgr_Client.LogEventRecv] <0031> CPID_UDP_PLATFORM_MOVE
<17 Jul 2026 10:51:01> [TSimMgr_Client.LogEventRecv] <0031> CPID_UDP_PLATFORM_MOVE
<17 Jul 2026 10:51:01> [TSimMgr_Client.LogEventRecv] <0031> CPID_UDP_PLATFORM_MOVE
<17 Jul 2026 10:51:01> [TSimMgr_Client.LogEventRecv] <0031> CPID_UDP_PLATFORM_MOVE
<17 Jul 2026 10:51:01> [TSimMgr_Client.LogEventRecv] <0031> CPID_UDP_PLATFORM_MOVE
<17 Jul 2026 10:51:01> [TSimMgr_Client.LogEventRecv] <0031> CPID_UDP_PLATFORM_MOVE
<17 Jul 2026 10:51:09> [TSimMgr_Client.LogEventRecv] <0031> CPID_UDP_PLATFORM_MOVE
<17 Jul 2026 10:51:09> [TSimMgr_Client.LogEventRecv] <0031> CPID_UDP_PLATFORM_MOVE
<17 Jul 2026 10:51:09> [TSimMgr_Client.LogEventRecv] <0031> CPID_UDP_PLATFORM_MOVE
<17 Jul 2026 10:51:09> [TSimMgr_Client.LogEventRecv] <0031> CPID_UDP_PLATFORM_MOVE
<17 Jul 2026 10:51:09> [TSimMgr_Client.LogEventRecv] <0031> CPID_UDP_PLATFORM_MOVE
<17 Jul 2026 10:51:17> [TSimMgr_Client.LogEventRecv] <0031> CPID_UDP_PLATFORM_MOVE
<17 Jul 2026 10:51:17> [TSimMgr_Client.LogEventRecv] <0031> CPID_UDP_PLATFORM_MOVE
<17 Jul 2026 10:51:17> [TSimMgr_Client.LogEventRecv] <0031> CPID_UDP_PLATFORM_MOVE
<17 Jul 2026 10:51:17> [TSimMgr_Client.LogEventRecv] <0031> CPID_UDP_PLATFORM_MOVE
<17 Jul 2026 10:51:17> [TSimMgr_Client.LogEventRecv] <0031> CPID_UDP_PLATFORM_MOVE
<17 Jul 2026 10:51:25> [TSimMgr_Client.LogEventRecv] <0031> CPID_UDP_PLATFORM_MOVE
<17 Jul 2026 10:51:25> [TSimMgr_Client.LogEventRecv] <0031> CPID_UDP_PLATFORM_MOVE
<17 Jul 2026 10:51:25> [TSimMgr_Client.LogEventRecv] <0031> CPID_UDP_PLATFORM_MOVE
<17 Jul 2026 10:51:25> [TSimMgr_Client.LogEventRecv] <0031> CPID_UDP_PLATFORM_MOVE
<17 Jul 2026 10:51:25> [TSimMgr_Client.LogEventRecv] <0031> CPID_UDP_PLATFORM_MOVE
<17 Jul 2026 10:51:33> [TSimMgr_Client.LogEventRecv] <0031> CPID_UDP_PLATFORM_MOVE
<17 Jul 2026 10:51:33> [TSimMgr_Client.LogEventRecv] <0031> CPID_UDP_PLATFORM_MOVE
<17 Jul 2026 10:51:33> [TSimMgr_Client.LogEventRecv] <0031> CPID_UDP_PLATFORM_MOVE
<17 Jul 2026 10:51:33> [TSimMgr_Client.LogEventRecv] <0031> CPID_UDP_PLATFORM_MOVE
<17 Jul 2026 10:51:33> [TSimMgr_Client.LogEventRecv] <0031> CPID_UDP_PLATFORM_MOVE
<17 Jul 2026 10:51:41> [TSimMgr_Client.LogEventRecv] <0031> CPID_UDP_PLATFORM_MOVE
<17 Jul 2026 10:51:41> [TSimMgr_Client.LogEventRecv] <0031> CPID_UDP_PLATFORM_MOVE
<17 Jul 2026 10:51:41> [TSimMgr_Client.LogEventRecv] <0031> CPID_UDP_PLATFORM_MOVE
<17 Jul 2026 10:51:41> [TSimMgr_Client.LogEventRecv] <0031> CPID_UDP_PLATFORM_MOVE
<17 Jul 2026 10:51:41> [TSimMgr_Client.LogEventRecv] <0031> CPID_UDP_PLATFORM_MOVE
<17 Jul 2026 10:51:49> [TSimMgr_Client.LogEventRecv] <0031> CPID_UDP_PLATFORM_MOVE
<17 Jul 2026 10:51:49> [TSimMgr_Client.LogEventRecv] <0031> CPID_UDP_PLATFORM_MOVE
<17 Jul 2026 10:51:49> [TSimMgr_Client.LogEventRecv] <0031> CPID_UDP_PLATFORM_MOVE
<17 Jul 2026 10:51:49> [TSimMgr_Client.LogEventRecv] <0031> CPID_UDP_PLATFORM_MOVE
<17 Jul 2026 10:51:49> [TSimMgr_Client.LogEventRecv] <0031> CPID_UDP_PLATFORM_MOVE
<17 Jul 2026 10:51:57> [TSimMgr_Client.LogEventRecv] <0031> CPID_UDP_PLATFORM_MOVE
<17 Jul 2026 10:51:57> [TSimMgr_Client.LogEventRecv] <0031> CPID_UDP_PLATFORM_MOVE
<17 Jul 2026 10:51:57> [TSimMgr_Client.LogEventRecv] <0031> CPID_UDP_PLATFORM_MOVE
<17 Jul 2026 10:51:57> [TSimMgr_Client.LogEventRecv] <0031> CPID_UDP_PLATFORM_MOVE
<17 Jul 2026 10:51:57> [TSimMgr_Client.LogEventRecv] <0031> CPID_UDP_PLATFORM_MOVE
<17 Jul 2026 10:52:05> [TSimMgr_Client.LogEventRecv] <0031> CPID_UDP_PLATFORM_MOVE
<17 Jul 2026 10:52:05> [TSimMgr_Client.LogEventRecv] <0031> CPID_UDP_PLATFORM_MOVE
<17 Jul 2026 10:52:05> [TSimMgr_Client.LogEventRecv] <0031> CPID_UDP_PLATFORM_MOVE
<17 Jul 2026 10:52:05> [TSimMgr_Client.LogEventRecv] <0031> CPID_UDP_PLATFORM_MOVE
<17 Jul 2026 10:52:05> [TSimMgr_Client.LogEventRecv] <0031> CPID_UDP_PLATFORM_MOVE
<17 Jul 2026 10:52:13> [TSimMgr_Client.LogEventRecv] <0031> CPID_UDP_PLATFORM_MOVE
<17 Jul 2026 10:52:13> [TSimMgr_Client.LogEventRecv] <0031> CPID_UDP_PLATFORM_MOVE
<17 Jul 2026 10:52:13> [TSimMgr_Client.LogEventRecv] <0031> CPID_UDP_PLATFORM_MOVE
<17 Jul 2026 10:52:13> [TSimMgr_Client.LogEventRecv] <0031> CPID_UDP_PLATFORM_MOVE
<17 Jul 2026 10:52:13> [TSimMgr_Client.LogEventRecv] <0031> CPID_UDP_PLATFORM_MOVE
<17 Jul 2026 10:52:21> [TSimMgr_Client.LogEventRecv] <0031> CPID_UDP_PLATFORM_MOVE
<17 Jul 2026 10:52:21> [TSimMgr_Client.LogEventRecv] <0031> CPID_UDP_PLATFORM_MOVE
<17 Jul 2026 10:52:21> [TSimMgr_Client.LogEventRecv] <0031> CPID_UDP_PLATFORM_MOVE
<17 Jul 2026 10:52:21> [TSimMgr_Client.LogEventRecv] <0031> CPID_UDP_PLATFORM_MOVE
<17 Jul 2026 10:52:21> [TSimMgr_Client.LogEventRecv] <0031> CPID_UDP_PLATFORM_MOVE
<17 Jul 2026 10:52:29> [TSimMgr_Client.LogEventRecv] <0031> CPID_UDP_PLATFORM_MOVE
<17 Jul 2026 10:52:29> [TSimMgr_Client.LogEventRecv] <0031> CPID_UDP_PLATFORM_MOVE
<17 Jul 2026 10:52:29> [TSimMgr_Client.LogEventRecv] <0031> CPID_UDP_PLATFORM_MOVE
<17 Jul 2026 10:52:29> [TSimMgr_Client.LogEventRecv] <0031> CPID_UDP_PLATFORM_MOVE
<17 Jul 2026 10:52:29> [TSimMgr_Client.LogEventRecv] <0031> CPID_UDP_PLATFORM_MOVE
<17 Jul 2026 10:52:37> [TSimMgr_Client.LogEventRecv] <0031> CPID_UDP_PLATFORM_MOVE
<17 Jul 2026 10:52:37> [TSimMgr_Client.LogEventRecv] <0031> CPID_UDP_PLATFORM_MOVE
<17 Jul 2026 10:52:37> [TSimMgr_Client.LogEventRecv] <0031> CPID_UDP_PLATFORM_MOVE
<17 Jul 2026 10:52:37> [TSimMgr_Client.LogEventRecv] <0031> CPID_UDP_PLATFORM_MOVE
<17 Jul 2026 10:52:37> [TSimMgr_Client.LogEventRecv] <0031> CPID_UDP_PLATFORM_MOVE
<17 Jul 2026 10:52:45> [TSimMgr_Client.LogEventRecv] <0031> CPID_UDP_PLATFORM_MOVE
<17 Jul 2026 10:52:45> [TSimMgr_Client.LogEventRecv] <0031> CPID_UDP_PLATFORM_MOVE
<17 Jul 2026 10:52:45> [TSimMgr_Client.LogEventRecv] <0031> CPID_UDP_PLATFORM_MOVE
<17 Jul 2026 10:52:45> [TSimMgr_Client.LogEventRecv] <0031> CPID_UDP_PLATFORM_MOVE
<17 Jul 2026 10:52:45> [TSimMgr_Client.LogEventRecv] <0031> CPID_UDP_PLATFORM_MOVE
<17 Jul 2026 10:52:53> [TSimMgr_Client.LogEventRecv] <0031> CPID_UDP_PLATFORM_MOVE
<17 Jul 2026 10:52:53> [TSimMgr_Client.LogEventRecv] <0031> CPID_UDP_PLATFORM_MOVE
<17 Jul 2026 10:52:53> [TSimMgr_Client.LogEventRecv] <0031> CPID_UDP_PLATFORM_MOVE
<17 Jul 2026 10:52:53> [TSimMgr_Client.LogEventRecv] <0031> CPID_UDP_PLATFORM_MOVE
<17 Jul 2026 10:52:53> [TSimMgr_Client.LogEventRecv] <0031> CPID_UDP_PLATFORM_MOVE
<17 Jul 2026 10:53:01> [TSimMgr_Client.LogEventRecv] <0031> CPID_UDP_PLATFORM_MOVE
<17 Jul 2026 10:53:01> [TSimMgr_Client.LogEventRecv] <0031> CPID_UDP_PLATFORM_MOVE
<17 Jul 2026 10:53:01> [TSimMgr_Client.LogEventRecv] <0031> CPID_UDP_PLATFORM_MOVE
<17 Jul 2026 10:53:01> [TSimMgr_Client.LogEventRecv] <0031> CPID_UDP_PLATFORM_MOVE
<17 Jul 2026 10:53:01> [TSimMgr_Client.LogEventRecv] <0031> CPID_UDP_PLATFORM_MOVE
<17 Jul 2026 10:53:09> [TSimMgr_Client.LogEventRecv] <0031> CPID_UDP_PLATFORM_MOVE
<17 Jul 2026 10:53:09> [TSimMgr_Client.LogEventRecv] <0031> CPID_UDP_PLATFORM_MOVE
<17 Jul 2026 10:53:09> [TSimMgr_Client.LogEventRecv] <0031> CPID_UDP_PLATFORM_MOVE
<17 Jul 2026 10:53:09> [TSimMgr_Client.LogEventRecv] <0031> CPID_UDP_PLATFORM_MOVE
<17 Jul 2026 10:53:09> [TSimMgr_Client.LogEventRecv] <0031> CPID_UDP_PLATFORM_MOVE
<17 Jul 2026 10:53:17> [TSimMgr_Client.LogEventRecv] <0031> CPID_UDP_PLATFORM_MOVE
<17 Jul 2026 10:53:17> [TSimMgr_Client.LogEventRecv] <0031> CPID_UDP_PLATFORM_MOVE
<17 Jul 2026 10:53:17> [TSimMgr_Client.LogEventRecv] <0031> CPID_UDP_PLATFORM_MOVE
<17 Jul 2026 10:53:17> [TSimMgr_Client.LogEventRecv] <0031> CPID_UDP_PLATFORM_MOVE
<17 Jul 2026 10:53:17> [TSimMgr_Client.LogEventRecv] <0031> CPID_UDP_PLATFORM_MOVE
<17 Jul 2026 10:53:25> [TSimMgr_Client.LogEventRecv] <0031> CPID_UDP_PLATFORM_MOVE
<17 Jul 2026 10:53:25> [TSimMgr_Client.LogEventRecv] <0031> CPID_UDP_PLATFORM_MOVE
<17 Jul 2026 10:53:25> [TSimMgr_Client.LogEventRecv] <0031> CPID_UDP_PLATFORM_MOVE
<17 Jul 2026 10:53:25> [TSimMgr_Client.LogEventRecv] <0031> CPID_UDP_PLATFORM_MOVE
<17 Jul 2026 10:53:25> [TSimMgr_Client.LogEventRecv] <0031> CPID_UDP_PLATFORM_MOVE
<17 Jul 2026 10:53:33> [TSimMgr_Client.LogEventRecv] <0031> CPID_UDP_PLATFORM_MOVE
<17 Jul 2026 10:53:33> [TSimMgr_Client.LogEventRecv] <0031> CPID_UDP_PLATFORM_MOVE
<17 Jul 2026 10:53:33> [TSimMgr_Client.LogEventRecv] <0031> CPID_UDP_PLATFORM_MOVE
<17 Jul 2026 10:53:33> [TSimMgr_Client.LogEventRecv] <0031> CPID_UDP_PLATFORM_MOVE
<17 Jul 2026 10:53:33> [TSimMgr_Client.LogEventRecv] <0031> CPID_UDP_PLATFORM_MOVE
<17 Jul 2026 10:53:41> [TSimMgr_Client.LogEventRecv] <0031> CPID_UDP_PLATFORM_MOVE
<17 Jul 2026 10:53:41> [TSimMgr_Client.LogEventRecv] <0031> CPID_UDP_PLATFORM_MOVE
<17 Jul 2026 10:53:41> [TSimMgr_Client.LogEventRecv] <0031> CPID_UDP_PLATFORM_MOVE
<17 Jul 2026 10:53:41> [TSimMgr_Client.LogEventRecv] <0031> CPID_UDP_PLATFORM_MOVE
<17 Jul 2026 10:53:41> [TSimMgr_Client.LogEventRecv] <0031> CPID_UDP_PLATFORM_MOVE
<17 Jul 2026 10:53:49> [TSimMgr_Client.LogEventRecv] <0031> CPID_UDP_PLATFORM_MOVE
<17 Jul 2026 10:53:49> [TSimMgr_Client.LogEventRecv] <0031> CPID_UDP_PLATFORM_MOVE
<17 Jul 2026 10:53:49> [TSimMgr_Client.LogEventRecv] <0031> CPID_UDP_PLATFORM_MOVE
<17 Jul 2026 10:53:49> [TSimMgr_Client.LogEventRecv] <0031> CPID_UDP_PLATFORM_MOVE
<17 Jul 2026 10:53:49> [TSimMgr_Client.LogEventRecv] <0031> CPID_UDP_PLATFORM_MOVE
<17 Jul 2026 10:53:57> [TSimMgr_Client.LogEventRecv] <0031> CPID_UDP_PLATFORM_MOVE
<17 Jul 2026 10:53:57> [TSimMgr_Client.LogEventRecv] <0031> CPID_UDP_PLATFORM_MOVE
<17 Jul 2026 10:53:57> [TSimMgr_Client.LogEventRecv] <0031> CPID_UDP_PLATFORM_MOVE
<17 Jul 2026 10:53:57> [TSimMgr_Client.LogEventRecv] <0031> CPID_UDP_PLATFORM_MOVE
<17 Jul 2026 10:53:57> [TSimMgr_Client.LogEventRecv] <0031> CPID_UDP_PLATFORM_MOVE
<17 Jul 2026 10:54:05> [TSimMgr_Client.LogEventRecv] <0031> CPID_UDP_PLATFORM_MOVE
<17 Jul 2026 10:54:05> [TSimMgr_Client.LogEventRecv] <0031> CPID_UDP_PLATFORM_MOVE
<17 Jul 2026 10:54:05> [TSimMgr_Client.LogEventRecv] <0031> CPID_UDP_PLATFORM_MOVE
<17 Jul 2026 10:54:05> [TSimMgr_Client.LogEventRecv] <0031> CPID_UDP_PLATFORM_MOVE
<17 Jul 2026 10:54:05> [TSimMgr_Client.LogEventRecv] <0031> CPID_UDP_PLATFORM_MOVE
<17 Jul 2026 10:54:13> [TSimMgr_Client.LogEventRecv] <0031> CPID_UDP_PLATFORM_MOVE
<17 Jul 2026 10:54:13> [TSimMgr_Client.LogEventRecv] <0031> CPID_UDP_PLATFORM_MOVE
<17 Jul 2026 10:54:13> [TSimMgr_Client.LogEventRecv] <0031> CPID_UDP_PLATFORM_MOVE
<17 Jul 2026 10:54:13> [TSimMgr_Client.LogEventRecv] <0031> CPID_UDP_PLATFORM_MOVE
<17 Jul 2026 10:54:13> [TSimMgr_Client.LogEventRecv] <0031> CPID_UDP_PLATFORM_MOVE
<17 Jul 2026 10:54:21> [TSimMgr_Client.LogEventRecv] <0031> CPID_UDP_PLATFORM_MOVE
<17 Jul 2026 10:54:21> [TSimMgr_Client.LogEventRecv] <0031> CPID_UDP_PLATFORM_MOVE
<17 Jul 2026 10:54:21> [TSimMgr_Client.LogEventRecv] <0031> CPID_UDP_PLATFORM_MOVE
<17 Jul 2026 10:54:21> [TSimMgr_Client.LogEventRecv] <0031> CPID_UDP_PLATFORM_MOVE
<17 Jul 2026 10:54:21> [TSimMgr_Client.LogEventRecv] <0031> CPID_UDP_PLATFORM_MOVE
<17 Jul 2026 10:54:29> [TSimMgr_Client.LogEventRecv] <0031> CPID_UDP_PLATFORM_MOVE
<17 Jul 2026 10:54:29> [TSimMgr_Client.LogEventRecv] <0031> CPID_UDP_PLATFORM_MOVE
<17 Jul 2026 10:54:29> [TSimMgr_Client.LogEventRecv] <0031> CPID_UDP_PLATFORM_MOVE
<17 Jul 2026 10:54:29> [TSimMgr_Client.LogEventRecv] <0031> CPID_UDP_PLATFORM_MOVE
<17 Jul 2026 10:54:29> [TSimMgr_Client.LogEventRecv] <0031> CPID_UDP_PLATFORM_MOVE
<17 Jul 2026 10:54:37> [TSimMgr_Client.LogEventRecv] <0031> CPID_UDP_PLATFORM_MOVE
<17 Jul 2026 10:54:37> [TSimMgr_Client.LogEventRecv] <0031> CPID_UDP_PLATFORM_MOVE
<17 Jul 2026 10:54:37> [TSimMgr_Client.LogEventRecv] <0031> CPID_UDP_PLATFORM_MOVE
<17 Jul 2026 10:54:37> [TSimMgr_Client.LogEventRecv] <0031> CPID_UDP_PLATFORM_MOVE
<17 Jul 2026 10:54:37> [TSimMgr_Client.LogEventRecv] <0031> CPID_UDP_PLATFORM_MOVE
<17 Jul 2026 10:54:45> [TSimMgr_Client.LogEventRecv] <0031> CPID_UDP_PLATFORM_MOVE
<17 Jul 2026 10:54:45> [TSimMgr_Client.LogEventRecv] <0031> CPID_UDP_PLATFORM_MOVE
<17 Jul 2026 10:54:45> [TSimMgr_Client.LogEventRecv] <0031> CPID_UDP_PLATFORM_MOVE
<17 Jul 2026 10:54:45> [TSimMgr_Client.LogEventRecv] <0031> CPID_UDP_PLATFORM_MOVE
<17 Jul 2026 10:54:45> [TSimMgr_Client.LogEventRecv] <0031> CPID_UDP_PLATFORM_MOVE
<17 Jul 2026 10:54:53> [TSimMgr_Client.LogEventRecv] <0031> CPID_UDP_PLATFORM_MOVE
<17 Jul 2026 10:54:53> [TSimMgr_Client.LogEventRecv] <0031> CPID_UDP_PLATFORM_MOVE
<17 Jul 2026 10:54:53> [TSimMgr_Client.LogEventRecv] <0031> CPID_UDP_PLATFORM_MOVE
<17 Jul 2026 10:54:53> [TSimMgr_Client.LogEventRecv] <0031> CPID_UDP_PLATFORM_MOVE
<17 Jul 2026 10:54:53> [TSimMgr_Client.LogEventRecv] <0031> CPID_UDP_PLATFORM_MOVE
<17 Jul 2026 10:55:01> [TSimMgr_Client.LogEventRecv] <0031> CPID_UDP_PLATFORM_MOVE
<17 Jul 2026 10:55:01> [TSimMgr_Client.LogEventRecv] <0031> CPID_UDP_PLATFORM_MOVE
<17 Jul 2026 10:55:01> [TSimMgr_Client.LogEventRecv] <0031> CPID_UDP_PLATFORM_MOVE
<17 Jul 2026 10:55:01> [TSimMgr_Client.LogEventRecv] <0031> CPID_UDP_PLATFORM_MOVE
<17 Jul 2026 10:55:01> [TSimMgr_Client.LogEventRecv] <0031> CPID_UDP_PLATFORM_MOVE
<17 Jul 2026 10:55:09> [TSimMgr_Client.LogEventRecv] <0031> CPID_UDP_PLATFORM_MOVE
<17 Jul 2026 10:55:09> [TSimMgr_Client.LogEventRecv] <0031> CPID_UDP_PLATFORM_MOVE
<17 Jul 2026 10:55:09> [TSimMgr_Client.LogEventRecv] <0031> CPID_UDP_PLATFORM_MOVE
<17 Jul 2026 10:55:09> [TSimMgr_Client.LogEventRecv] <0031> CPID_UDP_PLATFORM_MOVE
<17 Jul 2026 10:55:09> [TSimMgr_Client.LogEventRecv] <0031> CPID_UDP_PLATFORM_MOVE
<17 Jul 2026 10:55:17> [TSimMgr_Client.LogEventRecv] <0031> CPID_UDP_PLATFORM_MOVE
<17 Jul 2026 10:55:17> [TSimMgr_Client.LogEventRecv] <0031> CPID_UDP_PLATFORM_MOVE
<17 Jul 2026 10:55:17> [TSimMgr_Client.LogEventRecv] <0031> CPID_UDP_PLATFORM_MOVE
<17 Jul 2026 10:55:17> [TSimMgr_Client.LogEventRecv] <0031> CPID_UDP_PLATFORM_MOVE
<17 Jul 2026 10:55:17> [TSimMgr_Client.LogEventRecv] <0031> CPID_UDP_PLATFORM_MOVE
<17 Jul 2026 10:55:25> [TSimMgr_Client.LogEventRecv] <0031> CPID_UDP_PLATFORM_MOVE
<17 Jul 2026 10:55:25> [TSimMgr_Client.LogEventRecv] <0031> CPID_UDP_PLATFORM_MOVE
<17 Jul 2026 10:55:25> [TSimMgr_Client.LogEventRecv] <0031> CPID_UDP_PLATFORM_MOVE
<17 Jul 2026 10:55:25> [TSimMgr_Client.LogEventRecv] <0031> CPID_UDP_PLATFORM_MOVE
<17 Jul 2026 10:55:25> [TSimMgr_Client.LogEventRecv] <0031> CPID_UDP_PLATFORM_MOVE
<17 Jul 2026 10:55:33> [TSimMgr_Client.LogEventRecv] <0031> CPID_UDP_PLATFORM_MOVE
<17 Jul 2026 10:55:33> [TSimMgr_Client.LogEventRecv] <0031> CPID_UDP_PLATFORM_MOVE
<17 Jul 2026 10:55:33> [TSimMgr_Client.LogEventRecv] <0031> CPID_UDP_PLATFORM_MOVE
<17 Jul 2026 10:55:33> [TSimMgr_Client.LogEventRecv] <0031> CPID_UDP_PLATFORM_MOVE
<17 Jul 2026 10:55:33> [TSimMgr_Client.LogEventRecv] <0031> CPID_UDP_PLATFORM_MOVE
<17 Jul 2026 10:55:41> [TSimMgr_Client.LogEventRecv] <0031> CPID_UDP_PLATFORM_MOVE
<17 Jul 2026 10:55:41> [TSimMgr_Client.LogEventRecv] <0031> CPID_UDP_PLATFORM_MOVE
<17 Jul 2026 10:55:41> [TSimMgr_Client.LogEventRecv] <0031> CPID_UDP_PLATFORM_MOVE
<17 Jul 2026 10:55:41> [TSimMgr_Client.LogEventRecv] <0031> CPID_UDP_PLATFORM_MOVE
<17 Jul 2026 10:55:41> [TSimMgr_Client.LogEventRecv] <0031> CPID_UDP_PLATFORM_MOVE
<17 Jul 2026 10:55:49> [TSimMgr_Client.LogEventRecv] <0031> CPID_UDP_PLATFORM_MOVE
<17 Jul 2026 10:55:49> [TSimMgr_Client.LogEventRecv] <0031> CPID_UDP_PLATFORM_MOVE
<17 Jul 2026 10:55:49> [TSimMgr_Client.LogEventRecv] <0031> CPID_UDP_PLATFORM_MOVE
<17 Jul 2026 10:55:49> [TSimMgr_Client.LogEventRecv] <0031> CPID_UDP_PLATFORM_MOVE
<17 Jul 2026 10:55:49> [TSimMgr_Client.LogEventRecv] <0031> CPID_UDP_PLATFORM_MOVE
<17 Jul 2026 10:55:57> [TSimMgr_Client.LogEventRecv] <0031> CPID_UDP_PLATFORM_MOVE
<17 Jul 2026 10:55:57> [TSimMgr_Client.LogEventRecv] <0031> CPID_UDP_PLATFORM_MOVE
<17 Jul 2026 10:55:57> [TSimMgr_Client.LogEventRecv] <0031> CPID_UDP_PLATFORM_MOVE
<17 Jul 2026 10:55:57> [TSimMgr_Client.LogEventRecv] <0031> CPID_UDP_PLATFORM_MOVE
<17 Jul 2026 10:55:57> [TSimMgr_Client.LogEventRecv] <0031> CPID_UDP_PLATFORM_MOVE
<17 Jul 2026 10:56:05> [TSimMgr_Client.LogEventRecv] <0031> CPID_UDP_PLATFORM_MOVE
<17 Jul 2026 10:56:05> [TSimMgr_Client.LogEventRecv] <0031> CPID_UDP_PLATFORM_MOVE
<17 Jul 2026 10:56:05> [TSimMgr_Client.LogEventRecv] <0031> CPID_UDP_PLATFORM_MOVE
<17 Jul 2026 10:56:05> [TSimMgr_Client.LogEventRecv] <0031> CPID_UDP_PLATFORM_MOVE
<17 Jul 2026 10:56:05> [TSimMgr_Client.LogEventRecv] <0031> CPID_UDP_PLATFORM_MOVE
<17 Jul 2026 10:56:13> [TSimMgr_Client.LogEventRecv] <0031> CPID_UDP_PLATFORM_MOVE
<17 Jul 2026 10:56:13> [TSimMgr_Client.LogEventRecv] <0031> CPID_UDP_PLATFORM_MOVE
<17 Jul 2026 10:56:13> [TSimMgr_Client.LogEventRecv] <0031> CPID_UDP_PLATFORM_MOVE
<17 Jul 2026 10:56:13> [TSimMgr_Client.LogEventRecv] <0031> CPID_UDP_PLATFORM_MOVE
<17 Jul 2026 10:56:13> [TSimMgr_Client.LogEventRecv] <0031> CPID_UDP_PLATFORM_MOVE
<17 Jul 2026 10:56:21> [TSimMgr_Client.LogEventRecv] <0031> CPID_UDP_PLATFORM_MOVE
<17 Jul 2026 10:56:21> [TSimMgr_Client.LogEventRecv] <0031> CPID_UDP_PLATFORM_MOVE
<17 Jul 2026 10:56:21> [TSimMgr_Client.LogEventRecv] <0031> CPID_UDP_PLATFORM_MOVE
<17 Jul 2026 10:56:21> [TSimMgr_Client.LogEventRecv] <0031> CPID_UDP_PLATFORM_MOVE
<17 Jul 2026 10:56:21> [TSimMgr_Client.LogEventRecv] <0031> CPID_UDP_PLATFORM_MOVE
<17 Jul 2026 10:56:29> [TSimMgr_Client.LogEventRecv] <0031> CPID_UDP_PLATFORM_MOVE
<17 Jul 2026 10:56:29> [TSimMgr_Client.LogEventRecv] <0031> CPID_UDP_PLATFORM_MOVE
<17 Jul 2026 10:56:29> [TSimMgr_Client.LogEventRecv] <0031> CPID_UDP_PLATFORM_MOVE
<17 Jul 2026 10:56:29> [TSimMgr_Client.LogEventRecv] <0031> CPID_UDP_PLATFORM_MOVE
<17 Jul 2026 10:56:29> [TSimMgr_Client.LogEventRecv] <0031> CPID_UDP_PLATFORM_MOVE
<17 Jul 2026 10:56:37> [TSimMgr_Client.LogEventRecv] <0031> CPID_UDP_PLATFORM_MOVE
<17 Jul 2026 10:56:37> [TSimMgr_Client.LogEventRecv] <0031> CPID_UDP_PLATFORM_MOVE
<17 Jul 2026 10:56:37> [TSimMgr_Client.LogEventRecv] <0031> CPID_UDP_PLATFORM_MOVE
<17 Jul 2026 10:56:37> [TSimMgr_Client.LogEventRecv] <0031> CPID_UDP_PLATFORM_MOVE
<17 Jul 2026 10:56:37> [TSimMgr_Client.LogEventRecv] <0031> CPID_UDP_PLATFORM_MOVE
<17 Jul 2026 10:56:45> [TSimMgr_Client.LogEventRecv] <0031> CPID_UDP_PLATFORM_MOVE
<17 Jul 2026 10:56:45> [TSimMgr_Client.LogEventRecv] <0031> CPID_UDP_PLATFORM_MOVE
<17 Jul 2026 10:56:45> [TSimMgr_Client.LogEventRecv] <0031> CPID_UDP_PLATFORM_MOVE
<17 Jul 2026 10:56:45> [TSimMgr_Client.LogEventRecv] <0031> CPID_UDP_PLATFORM_MOVE
<17 Jul 2026 10:56:45> [TSimMgr_Client.LogEventRecv] <0031> CPID_UDP_PLATFORM_MOVE
<17 Jul 2026 10:56:53> [TSimMgr_Client.LogEventRecv] <0031> CPID_UDP_PLATFORM_MOVE
<17 Jul 2026 10:56:53> [TSimMgr_Client.LogEventRecv] <0031> CPID_UDP_PLATFORM_MOVE
<17 Jul 2026 10:56:53> [TSimMgr_Client.LogEventRecv] <0031> CPID_UDP_PLATFORM_MOVE
<17 Jul 2026 10:56:53> [TSimMgr_Client.LogEventRecv] <0031> CPID_UDP_PLATFORM_MOVE
<17 Jul 2026 10:56:53> [TSimMgr_Client.LogEventRecv] <0031> CPID_UDP_PLATFORM_MOVE
<17 Jul 2026 10:57:01> [TSimMgr_Client.LogEventRecv] <0031> CPID_UDP_PLATFORM_MOVE
<17 Jul 2026 10:57:01> [TSimMgr_Client.LogEventRecv] <0031> CPID_UDP_PLATFORM_MOVE
<17 Jul 2026 10:57:01> [TSimMgr_Client.LogEventRecv] <0031> CPID_UDP_PLATFORM_MOVE
<17 Jul 2026 10:57:01> [TSimMgr_Client.LogEventRecv] <0031> CPID_UDP_PLATFORM_MOVE
<17 Jul 2026 10:57:01> [TSimMgr_Client.LogEventRecv] <0031> CPID_UDP_PLATFORM_MOVE
<17 Jul 2026 10:57:09> [TSimMgr_Client.LogEventRecv] <0031> CPID_UDP_PLATFORM_MOVE
<17 Jul 2026 10:57:09> [TSimMgr_Client.LogEventRecv] <0031> CPID_UDP_PLATFORM_MOVE
<17 Jul 2026 10:57:09> [TSimMgr_Client.LogEventRecv] <0031> CPID_UDP_PLATFORM_MOVE
<17 Jul 2026 10:57:09> [TSimMgr_Client.LogEventRecv] <0031> CPID_UDP_PLATFORM_MOVE
<17 Jul 2026 10:57:09> [TSimMgr_Client.LogEventRecv] <0031> CPID_UDP_PLATFORM_MOVE
<17 Jul 2026 10:57:17> [TSimMgr_Client.LogEventRecv] <0031> CPID_UDP_PLATFORM_MOVE
<17 Jul 2026 10:57:17> [TSimMgr_Client.LogEventRecv] <0031> CPID_UDP_PLATFORM_MOVE
<17 Jul 2026 10:57:17> [TSimMgr_Client.LogEventRecv] <0031> CPID_UDP_PLATFORM_MOVE
<17 Jul 2026 10:57:17> [TSimMgr_Client.LogEventRecv] <0031> CPID_UDP_PLATFORM_MOVE
<17 Jul 2026 10:57:17> [TSimMgr_Client.LogEventRecv] <0031> CPID_UDP_PLATFORM_MOVE
<17 Jul 2026 10:57:25> [TSimMgr_Client.LogEventRecv] <0031> CPID_UDP_PLATFORM_MOVE
<17 Jul 2026 10:57:25> [TSimMgr_Client.LogEventRecv] <0031> CPID_UDP_PLATFORM_MOVE
<17 Jul 2026 10:57:25> [TSimMgr_Client.LogEventRecv] <0031> CPID_UDP_PLATFORM_MOVE
<17 Jul 2026 10:57:25> [TSimMgr_Client.LogEventRecv] <0031> CPID_UDP_PLATFORM_MOVE
<17 Jul 2026 10:57:25> [TSimMgr_Client.LogEventRecv] <0031> CPID_UDP_PLATFORM_MOVE
<17 Jul 2026 10:57:33> [TSimMgr_Client.LogEventRecv] <0031> CPID_UDP_PLATFORM_MOVE
<17 Jul 2026 10:57:33> [TSimMgr_Client.LogEventRecv] <0031> CPID_UDP_PLATFORM_MOVE
<17 Jul 2026 10:57:33> [TSimMgr_Client.LogEventRecv] <0031> CPID_UDP_PLATFORM_MOVE
<17 Jul 2026 10:57:33> [TSimMgr_Client.LogEventRecv] <0031> CPID_UDP_PLATFORM_MOVE
<17 Jul 2026 10:57:33> [TSimMgr_Client.LogEventRecv] <0031> CPID_UDP_PLATFORM_MOVE
<17 Jul 2026 10:57:41> [TSimMgr_Client.LogEventRecv] <0031> CPID_UDP_PLATFORM_MOVE
<17 Jul 2026 10:57:41> [TSimMgr_Client.LogEventRecv] <0031> CPID_UDP_PLATFORM_MOVE
<17 Jul 2026 10:57:41> [TSimMgr_Client.LogEventRecv] <0031> CPID_UDP_PLATFORM_MOVE
<17 Jul 2026 10:57:41> [TSimMgr_Client.LogEventRecv] <0031> CPID_UDP_PLATFORM_MOVE
<17 Jul 2026 10:57:41> [TSimMgr_Client.LogEventRecv] <0031> CPID_UDP_PLATFORM_MOVE
<17 Jul 2026 10:57:49> [TSimMgr_Client.LogEventRecv] <0031> CPID_UDP_PLATFORM_MOVE
<17 Jul 2026 10:57:49> [TSimMgr_Client.LogEventRecv] <0031> CPID_UDP_PLATFORM_MOVE
<17 Jul 2026 10:57:49> [TSimMgr_Client.LogEventRecv] <0031> CPID_UDP_PLATFORM_MOVE
<17 Jul 2026 10:57:49> [TSimMgr_Client.LogEventRecv] <0031> CPID_UDP_PLATFORM_MOVE
<17 Jul 2026 10:57:49> [TSimMgr_Client.LogEventRecv] <0031> CPID_UDP_PLATFORM_MOVE
<17 Jul 2026 10:57:57> [TSimMgr_Client.LogEventRecv] <0031> CPID_UDP_PLATFORM_MOVE
<17 Jul 2026 10:57:57> [TSimMgr_Client.LogEventRecv] <0031> CPID_UDP_PLATFORM_MOVE
<17 Jul 2026 10:57:57> [TSimMgr_Client.LogEventRecv] <0031> CPID_UDP_PLATFORM_MOVE
<17 Jul 2026 10:57:57> [TSimMgr_Client.LogEventRecv] <0031> CPID_UDP_PLATFORM_MOVE
<17 Jul 2026 10:57:57> [TSimMgr_Client.LogEventRecv] <0031> CPID_UDP_PLATFORM_MOVE
<17 Jul 2026 10:58:05> [TSimMgr_Client.LogEventRecv] <0031> CPID_UDP_PLATFORM_MOVE
<17 Jul 2026 10:58:05> [TSimMgr_Client.LogEventRecv] <0031> CPID_UDP_PLATFORM_MOVE
<17 Jul 2026 10:58:05> [TSimMgr_Client.LogEventRecv] <0031> CPID_UDP_PLATFORM_MOVE
<17 Jul 2026 10:58:05> [TSimMgr_Client.LogEventRecv] <0031> CPID_UDP_PLATFORM_MOVE
<17 Jul 2026 10:58:05> [TSimMgr_Client.LogEventRecv] <0031> CPID_UDP_PLATFORM_MOVE
<17 Jul 2026 10:58:13> [TSimMgr_Client.LogEventRecv] <0031> CPID_UDP_PLATFORM_MOVE
<17 Jul 2026 10:58:13> [TSimMgr_Client.LogEventRecv] <0031> CPID_UDP_PLATFORM_MOVE
<17 Jul 2026 10:58:13> [TSimMgr_Client.LogEventRecv] <0031> CPID_UDP_PLATFORM_MOVE
<17 Jul 2026 10:58:13> [TSimMgr_Client.LogEventRecv] <0031> CPID_UDP_PLATFORM_MOVE
<17 Jul 2026 10:58:13> [TSimMgr_Client.LogEventRecv] <0031> CPID_UDP_PLATFORM_MOVE
<17 Jul 2026 10:58:21> [TSimMgr_Client.LogEventRecv] <0031> CPID_UDP_PLATFORM_MOVE
<17 Jul 2026 10:58:21> [TSimMgr_Client.LogEventRecv] <0031> CPID_UDP_PLATFORM_MOVE
<17 Jul 2026 10:58:21> [TSimMgr_Client.LogEventRecv] <0031> CPID_UDP_PLATFORM_MOVE
<17 Jul 2026 10:58:21> [TSimMgr_Client.LogEventRecv] <0031> CPID_UDP_PLATFORM_MOVE
<17 Jul 2026 10:58:21> [TSimMgr_Client.LogEventRecv] <0031> CPID_UDP_PLATFORM_MOVE
<17 Jul 2026 10:58:29> [TSimMgr_Client.LogEventRecv] <0031> CPID_UDP_PLATFORM_MOVE
<17 Jul 2026 10:58:29> [TSimMgr_Client.LogEventRecv] <0031> CPID_UDP_PLATFORM_MOVE
<17 Jul 2026 10:58:29> [TSimMgr_Client.LogEventRecv] <0031> CPID_UDP_PLATFORM_MOVE
<17 Jul 2026 10:58:29> [TSimMgr_Client.LogEventRecv] <0031> CPID_UDP_PLATFORM_MOVE
<17 Jul 2026 10:58:29> [TSimMgr_Client.LogEventRecv] <0031> CPID_UDP_PLATFORM_MOVE
<17 Jul 2026 10:58:37> [TSimMgr_Client.LogEventRecv] <0031> CPID_UDP_PLATFORM_MOVE
<17 Jul 2026 10:58:37> [TSimMgr_Client.LogEventRecv] <0031> CPID_UDP_PLATFORM_MOVE
<17 Jul 2026 10:58:37> [TSimMgr_Client.LogEventRecv] <0031> CPID_UDP_PLATFORM_MOVE
<17 Jul 2026 10:58:37> [TSimMgr_Client.LogEventRecv] <0031> CPID_UDP_PLATFORM_MOVE
<17 Jul 2026 10:58:37> [TSimMgr_Client.LogEventRecv] <0031> CPID_UDP_PLATFORM_MOVE
<17 Jul 2026 10:58:45> [TSimMgr_Client.LogEventRecv] <0031> CPID_UDP_PLATFORM_MOVE
<17 Jul 2026 10:58:45> [TSimMgr_Client.LogEventRecv] <0031> CPID_UDP_PLATFORM_MOVE
<17 Jul 2026 10:58:45> [TSimMgr_Client.LogEventRecv] <0031> CPID_UDP_PLATFORM_MOVE
<17 Jul 2026 10:58:45> [TSimMgr_Client.LogEventRecv] <0031> CPID_UDP_PLATFORM_MOVE
<17 Jul 2026 10:58:45> [TSimMgr_Client.LogEventRecv] <0031> CPID_UDP_PLATFORM_MOVE
<17 Jul 2026 10:58:53> [TSimMgr_Client.LogEventRecv] <0031> CPID_UDP_PLATFORM_MOVE
<17 Jul 2026 10:58:53> [TSimMgr_Client.LogEventRecv] <0031> CPID_UDP_PLATFORM_MOVE
<17 Jul 2026 10:58:53> [TSimMgr_Client.LogEventRecv] <0031> CPID_UDP_PLATFORM_MOVE
<17 Jul 2026 10:58:53> [TSimMgr_Client.LogEventRecv] <0031> CPID_UDP_PLATFORM_MOVE
<17 Jul 2026 10:58:53> [TSimMgr_Client.LogEventRecv] <0031> CPID_UDP_PLATFORM_MOVE
<17 Jul 2026 10:59:01> [TSimMgr_Client.LogEventRecv] <0031> CPID_UDP_PLATFORM_MOVE
<17 Jul 2026 10:59:01> [TSimMgr_Client.LogEventRecv] <0031> CPID_UDP_PLATFORM_MOVE
<17 Jul 2026 10:59:01> [TSimMgr_Client.LogEventRecv] <0031> CPID_UDP_PLATFORM_MOVE
<17 Jul 2026 10:59:01> [TSimMgr_Client.LogEventRecv] <0031> CPID_UDP_PLATFORM_MOVE
<17 Jul 2026 10:59:01> [TSimMgr_Client.LogEventRecv] <0031> CPID_UDP_PLATFORM_MOVE
<17 Jul 2026 10:59:09> [TSimMgr_Client.LogEventRecv] <0031> CPID_UDP_PLATFORM_MOVE
<17 Jul 2026 10:59:09> [TSimMgr_Client.LogEventRecv] <0031> CPID_UDP_PLATFORM_MOVE
<17 Jul 2026 10:59:09> [TSimMgr_Client.LogEventRecv] <0031> CPID_UDP_PLATFORM_MOVE
<17 Jul 2026 10:59:09> [TSimMgr_Client.LogEventRecv] <0031> CPID_UDP_PLATFORM_MOVE
<17 Jul 2026 10:59:09> [TSimMgr_Client.LogEventRecv] <0031> CPID_UDP_PLATFORM_MOVE
<17 Jul 2026 10:59:17> [TSimMgr_Client.LogEventRecv] <0031> CPID_UDP_PLATFORM_MOVE
<17 Jul 2026 10:59:17> [TSimMgr_Client.LogEventRecv] <0031> CPID_UDP_PLATFORM_MOVE
<17 Jul 2026 10:59:17> [TSimMgr_Client.LogEventRecv] <0031> CPID_UDP_PLATFORM_MOVE
<17 Jul 2026 10:59:17> [TSimMgr_Client.LogEventRecv] <0031> CPID_UDP_PLATFORM_MOVE
<17 Jul 2026 10:59:17> [TSimMgr_Client.LogEventRecv] <0031> CPID_UDP_PLATFORM_MOVE
<17 Jul 2026 10:59:25> [TSimMgr_Client.LogEventRecv] <0031> CPID_UDP_PLATFORM_MOVE
<17 Jul 2026 10:59:25> [TSimMgr_Client.LogEventRecv] <0031> CPID_UDP_PLATFORM_MOVE
<17 Jul 2026 10:59:25> [TSimMgr_Client.LogEventRecv] <0031> CPID_UDP_PLATFORM_MOVE
<17 Jul 2026 10:59:25> [TSimMgr_Client.LogEventRecv] <0031> CPID_UDP_PLATFORM_MOVE
<17 Jul 2026 10:59:25> [TSimMgr_Client.LogEventRecv] <0031> CPID_UDP_PLATFORM_MOVE
<17 Jul 2026 10:59:33> [TSimMgr_Client.LogEventRecv] <0031> CPID_UDP_PLATFORM_MOVE
<17 Jul 2026 10:59:33> [TSimMgr_Client.LogEventRecv] <0031> CPID_UDP_PLATFORM_MOVE
<17 Jul 2026 10:59:33> [TSimMgr_Client.LogEventRecv] <0031> CPID_UDP_PLATFORM_MOVE
<17 Jul 2026 10:59:33> [TSimMgr_Client.LogEventRecv] <0031> CPID_UDP_PLATFORM_MOVE
<17 Jul 2026 10:59:33> [TSimMgr_Client.LogEventRecv] <0031> CPID_UDP_PLATFORM_MOVE
<17 Jul 2026 10:59:41> [TSimMgr_Client.LogEventRecv] <0031> CPID_UDP_PLATFORM_MOVE
<17 Jul 2026 10:59:41> [TSimMgr_Client.LogEventRecv] <0031> CPID_UDP_PLATFORM_MOVE
<17 Jul 2026 10:59:41> [TSimMgr_Client.LogEventRecv] <0031> CPID_UDP_PLATFORM_MOVE
<17 Jul 2026 10:59:41> [TSimMgr_Client.LogEventRecv] <0031> CPID_UDP_PLATFORM_MOVE
<17 Jul 2026 10:59:41> [TSimMgr_Client.LogEventRecv] <0031> CPID_UDP_PLATFORM_MOVE
<17 Jul 2026 10:59:49> [TSimMgr_Client.LogEventRecv] <0031> CPID_UDP_PLATFORM_MOVE
<17 Jul 2026 10:59:49> [TSimMgr_Client.LogEventRecv] <0031> CPID_UDP_PLATFORM_MOVE
<17 Jul 2026 10:59:49> [TSimMgr_Client.LogEventRecv] <0031> CPID_UDP_PLATFORM_MOVE
<17 Jul 2026 10:59:49> [TSimMgr_Client.LogEventRecv] <0031> CPID_UDP_PLATFORM_MOVE
<17 Jul 2026 10:59:49> [TSimMgr_Client.LogEventRecv] <0031> CPID_UDP_PLATFORM_MOVE
<17 Jul 2026 10:59:57> [TSimMgr_Client.LogEventRecv] <0031> CPID_UDP_PLATFORM_MOVE
<17 Jul 2026 10:59:57> [TSimMgr_Client.LogEventRecv] <0031> CPID_UDP_PLATFORM_MOVE
<17 Jul 2026 10:59:57> [TSimMgr_Client.LogEventRecv] <0031> CPID_UDP_PLATFORM_MOVE
<17 Jul 2026 10:59:57> [TSimMgr_Client.LogEventRecv] <0031> CPID_UDP_PLATFORM_MOVE
<17 Jul 2026 10:59:57> [TSimMgr_Client.LogEventRecv] <0031> CPID_UDP_PLATFORM_MOVE
<17 Jul 2026 11:00:05> [TSimMgr_Client.LogEventRecv] <0031> CPID_UDP_PLATFORM_MOVE
<17 Jul 2026 11:00:05> [TSimMgr_Client.LogEventRecv] <0031> CPID_UDP_PLATFORM_MOVE
<17 Jul 2026 11:00:05> [TSimMgr_Client.LogEventRecv] <0031> CPID_UDP_PLATFORM_MOVE
<17 Jul 2026 11:00:05> [TSimMgr_Client.LogEventRecv] <0031> CPID_UDP_PLATFORM_MOVE
<17 Jul 2026 11:00:05> [TSimMgr_Client.LogEventRecv] <0031> CPID_UDP_PLATFORM_MOVE
<17 Jul 2026 11:00:13> [TSimMgr_Client.LogEventRecv] <0031> CPID_UDP_PLATFORM_MOVE
<17 Jul 2026 11:00:13> [TSimMgr_Client.LogEventRecv] <0031> CPID_UDP_PLATFORM_MOVE
<17 Jul 2026 11:00:13> [TSimMgr_Client.LogEventRecv] <0031> CPID_UDP_PLATFORM_MOVE
<17 Jul 2026 11:00:13> [TSimMgr_Client.LogEventRecv] <0031> CPID_UDP_PLATFORM_MOVE
<17 Jul 2026 11:00:13> [TSimMgr_Client.LogEventRecv] <0031> CPID_UDP_PLATFORM_MOVE
<17 Jul 2026 11:00:21> [TSimMgr_Client.LogEventRecv] <0031> CPID_UDP_PLATFORM_MOVE
<17 Jul 2026 11:00:21> [TSimMgr_Client.LogEventRecv] <0031> CPID_UDP_PLATFORM_MOVE
<17 Jul 2026 11:00:21> [TSimMgr_Client.LogEventRecv] <0031> CPID_UDP_PLATFORM_MOVE
<17 Jul 2026 11:00:21> [TSimMgr_Client.LogEventRecv] <0031> CPID_UDP_PLATFORM_MOVE
<17 Jul 2026 11:00:21> [TSimMgr_Client.LogEventRecv] <0031> CPID_UDP_PLATFORM_MOVE
<17 Jul 2026 11:00:29> [TSimMgr_Client.LogEventRecv] <0031> CPID_UDP_PLATFORM_MOVE
<17 Jul 2026 11:00:29> [TSimMgr_Client.LogEventRecv] <0031> CPID_UDP_PLATFORM_MOVE
<17 Jul 2026 11:00:29> [TSimMgr_Client.LogEventRecv] <0031> CPID_UDP_PLATFORM_MOVE
<17 Jul 2026 11:00:29> [TSimMgr_Client.LogEventRecv] <0031> CPID_UDP_PLATFORM_MOVE
<17 Jul 2026 11:00:29> [TSimMgr_Client.LogEventRecv] <0031> CPID_UDP_PLATFORM_MOVE
<17 Jul 2026 11:00:37> [TSimMgr_Client.LogEventRecv] <0031> CPID_UDP_PLATFORM_MOVE
<17 Jul 2026 11:00:37> [TSimMgr_Client.LogEventRecv] <0031> CPID_UDP_PLATFORM_MOVE
<17 Jul 2026 11:00:37> [TSimMgr_Client.LogEventRecv] <0031> CPID_UDP_PLATFORM_MOVE
<17 Jul 2026 11:00:37> [TSimMgr_Client.LogEventRecv] <0031> CPID_UDP_PLATFORM_MOVE
<17 Jul 2026 11:00:37> [TSimMgr_Client.LogEventRecv] <0031> CPID_UDP_PLATFORM_MOVE
<17 Jul 2026 11:00:45> [TSimMgr_Client.LogEventRecv] <0031> CPID_UDP_PLATFORM_MOVE
<17 Jul 2026 11:00:45> [TSimMgr_Client.LogEventRecv] <0031> CPID_UDP_PLATFORM_MOVE
<17 Jul 2026 11:00:45> [TSimMgr_Client.LogEventRecv] <0031> CPID_UDP_PLATFORM_MOVE
<17 Jul 2026 11:00:45> [TSimMgr_Client.LogEventRecv] <0031> CPID_UDP_PLATFORM_MOVE
<17 Jul 2026 11:00:45> [TSimMgr_Client.LogEventRecv] <0031> CPID_UDP_PLATFORM_MOVE
<17 Jul 2026 11:00:53> [TSimMgr_Client.LogEventRecv] <0031> CPID_UDP_PLATFORM_MOVE
<17 Jul 2026 11:00:53> [TSimMgr_Client.LogEventRecv] <0031> CPID_UDP_PLATFORM_MOVE
<17 Jul 2026 11:00:53> [TSimMgr_Client.LogEventRecv] <0031> CPID_UDP_PLATFORM_MOVE
<17 Jul 2026 11:00:53> [TSimMgr_Client.LogEventRecv] <0031> CPID_UDP_PLATFORM_MOVE
<17 Jul 2026 11:00:53> [TSimMgr_Client.LogEventRecv] <0031> CPID_UDP_PLATFORM_MOVE
<17 Jul 2026 11:01:01> [TSimMgr_Client.LogEventRecv] <0031> CPID_UDP_PLATFORM_MOVE
<17 Jul 2026 11:01:01> [TSimMgr_Client.LogEventRecv] <0031> CPID_UDP_PLATFORM_MOVE
<17 Jul 2026 11:01:01> [TSimMgr_Client.LogEventRecv] <0031> CPID_UDP_PLATFORM_MOVE
<17 Jul 2026 11:01:01> [TSimMgr_Client.LogEventRecv] <0031> CPID_UDP_PLATFORM_MOVE
<17 Jul 2026 11:01:01> [TSimMgr_Client.LogEventRecv] <0031> CPID_UDP_PLATFORM_MOVE
<17 Jul 2026 11:01:09> [TSimMgr_Client.LogEventRecv] <0031> CPID_UDP_PLATFORM_MOVE
<17 Jul 2026 11:01:09> [TSimMgr_Client.LogEventRecv] <0031> CPID_UDP_PLATFORM_MOVE
<17 Jul 2026 11:01:09> [TSimMgr_Client.LogEventRecv] <0031> CPID_UDP_PLATFORM_MOVE
<17 Jul 2026 11:01:09> [TSimMgr_Client.LogEventRecv] <0031> CPID_UDP_PLATFORM_MOVE
<17 Jul 2026 11:01:09> [TSimMgr_Client.LogEventRecv] <0031> CPID_UDP_PLATFORM_MOVE
<17 Jul 2026 11:01:17> [TSimMgr_Client.LogEventRecv] <0031> CPID_UDP_PLATFORM_MOVE
<17 Jul 2026 11:01:17> [TSimMgr_Client.LogEventRecv] <0031> CPID_UDP_PLATFORM_MOVE
<17 Jul 2026 11:01:17> [TSimMgr_Client.LogEventRecv] <0031> CPID_UDP_PLATFORM_MOVE
<17 Jul 2026 11:01:17> [TSimMgr_Client.LogEventRecv] <0031> CPID_UDP_PLATFORM_MOVE
<17 Jul 2026 11:01:17> [TSimMgr_Client.LogEventRecv] <0031> CPID_UDP_PLATFORM_MOVE
<17 Jul 2026 11:01:25> [TSimMgr_Client.LogEventRecv] <0031> CPID_UDP_PLATFORM_MOVE
<17 Jul 2026 11:01:25> [TSimMgr_Client.LogEventRecv] <0031> CPID_UDP_PLATFORM_MOVE
<17 Jul 2026 11:01:25> [TSimMgr_Client.LogEventRecv] <0031> CPID_UDP_PLATFORM_MOVE
<17 Jul 2026 11:01:25> [TSimMgr_Client.LogEventRecv] <0031> CPID_UDP_PLATFORM_MOVE
<17 Jul 2026 11:01:25> [TSimMgr_Client.LogEventRecv] <0031> CPID_UDP_PLATFORM_MOVE
<17 Jul 2026 11:01:33> [TSimMgr_Client.LogEventRecv] <0031> CPID_UDP_PLATFORM_MOVE
<17 Jul 2026 11:01:33> [TSimMgr_Client.LogEventRecv] <0031> CPID_UDP_PLATFORM_MOVE
<17 Jul 2026 11:01:33> [TSimMgr_Client.LogEventRecv] <0031> CPID_UDP_PLATFORM_MOVE
<17 Jul 2026 11:01:33> [TSimMgr_Client.LogEventRecv] <0031> CPID_UDP_PLATFORM_MOVE
<17 Jul 2026 11:01:33> [TSimMgr_Client.LogEventRecv] <0031> CPID_UDP_PLATFORM_MOVE
<17 Jul 2026 11:01:33> [TSimMgr_Client.LogEventRecv] <0031> CPID_UDP_PLATFORM_MOVE
<17 Jul 2026 11:01:33> [TSimMgr_Client.LogEventRecv] <0031> CPID_UDP_PLATFORM_MOVE
<17 Jul 2026 11:01:33> [TSimMgr_Client.LogEventRecv] <0031> CPID_UDP_PLATFORM_MOVE
<17 Jul 2026 11:01:33> [TSimMgr_Client.LogEventRecv] <0031> CPID_UDP_PLATFORM_MOVE
<17 Jul 2026 11:01:33> [TSimMgr_Client.LogEventRecv] <0031> CPID_UDP_PLATFORM_MOVE
<17 Jul 2026 11:01:33> [TSimMgr_Client.LogEventRecv] <0031> CPID_UDP_PLATFORM_MOVE
<17 Jul 2026 11:01:33> [TSimMgr_Client.LogEventRecv] <0031> CPID_UDP_PLATFORM_MOVE
<17 Jul 2026 11:01:33> [TSimMgr_Client.LogEventRecv] <0031> CPID_UDP_PLATFORM_MOVE
<17 Jul 2026 11:01:33> [TSimMgr_Client.LogEventRecv] <0031> CPID_UDP_PLATFORM_MOVE
<17 Jul 2026 11:11:57> [TSimMgr_Client.LogEventRecv] <0031> CPID_UDP_PLATFORM_MOVE
<17 Jul 2026 11:11:57> [TSimMgr_Client.LogEventRecv] <0031> CPID_UDP_PLATFORM_MOVE
<17 Jul 2026 11:11:57> [TSimMgr_Client.LogEventRecv] <0031> CPID_UDP_PLATFORM_MOVE
<17 Jul 2026 11:11:57> [TSimMgr_Client.LogEventRecv] <0031> CPID_UDP_PLATFORM_MOVE
<17 Jul 2026 11:11:57> [TSimMgr_Client.LogEventRecv] <0031> CPID_UDP_PLATFORM_MOVE
<17 Jul 2026 11:11:57> [TSimMgr_Client.LogEventRecv] <0031> CPID_UDP_PLATFORM_MOVE
<17 Jul 2026 11:11:57> [TSimMgr_Client.LogEventRecv] <0031> CPID_UDP_PLATFORM_MOVE
<17 Jul 2026 11:11:57> [TSimMgr_Client.LogEventRecv] <0031> CPID_UDP_PLATFORM_MOVE
<17 Jul 2026 11:11:57> [TSimMgr_Client.LogEventRecv] <0031> CPID_UDP_PLATFORM_MOVE
<17 Jul 2026 11:11:57> [TSimMgr_Client.LogEventRecv] <0031> CPID_UDP_PLATFORM_MOVE
<17 Jul 2026 11:24:13> [TSimMgr_Client.LogEventRecv] <0031> CPID_UDP_PLATFORM_MOVE
<17 Jul 2026 11:24:13> [TSimMgr_Client.LogEventRecv] <0031> CPID_UDP_PLATFORM_MOVE
<17 Jul 2026 11:24:13> [TSimMgr_Client.LogEventRecv] <0031> CPID_UDP_PLATFORM_MOVE
<17 Jul 2026 11:24:13> [TSimMgr_Client.LogEventRecv] <0031> CPID_UDP_PLATFORM_MOVE
<17 Jul 2026 11:24:13> [TSimMgr_Client.LogEventRecv] <0034> CPID_UDP_GAMECTRL_INFO
<17 Jul 2026 11:24:13> [TSimMgr_Client.LogEventRecv] <0034> CPID_UDP_GAMECTRL_INFO
<17 Jul 2026 11:24:13> [TSimMgr_Client.LogEventRecv] <0034> CPID_UDP_GAMECTRL_INFO
<17 Jul 2026 11:24:13> [TSimMgr_Client.LogEventRecv] <0034> CPID_UDP_GAMECTRL_INFO
<17 Jul 2026 11:24:13> [TSimMgr_Client.LogEventRecv] <0034> CPID_UDP_GAMECTRL_INFO
<17 Jul 2026 11:24:13> [TSimMgr_Client.LogEventRecv] <0034> CPID_UDP_GAMECTRL_INFO
<17 Jul 2026 11:24:13> [TSimMgr_Client.LogEventRecv] <0034> CPID_UDP_GAMECTRL_INFO
<17 Jul 2026 11:24:13> [TSimMgr_Client.LogEventRecv] <0034> CPID_UDP_GAMECTRL_INFO
<17 Jul 2026 11:24:13> [TSimMgr_Client.LogEventRecv] <0034> CPID_UDP_GAMECTRL_INFO
<17 Jul 2026 11:24:13> [TSimMgr_Client.LogEventRecv] <0034> CPID_UDP_GAMECTRL_INFO
<17 Jul 2026 11:24:13> [TSimMgr_Client.LogEventRecv] <0034> CPID_UDP_GAMECTRL_INFO
<17 Jul 2026 11:24:13> [TSimMgr_Client.LogEventRecv] <0055> CPID_CMD_SYNCH                   
<17 Jul 2026 11:24:13> [TSimMgr_Client.LogEventRecv] <0034> CPID_UDP_GAMECTRL_INFO
<17 Jul 2026 11:24:13> [TSimMgr_Client.LogEventRecv] <0034> CPID_UDP_GAMECTRL_INFO
<17 Jul 2026 11:24:13> [TSimMgr_Client.LogEventRecv] <0034> CPID_UDP_GAMECTRL_INFO
<17 Jul 2026 11:24:13> [TSimMgr_Client.LogEventRecv] <0034> CPID_UDP_GAMECTRL_INFO
<17 Jul 2026 11:24:13> [TSimMgr_Client.LogEventRecv] <0034> CPID_UDP_GAMECTRL_INFO
<17 Jul 2026 11:24:13> [TSimMgr_Client.LogEventRecv] <0034> CPID_UDP_GAMECTRL_INFO
<17 Jul 2026 11:24:13> [TSimMgr_Client.LogEventRecv] <0034> CPID_UDP_GAMECTRL_INFO
<17 Jul 2026 11:24:13> [TSimMgr_Client.LogEventRecv] <0034> CPID_UDP_GAMECTRL_INFO
<17 Jul 2026 11:24:13> [TSimMgr_Client.LogEventRecv] <0034> CPID_UDP_GAMECTRL_INFO
<17 Jul 2026 11:24:13> [TSimMgr_Client.LogEventRecv] <0034> CPID_UDP_GAMECTRL_INFO
<17 Jul 2026 11:24:13> [TSimMgr_Client.LogEventRecv] <0034> CPID_UDP_GAMECTRL_INFO
<17 Jul 2026 11:24:13> [TSimMgr_Client.LogEventRecv] <0034> CPID_UDP_GAMECTRL_INFO
<17 Jul 2026 11:24:13> [TSimMgr_Client.LogEventRecv] <0034> CPID_UDP_GAMECTRL_INFO
<17 Jul 2026 11:24:13> [TSimMgr_Client.LogEventRecv] <0034> CPID_UDP_GAMECTRL_INFO
<17 Jul 2026 11:24:13> [TSimMgr_Client.LogEventRecv] <0034> CPID_UDP_GAMECTRL_INFO
<17 Jul 2026 11:24:13> [TSimMgr_Client.LogEventRecv] <0034> CPID_UDP_GAMECTRL_INFO
<17 Jul 2026 11:24:13> [TSimMgr_Client.LogEventRecv] <0055> CPID_CMD_SYNCH                   
<17 Jul 2026 11:24:13> [TSimMgr_Client.LogEventRecv] <0034> CPID_UDP_GAMECTRL_INFO
<17 Jul 2026 11:24:13> [TSimMgr_Client.LogEventRecv] <0034> CPID_UDP_GAMECTRL_INFO
<17 Jul 2026 11:24:13> [TSimMgr_Client.LogEventRecv] <0034> CPID_UDP_GAMECTRL_INFO
<17 Jul 2026 11:24:13> [TSimMgr_Client.LogEventRecv] <0034> CPID_UDP_GAMECTRL_INFO
<17 Jul 2026 11:24:13> [TSimMgr_Client.LogEventRecv] <0034> CPID_UDP_GAMECTRL_INFO
<17 Jul 2026 11:24:13> [TSimMgr_Client.LogEventRecv] <0034> CPID_UDP_GAMECTRL_INFO
<17 Jul 2026 11:24:13> [TSimMgr_Client.LogEventRecv] <0034> CPID_UDP_GAMECTRL_INFO
<17 Jul 2026 11:24:13> [TSimMgr_Client.LogEventRecv] <0034> CPID_UDP_GAMECTRL_INFO
<17 Jul 2026 11:24:13> [TSimMgr_Client.LogEventRecv] <0034> CPID_UDP_GAMECTRL_INFO
<17 Jul 2026 11:24:13> [TSimMgr_Client.LogEventRecv] <0034> CPID_UDP_GAMECTRL_INFO
<17 Jul 2026 11:24:13> [TSimMgr_Client.LogEventRecv] <0034> CPID_UDP_GAMECTRL_INFO
<17 Jul 2026 11:24:13> [TSimMgr_Client.LogEventRecv] <0034> CPID_UDP_GAMECTRL_INFO
<17 Jul 2026 11:24:13> [TSimMgr_Client.LogEventRecv] <0034> CPID_UDP_GAMECTRL_INFO
<17 Jul 2026 11:24:13> [TSimMgr_Client.LogEventRecv] <0034> CPID_UDP_GAMECTRL_INFO
<17 Jul 2026 11:24:13> [TSimMgr_Client.LogEventRecv] <0034> CPID_UDP_GAMECTRL_INFO
<17 Jul 2026 11:24:13> [TSimMgr_Client.LogEventRecv] <0034> CPID_UDP_GAMECTRL_INFO
<17 Jul 2026 11:24:13> [TSimMgr_Client.LogEventRecv] <0034> CPID_UDP_GAMECTRL_INFO
<17 Jul 2026 11:24:13> [TSimMgr_Client.LogEventRecv] <0034> CPID_UDP_GAMECTRL_INFO
<17 Jul 2026 11:24:13> [TSimMgr_Client.LogEventRecv] <0034> CPID_UDP_GAMECTRL_INFO
<17 Jul 2026 11:24:13> [TSimMgr_Client.LogEventRecv] <0034> CPID_UDP_GAMECTRL_INFO
<17 Jul 2026 11:24:13> [TSimMgr_Client.LogEventRecv] <0034> CPID_UDP_GAMECTRL_INFO
<17 Jul 2026 11:24:13> [TSimMgr_Client.LogEventRecv] <0034> CPID_UDP_GAMECTRL_INFO
<17 Jul 2026 11:24:13> [TSimMgr_Client.LogEventRecv] <0034> CPID_UDP_GAMECTRL_INFO
<17 Jul 2026 11:24:13> [TSimMgr_Client.LogEventRecv] <0034> CPID_UDP_GAMECTRL_INFO
<17 Jul 2026 11:24:13> [TSimMgr_Client.LogEventRecv] <0034> CPID_UDP_GAMECTRL_INFO
<17 Jul 2026 11:24:13> [TSimMgr_Client.LogEventRecv] <0034> CPID_UDP_GAMECTRL_INFO
<17 Jul 2026 11:24:13> [TSimMgr_Client.LogEventRecv] <0034> CPID_UDP_GAMECTRL_INFO
<17 Jul 2026 11:24:13> [TSimMgr_Client.LogEventRecv] <0034> CPID_UDP_GAMECTRL_INFO
<17 Jul 2026 11:24:13> [TSimMgr_Client.LogEventRecv] <0015> UNDEFINED (15)
<17 Jul 2026 11:24:13> [TSimMgr_Client.LogEventRecv] <0034> CPID_UDP_GAMECTRL_INFO
<17 Jul 2026 11:24:13> [TSimMgr_Client.LogEventRecv] <0034> CPID_UDP_GAMECTRL_INFO
<17 Jul 2026 11:24:13> [TSimMgr_Client.LogEventRecv] <0034> CPID_UDP_GAMECTRL_INFO
<17 Jul 2026 11:24:13> [TSimMgr_Client.LogEventRecv] <0034> CPID_UDP_GAMECTRL_INFO
<17 Jul 2026 11:24:13> [TSimMgr_Client.LogEventRecv] <0034> CPID_UDP_GAMECTRL_INFO
<17 Jul 2026 11:24:13> [TSimMgr_Client.LogEventRecv] <0034> CPID_UDP_GAMECTRL_INFO
<17 Jul 2026 11:24:13> [TSimMgr_Client.LogEventRecv] <0034> CPID_UDP_GAMECTRL_INFO
<17 Jul 2026 11:24:13> [TSimMgr_Client.LogEventRecv] <0034> CPID_UDP_GAMECTRL_INFO
<17 Jul 2026 11:24:13> [TSimMgr_Client.LogEventRecv] <0034> CPID_UDP_GAMECTRL_INFO
<17 Jul 2026 11:24:13> [TSimMgr_Client.LogEventRecv] <0034> CPID_UDP_GAMECTRL_INFO
<17 Jul 2026 11:24:13> [TSimMgr_Client.LogEventRecv] <0034> CPID_UDP_GAMECTRL_INFO
<17 Jul 2026 11:24:13> [TSimMgr_Client.LogEventRecv] <0034> CPID_UDP_GAMECTRL_INFO
<17 Jul 2026 11:24:13> [TSimMgr_Client.LogEventRecv] <0034> CPID_UDP_GAMECTRL_INFO
<17 Jul 2026 11:24:13> [TSimMgr_Client.LogEventRecv] <0034> CPID_UDP_GAMECTRL_INFO
<17 Jul 2026 11:24:13> [TSimMgr_Client.LogEventRecv] <0034> CPID_UDP_GAMECTRL_INFO
<17 Jul 2026 11:24:13> [TSimMgr_Client.LogEventRecv] <0034> CPID_UDP_GAMECTRL_INFO
<17 Jul 2026 11:24:13> [TSimMgr_Client.LogEventRecv] <0034> CPID_UDP_GAMECTRL_INFO
<17 Jul 2026 11:24:13> [TSimMgr_Client.LogEventRecv] <0034> CPID_UDP_GAMECTRL_INFO
<17 Jul 2026 11:24:13> [TSimMgr_Client.LogEventRecv] <0034> CPID_UDP_GAMECTRL_INFO
<17 Jul 2026 11:24:13> [TSimMgr_Client.LogEventRecv] <0034> CPID_UDP_GAMECTRL_INFO
<17 Jul 2026 11:24:13> [TSimMgr_Client.LogEventRecv] <0034> CPID_UDP_GAMECTRL_INFO
<17 Jul 2026 11:24:13> [TSimMgr_Client.LogEventRecv] <0034> CPID_UDP_GAMECTRL_INFO
<17 Jul 2026 11:24:13> [TSimMgr_Client.LogEventRecv] <0034> CPID_UDP_GAMECTRL_INFO
<17 Jul 2026 11:24:13> [TSimMgr_Client.LogEventRecv] <0034> CPID_UDP_GAMECTRL_INFO
<17 Jul 2026 11:24:13> [TSimMgr_Client.LogEventRecv] <0034> CPID_UDP_GAMECTRL_INFO
<17 Jul 2026 11:24:13> [TSimMgr_Client.LogEventRecv] <0034> CPID_UDP_GAMECTRL_INFO
<17 Jul 2026 11:24:13> [TSimMgr_Client.LogEventRecv] <0034> CPID_UDP_GAMECTRL_INFO
<17 Jul 2026 11:24:13> [TSimMgr_Client.LogEventRecv] <0034> CPID_UDP_GAMECTRL_INFO
<17 Jul 2026 11:24:13> [TSimMgr_Client.LogEventRecv] <0034> CPID_UDP_GAMECTRL_INFO
<17 Jul 2026 11:24:13> [TSimMgr_Client.LogEventRecv] <0034> CPID_UDP_GAMECTRL_INFO
<17 Jul 2026 11:24:13> [TSimMgr_Client.LogEventRecv] <0034> CPID_UDP_GAMECTRL_INFO
<17 Jul 2026 11:24:13> [TSimMgr_Client.LogEventRecv] <0034> CPID_UDP_GAMECTRL_INFO
<17 Jul 2026 11:24:13> [TSimMgr_Client.LogEventRecv] <0034> CPID_UDP_GAMECTRL_INFO
<17 Jul 2026 11:24:13> [TSimMgr_Client.LogEventRecv] <0034> CPID_UDP_GAMECTRL_INFO
<17 Jul 2026 11:24:13> [TSimMgr_Client.LogEventRecv] <0034> CPID_UDP_GAMECTRL_INFO
<17 Jul 2026 11:24:13> [TSimMgr_Client.LogEventRecv] <0034> CPID_UDP_GAMECTRL_INFO
<17 Jul 2026 11:24:13> [TSimMgr_Client.LogEventRecv] <0034> CPID_UDP_GAMECTRL_INFO
<17 Jul 2026 11:24:13> [TSimMgr_Client.LogEventRecv] <0034> CPID_UDP_GAMECTRL_INFO
<17 Jul 2026 11:24:13> [TSimMgr_Client.LogEventRecv] <0034> CPID_UDP_GAMECTRL_INFO
<17 Jul 2026 11:24:13> [TSimMgr_Client.LogEventRecv] <0034> CPID_UDP_GAMECTRL_INFO
<17 Jul 2026 11:24:13> [TSimMgr_Client.LogEventRecv] <0034> CPID_UDP_GAMECTRL_INFO
<17 Jul 2026 11:24:13> [TSimMgr_Client.LogEventRecv] <0034> CPID_UDP_GAMECTRL_INFO
<17 Jul 2026 11:24:13> [TSimMgr_Client.LogEventRecv] <0034> CPID_UDP_GAMECTRL_INFO
<17 Jul 2026 11:24:13> [TSimMgr_Client.LogEventRecv] <0034> CPID_UDP_GAMECTRL_INFO
<17 Jul 2026 11:24:13> [TSimMgr_Client.LogEventRecv] <0034> CPID_UDP_GAMECTRL_INFO
<17 Jul 2026 11:24:13> [TSimMgr_Client.LogEventRecv] <0034> CPID_UDP_GAMECTRL_INFO
<17 Jul 2026 11:24:13> [TSimMgr_Client.LogEventRecv] <0034> CPID_UDP_GAMECTRL_INFO
<17 Jul 2026 11:24:13> [TSimMgr_Client.LogEventRecv] <0034> CPID_UDP_GAMECTRL_INFO
<17 Jul 2026 11:24:13> [TSimMgr_Client.LogEventRecv] <0034> CPID_UDP_GAMECTRL_INFO
<17 Jul 2026 11:24:13> [TSimMgr_Client.LogEventRecv] <0034> CPID_UDP_GAMECTRL_INFO
<17 Jul 2026 11:24:13> [TSimMgr_Client.LogEventRecv] <0034> CPID_UDP_GAMECTRL_INFO
<17 Jul 2026 11:24:13> [TSimMgr_Client.LogEventRecv] <0034> CPID_UDP_GAMECTRL_INFO
<17 Jul 2026 11:24:13> [TSimMgr_Client.LogEventRecv] <0034> CPID_UDP_GAMECTRL_INFO
<17 Jul 2026 11:24:13> [TSimMgr_Client.LogEventRecv] <0034> CPID_UDP_GAMECTRL_INFO
<17 Jul 2026 11:24:13> [TSimMgr_Client.LogEventRecv] <0034> CPID_UDP_GAMECTRL_INFO
<17 Jul 2026 11:24:13> [TSimMgr_Client.LogEventRecv] <0034> CPID_UDP_GAMECTRL_INFO
<17 Jul 2026 11:24:13> [TSimMgr_Client.LogEventRecv] <0034> CPID_UDP_GAMECTRL_INFO
<17 Jul 2026 11:24:13> [TSimMgr_Client.LogEventRecv] <0034> CPID_UDP_GAMECTRL_INFO
<17 Jul 2026 11:24:13> [TSimMgr_Client.LogEventRecv] <0034> CPID_UDP_GAMECTRL_INFO
<17 Jul 2026 11:24:13> [TSimMgr_Client.LogEventRecv] <0034> CPID_UDP_GAMECTRL_INFO
<17 Jul 2026 11:24:13> [TSimMgr_Client.LogEventRecv] <0034> CPID_UDP_GAMECTRL_INFO
<17 Jul 2026 11:24:13> [TSimMgr_Client.LogEventRecv] <0034> CPID_UDP_GAMECTRL_INFO
<17 Jul 2026 11:24:13> [TSimMgr_Client.LogEventRecv] <0034> CPID_UDP_GAMECTRL_INFO
<17 Jul 2026 11:24:13> [TSimMgr_Client.LogEventRecv] <0034> CPID_UDP_GAMECTRL_INFO
<17 Jul 2026 11:24:13> [TSimMgr_Client.LogEventRecv] <0034> CPID_UDP_GAMECTRL_INFO
<17 Jul 2026 11:24:13> [TSimMgr_Client.LogEventRecv] <0034> CPID_UDP_GAMECTRL_INFO
<17 Jul 2026 11:24:13> [TSimMgr_Client.LogEventRecv] <0034> CPID_UDP_GAMECTRL_INFO
<17 Jul 2026 11:24:13> [TSimMgr_Client.LogEventRecv] <0034> CPID_UDP_GAMECTRL_INFO
<17 Jul 2026 11:24:13> [TSimMgr_Client.LogEventRecv] <0034> CPID_UDP_GAMECTRL_INFO
<17 Jul 2026 11:24:13> [TSimMgr_Client.LogEventRecv] <0034> CPID_UDP_GAMECTRL_INFO
<17 Jul 2026 11:24:13> [TSimMgr_Client.LogEventRecv] <0034> CPID_UDP_GAMECTRL_INFO
<17 Jul 2026 11:24:13> [TSimMgr_Client.LogEventRecv] <0034> CPID_UDP_GAMECTRL_INFO
<17 Jul 2026 11:24:13> [TSimMgr_Client.LogEventRecv] <0034> CPID_UDP_GAMECTRL_INFO
<17 Jul 2026 11:24:13> [TSimMgr_Client.LogEventRecv] <0034> CPID_UDP_GAMECTRL_INFO
<17 Jul 2026 11:24:13> [TSimMgr_Client.LogEventRecv] <0034> CPID_UDP_GAMECTRL_INFO
<17 Jul 2026 11:24:13> [TSimMgr_Client.LogEventRecv] <0034> CPID_UDP_GAMECTRL_INFO
<17 Jul 2026 11:24:13> [TSimMgr_Client.LogEventRecv] <0034> CPID_UDP_GAMECTRL_INFO
<17 Jul 2026 11:24:13> [TSimMgr_Client.LogEventRecv] <0034> CPID_UDP_GAMECTRL_INFO
<17 Jul 2026 11:24:13> [TSimMgr_Client.LogEventRecv] <0034> CPID_UDP_GAMECTRL_INFO
<17 Jul 2026 11:24:13> [TSimMgr_Client.LogEventRecv] <0034> CPID_UDP_GAMECTRL_INFO
<17 Jul 2026 11:24:13> [TSimMgr_Client.LogEventRecv] <0034> CPID_UDP_GAMECTRL_INFO
<17 Jul 2026 11:24:13> [TSimMgr_Client.LogEventRecv] <0034> CPID_UDP_GAMECTRL_INFO
<17 Jul 2026 11:24:13> [TSimMgr_Client.LogEventRecv] <0034> CPID_UDP_GAMECTRL_INFO
<17 Jul 2026 11:24:13> [TSimMgr_Client.LogEventRecv] <0034> CPID_UDP_GAMECTRL_INFO
<17 Jul 2026 11:24:13> [TSimMgr_Client.LogEventRecv] <0034> CPID_UDP_GAMECTRL_INFO
<17 Jul 2026 11:24:13> [TSimMgr_Client.LogEventRecv] <0034> CPID_UDP_GAMECTRL_INFO
<17 Jul 2026 11:24:13> [TSimMgr_Client.LogEventRecv] <0034> CPID_UDP_GAMECTRL_INFO
<17 Jul 2026 11:24:13> [TSimMgr_Client.LogEventRecv] <0034> CPID_UDP_GAMECTRL_INFO
<17 Jul 2026 11:24:13> [TSimMgr_Client.LogEventRecv] <0034> CPID_UDP_GAMECTRL_INFO
<17 Jul 2026 11:24:13> [TSimMgr_Client.LogEventRecv] <0034> CPID_UDP_GAMECTRL_INFO
<17 Jul 2026 11:24:13> [TSimMgr_Client.LogEventRecv] <0034> CPID_UDP_GAMECTRL_INFO
<17 Jul 2026 11:24:13> [TSimMgr_Client.LogEventRecv] <0034> CPID_UDP_GAMECTRL_INFO
<17 Jul 2026 11:24:13> [TSimMgr_Client.LogEventRecv] <0034> CPID_UDP_GAMECTRL_INFO
<17 Jul 2026 11:24:13> [TSimMgr_Client.LogEventRecv] <0034> CPID_UDP_GAMECTRL_INFO
<17 Jul 2026 11:24:13> [TSimMgr_Client.LogEventRecv] <0034> CPID_UDP_GAMECTRL_INFO
<17 Jul 2026 11:24:13> [TSimMgr_Client.LogEventRecv] <0034> CPID_UDP_GAMECTRL_INFO
<17 Jul 2026 11:24:13> [TSimMgr_Client.LogEventRecv] <0034> CPID_UDP_GAMECTRL_INFO
<17 Jul 2026 11:24:13> [TSimMgr_Client.LogEventRecv] <0034> CPID_UDP_GAMECTRL_INFO
<17 Jul 2026 11:24:13> [TSimMgr_Client.LogEventRecv] <0034> CPID_UDP_GAMECTRL_INFO
<17 Jul 2026 11:24:13> [TSimMgr_Client.LogEventRecv] <0034> CPID_UDP_GAMECTRL_INFO
<17 Jul 2026 11:24:13> [TSimMgr_Client.LogEventRecv] <0034> CPID_UDP_GAMECTRL_INFO
<17 Jul 2026 11:24:13> [TSimMgr_Client.LogEventRecv] <0034> CPID_UDP_GAMECTRL_INFO
<17 Jul 2026 11:24:13> [TSimMgr_Client.LogEventRecv] <0034> CPID_UDP_GAMECTRL_INFO
<17 Jul 2026 11:24:13> [TSimMgr_Client.LogEventRecv] <0034> CPID_UDP_GAMECTRL_INFO
<17 Jul 2026 11:24:13> [TSimMgr_Client.LogEventRecv] <0034> CPID_UDP_GAMECTRL_INFO
<17 Jul 2026 11:24:13> [TSimMgr_Client.LogEventRecv] <0034> CPID_UDP_GAMECTRL_INFO
<17 Jul 2026 11:24:13> [TSimMgr_Client.LogEventRecv] <0034> CPID_UDP_GAMECTRL_INFO
<17 Jul 2026 11:24:13> [TSimMgr_Client.LogEventRecv] <0034> CPID_UDP_GAMECTRL_INFO
<17 Jul 2026 11:24:13> [TSimMgr_Client.LogEventRecv] <0034> CPID_UDP_GAMECTRL_INFO
<17 Jul 2026 11:24:13> [TSimMgr_Client.LogEventRecv] <0034> CPID_UDP_GAMECTRL_INFO
<17 Jul 2026 11:24:13> [TSimMgr_Client.LogEventRecv] <0034> CPID_UDP_GAMECTRL_INFO
<17 Jul 2026 11:24:13> [TSimMgr_Client.LogEventRecv] <0034> CPID_UDP_GAMECTRL_INFO
<17 Jul 2026 11:24:13> [TSimMgr_Client.LogEventRecv] <0034> CPID_UDP_GAMECTRL_INFO
<17 Jul 2026 11:24:13> [TSimMgr_Client.LogEventRecv] <0034> CPID_UDP_GAMECTRL_INFO
<17 Jul 2026 11:24:13> [TSimMgr_Client.LogEventRecv] <0034> CPID_UDP_GAMECTRL_INFO
<17 Jul 2026 11:24:13> [TSimMgr_Client.LogEventRecv] <0034> CPID_UDP_GAMECTRL_INFO
<17 Jul 2026 11:24:13> [TSimMgr_Client.LogEventRecv] <0034> CPID_UDP_GAMECTRL_INFO
<17 Jul 2026 11:24:13> [TSimMgr_Client.LogEventRecv] <0034> CPID_UDP_GAMECTRL_INFO
<17 Jul 2026 11:24:13> [TSimMgr_Client.LogEventRecv] <0034> CPID_UDP_GAMECTRL_INFO
<17 Jul 2026 11:24:13> [TSimMgr_Client.LogEventRecv] <0034> CPID_UDP_GAMECTRL_INFO
<17 Jul 2026 11:24:13> [TSimMgr_Client.LogEventRecv] <0034> CPID_UDP_GAMECTRL_INFO
<17 Jul 2026 11:24:13> [TSimMgr_Client.LogEventRecv] <0034> CPID_UDP_GAMECTRL_INFO
<17 Jul 2026 11:24:13> [TSimMgr_Client.LogEventRecv] <0034> CPID_UDP_GAMECTRL_INFO
<17 Jul 2026 11:24:13> [TSimMgr_Client.LogEventRecv] <0034> CPID_UDP_GAMECTRL_INFO
<17 Jul 2026 11:24:13> [TSimMgr_Client.LogEventRecv] <0034> CPID_UDP_GAMECTRL_INFO
<17 Jul 2026 11:24:13> [TSimMgr_Client.LogEventRecv] <0034> CPID_UDP_GAMECTRL_INFO
<17 Jul 2026 11:24:13> [TSimMgr_Client.LogEventRecv] <0034> CPID_UDP_GAMECTRL_INFO
<17 Jul 2026 11:24:13> [TSimMgr_Client.LogEventRecv] <0034> CPID_UDP_GAMECTRL_INFO
<17 Jul 2026 11:24:13> [TSimMgr_Client.LogEventRecv] <0034> CPID_UDP_GAMECTRL_INFO
<17 Jul 2026 11:24:13> [TSimMgr_Client.LogEventRecv] <0034> CPID_UDP_GAMECTRL_INFO
<17 Jul 2026 11:24:13> [TSimMgr_Client.LogEventRecv] <0034> CPID_UDP_GAMECTRL_INFO
<17 Jul 2026 11:24:13> [TSimMgr_Client.LogEventRecv] <0034> CPID_UDP_GAMECTRL_INFO
<17 Jul 2026 11:24:13> [TSimMgr_Client.LogEventRecv] <0034> CPID_UDP_GAMECTRL_INFO
<17 Jul 2026 11:24:13> [TSimMgr_Client.LogEventRecv] <0034> CPID_UDP_GAMECTRL_INFO
<17 Jul 2026 11:24:13> [TSimMgr_Client.LogEventRecv] <0034> CPID_UDP_GAMECTRL_INFO
<17 Jul 2026 11:24:13> [TSimMgr_Client.LogEventRecv] <0034> CPID_UDP_GAMECTRL_INFO
<17 Jul 2026 11:24:13> [TSimMgr_Client.LogEventRecv] <0034> CPID_UDP_GAMECTRL_INFO
<17 Jul 2026 11:24:13> [TSimMgr_Client.LogEventRecv] <0034> CPID_UDP_GAMECTRL_INFO
<17 Jul 2026 11:24:13> [TSimMgr_Client.LogEventRecv] <0034> CPID_UDP_GAMECTRL_INFO
<17 Jul 2026 11:24:13> [TSimMgr_Client.LogEventRecv] <0034> CPID_UDP_GAMECTRL_INFO
<17 Jul 2026 11:24:13> [TSimMgr_Client.LogEventRecv] <0034> CPID_UDP_GAMECTRL_INFO
<17 Jul 2026 11:24:13> [TSimMgr_Client.LogEventRecv] <0034> CPID_UDP_GAMECTRL_INFO
<17 Jul 2026 11:24:13> [TSimMgr_Client.LogEventRecv] <0034> CPID_UDP_GAMECTRL_INFO
<17 Jul 2026 11:24:13> [TSimMgr_Client.LogEventRecv] <0034> CPID_UDP_GAMECTRL_INFO
<17 Jul 2026 11:24:13> [TSimMgr_Client.LogEventRecv] <0034> CPID_UDP_GAMECTRL_INFO
<17 Jul 2026 11:24:13> [TSimMgr_Client.LogEventRecv] <0034> CPID_UDP_GAMECTRL_INFO
<17 Jul 2026 11:24:13> [TSimMgr_Client.LogEventRecv] <0034> CPID_UDP_GAMECTRL_INFO
<17 Jul 2026 11:24:13> [TSimMgr_Client.LogEventRecv] <0034> CPID_UDP_GAMECTRL_INFO
<17 Jul 2026 11:24:13> [TSimMgr_Client.LogEventRecv] <0034> CPID_UDP_GAMECTRL_INFO
<17 Jul 2026 11:24:13> [TSimMgr_Client.LogEventRecv] <0034> CPID_UDP_GAMECTRL_INFO
<17 Jul 2026 11:24:13> [TSimMgr_Client.LogEventRecv] <0034> CPID_UDP_GAMECTRL_INFO
<17 Jul 2026 11:24:13> [TSimMgr_Client.LogEventRecv] <0034> CPID_UDP_GAMECTRL_INFO
<17 Jul 2026 11:24:13> [TSimMgr_Client.LogEventRecv] <0034> CPID_UDP_GAMECTRL_INFO
<17 Jul 2026 11:24:13> [TSimMgr_Client.LogEventRecv] <0034> CPID_UDP_GAMECTRL_INFO
<17 Jul 2026 11:24:13> [TSimMgr_Client.LogEventRecv] <0034> CPID_UDP_GAMECTRL_INFO
<17 Jul 2026 11:24:13> [TSimMgr_Client.LogEventRecv] <0034> CPID_UDP_GAMECTRL_INFO
<17 Jul 2026 11:24:13> [TSimMgr_Client.LogEventRecv] <0034> CPID_UDP_GAMECTRL_INFO
<17 Jul 2026 11:24:13> [TSimMgr_Client.LogEventRecv] <0034> CPID_UDP_GAMECTRL_INFO
<17 Jul 2026 11:24:13> [TSimMgr_Client.LogEventRecv] <0034> CPID_UDP_GAMECTRL_INFO
<17 Jul 2026 11:24:13> [TSimMgr_Client.LogEventRecv] <0034> CPID_UDP_GAMECTRL_INFO
<17 Jul 2026 11:24:13> [TSimMgr_Client.LogEventRecv] <0034> CPID_UDP_GAMECTRL_INFO
<17 Jul 2026 11:24:13> [TSimMgr_Client.LogEventRecv] <0034> CPID_UDP_GAMECTRL_INFO
<17 Jul 2026 11:24:13> [TSimMgr_Client.LogEventRecv] <0034> CPID_UDP_GAMECTRL_INFO
<17 Jul 2026 11:24:13> [TSimMgr_Client.LogEventRecv] <0034> CPID_UDP_GAMECTRL_INFO
<17 Jul 2026 11:24:13> [TSimMgr_Client.LogEventRecv] <0034> CPID_UDP_GAMECTRL_INFO
<17 Jul 2026 11:24:13> [TSimMgr_Client.LogEventRecv] <0034> CPID_UDP_GAMECTRL_INFO
<17 Jul 2026 11:24:13> [TSimMgr_Client.LogEventRecv] <0034> CPID_UDP_GAMECTRL_INFO
<17 Jul 2026 11:24:13> [TSimMgr_Client.LogEventRecv] <0034> CPID_UDP_GAMECTRL_INFO
<17 Jul 2026 11:24:13> [TSimMgr_Client.LogEventRecv] <0034> CPID_UDP_GAMECTRL_INFO
<17 Jul 2026 11:24:13> [TSimMgr_Client.LogEventRecv] <0034> CPID_UDP_GAMECTRL_INFO
<17 Jul 2026 11:24:13> [TSimMgr_Client.LogEventRecv] <0034> CPID_UDP_GAMECTRL_INFO
<17 Jul 2026 11:24:13> [TSimMgr_Client.LogEventRecv] <0034> CPID_UDP_GAMECTRL_INFO
<17 Jul 2026 11:24:13> [TSimMgr_Client.LogEventRecv] <0034> CPID_UDP_GAMECTRL_INFO
<17 Jul 2026 11:24:13> [TSimMgr_Client.LogEventRecv] <0034> CPID_UDP_GAMECTRL_INFO
<17 Jul 2026 11:24:13> [TSimMgr_Client.LogEventRecv] <0034> CPID_UDP_GAMECTRL_INFO
<17 Jul 2026 11:24:13> [TSimMgr_Client.LogEventRecv] <0034> CPID_UDP_GAMECTRL_INFO
<17 Jul 2026 11:24:13> [TSimMgr_Client.LogEventRecv] <0034> CPID_UDP_GAMECTRL_INFO
<17 Jul 2026 11:24:13> [TSimMgr_Client.LogEventRecv] <0034> CPID_UDP_GAMECTRL_INFO
<17 Jul 2026 11:24:13> [TSimMgr_Client.LogEventRecv] <0034> CPID_UDP_GAMECTRL_INFO
<17 Jul 2026 11:24:13> [TSimMgr_Client.LogEventRecv] <0034> CPID_UDP_GAMECTRL_INFO
<17 Jul 2026 11:24:13> [TSimMgr_Client.LogEventRecv] <0034> CPID_UDP_GAMECTRL_INFO
<17 Jul 2026 11:24:13> [TSimMgr_Client.LogEventRecv] <0034> CPID_UDP_GAMECTRL_INFO
<17 Jul 2026 11:24:13> [TSimMgr_Client.LogEventRecv] <0034> CPID_UDP_GAMECTRL_INFO
<17 Jul 2026 11:24:13> [TSimMgr_Client.LogEventRecv] <0034> CPID_UDP_GAMECTRL_INFO
<17 Jul 2026 11:24:13> [TSimMgr_Client.LogEventRecv] <0034> CPID_UDP_GAMECTRL_INFO
<17 Jul 2026 11:24:13> [TSimMgr_Client.LogEventRecv] <0034> CPID_UDP_GAMECTRL_INFO
<17 Jul 2026 11:24:13> [TSimMgr_Client.LogEventRecv] <0034> CPID_UDP_GAMECTRL_INFO
<17 Jul 2026 11:24:13> [TSimMgr_Client.LogEventRecv] <0034> CPID_UDP_GAMECTRL_INFO
<17 Jul 2026 11:24:13> [TSimMgr_Client.LogEventRecv] <0034> CPID_UDP_GAMECTRL_INFO
<17 Jul 2026 11:24:13> [TSimMgr_Client.LogEventRecv] <0034> CPID_UDP_GAMECTRL_INFO
<17 Jul 2026 11:24:13> [TSimMgr_Client.LogEventRecv] <0034> CPID_UDP_GAMECTRL_INFO
<17 Jul 2026 11:24:13> [TSimMgr_Client.LogEventRecv] <0034> CPID_UDP_GAMECTRL_INFO
<17 Jul 2026 11:24:13> [TSimMgr_Client.LogEventRecv] <0034> CPID_UDP_GAMECTRL_INFO
<17 Jul 2026 11:24:13> [TSimMgr_Client.LogEventRecv] <0034> CPID_UDP_GAMECTRL_INFO
<17 Jul 2026 11:24:13> [TSimMgr_Client.LogEventRecv] <0034> CPID_UDP_GAMECTRL_INFO
<17 Jul 2026 11:24:13> [TSimMgr_Client.LogEventRecv] <0034> CPID_UDP_GAMECTRL_INFO
<17 Jul 2026 11:24:13> [TSimMgr_Client.LogEventRecv] <0034> CPID_UDP_GAMECTRL_INFO
<17 Jul 2026 11:24:13> [TSimMgr_Client.LogEventRecv] <0034> CPID_UDP_GAMECTRL_INFO
<17 Jul 2026 11:24:13> [TSimMgr_Client.LogEventRecv] <0034> CPID_UDP_GAMECTRL_INFO
<17 Jul 2026 11:24:13> [TSimMgr_Client.LogEventRecv] <0034> CPID_UDP_GAMECTRL_INFO
<17 Jul 2026 11:24:13> [TSimMgr_Client.LogEventRecv] <0034> CPID_UDP_GAMECTRL_INFO
<17 Jul 2026 11:24:13> [TSimMgr_Client.LogEventRecv] <0034> CPID_UDP_GAMECTRL_INFO
<17 Jul 2026 11:24:13> [TSimMgr_Client.LogEventRecv] <0034> CPID_UDP_GAMECTRL_INFO
<17 Jul 2026 11:24:13> [TSimMgr_Client.LogEventRecv] <0034> CPID_UDP_GAMECTRL_INFO
<17 Jul 2026 11:24:13> [TSimMgr_Client.LogEventRecv] <0034> CPID_UDP_GAMECTRL_INFO
<17 Jul 2026 11:24:13> [TSimMgr_Client.LogEventRecv] <0034> CPID_UDP_GAMECTRL_INFO
<17 Jul 2026 11:24:13> [TSimMgr_Client.LogEventRecv] <0034> CPID_UDP_GAMECTRL_INFO
<17 Jul 2026 11:24:13> [TSimMgr_Client.LogEventRecv] <0034> CPID_UDP_GAMECTRL_INFO
<17 Jul 2026 11:24:13> [TSimMgr_Client.LogEventRecv] <0034> CPID_UDP_GAMECTRL_INFO
<17 Jul 2026 11:24:13> [TSimMgr_Client.LogEventRecv] <0034> CPID_UDP_GAMECTRL_INFO
<17 Jul 2026 11:24:13> [TSimMgr_Client.LogEventRecv] <0034> CPID_UDP_GAMECTRL_INFO
<17 Jul 2026 11:24:13> [TSimMgr_Client.LogEventRecv] <0034> CPID_UDP_GAMECTRL_INFO
<17 Jul 2026 11:24:13> [TSimMgr_Client.LogEventRecv] <0034> CPID_UDP_GAMECTRL_INFO
<17 Jul 2026 11:24:13> [TSimMgr_Client.LogEventRecv] <0034> CPID_UDP_GAMECTRL_INFO
<17 Jul 2026 11:24:13> [TSimMgr_Client.LogEventRecv] <0034> CPID_UDP_GAMECTRL_INFO
<17 Jul 2026 11:24:13> [TSimMgr_Client.LogEventRecv] <0034> CPID_UDP_GAMECTRL_INFO
<17 Jul 2026 11:24:13> [TSimMgr_Client.LogEventRecv] <0034> CPID_UDP_GAMECTRL_INFO
<17 Jul 2026 11:24:13> [TSimMgr_Client.LogEventRecv] <0034> CPID_UDP_GAMECTRL_INFO
<17 Jul 2026 11:24:13> [TSimMgr_Client.LogEventRecv] <0034> CPID_UDP_GAMECTRL_INFO
<17 Jul 2026 11:24:13> [TSimMgr_Client.LogEventRecv] <0034> CPID_UDP_GAMECTRL_INFO
<17 Jul 2026 11:24:13> [TSimMgr_Client.LogEventRecv] <0034> CPID_UDP_GAMECTRL_INFO
<17 Jul 2026 11:24:13> [TSimMgr_Client.LogEventRecv] <0034> CPID_UDP_GAMECTRL_INFO
<17 Jul 2026 11:24:13> [TSimMgr_Client.LogEventRecv] <0034> CPID_UDP_GAMECTRL_INFO
<17 Jul 2026 11:24:13> [TSimMgr_Client.LogEventRecv] <0034> CPID_UDP_GAMECTRL_INFO
<17 Jul 2026 11:24:13> [TSimMgr_Client.LogEventRecv] <0034> CPID_UDP_GAMECTRL_INFO
<17 Jul 2026 11:24:13> [TSimMgr_Client.LogEventRecv] <0034> CPID_UDP_GAMECTRL_INFO
<17 Jul 2026 11:24:13> [TSimMgr_Client.LogEventRecv] <0034> CPID_UDP_GAMECTRL_INFO
<17 Jul 2026 11:24:13> [TSimMgr_Client.LogEventRecv] <0034> CPID_UDP_GAMECTRL_INFO
<17 Jul 2026 11:24:13> [TSimMgr_Client.LogEventRecv] <0034> CPID_UDP_GAMECTRL_INFO
<17 Jul 2026 11:24:13> [TSimMgr_Client.LogEventRecv] <0034> CPID_UDP_GAMECTRL_INFO
<17 Jul 2026 11:24:13> [TSimMgr_Client.LogEventRecv] <0034> CPID_UDP_GAMECTRL_INFO
<17 Jul 2026 11:24:13> [TSimMgr_Client.LogEventRecv] <0034> CPID_UDP_GAMECTRL_INFO
<17 Jul 2026 11:24:13> [TSimMgr_Client.LogEventRecv] <0034> CPID_UDP_GAMECTRL_INFO
<17 Jul 2026 11:24:13> [TSimMgr_Client.LogEventRecv] <0034> CPID_UDP_GAMECTRL_INFO
<17 Jul 2026 11:24:13> [TSimMgr_Client.LogEventRecv] <0034> CPID_UDP_GAMECTRL_INFO
<17 Jul 2026 11:24:13> [TSimMgr_Client.LogEventRecv] <0034> CPID_UDP_GAMECTRL_INFO
<17 Jul 2026 11:24:13> [TSimMgr_Client.LogEventRecv] <0034> CPID_UDP_GAMECTRL_INFO
<17 Jul 2026 11:24:13> [TSimMgr_Client.LogEventRecv] <0034> CPID_UDP_GAMECTRL_INFO
<17 Jul 2026 11:24:13> [TSimMgr_Client.LogEventRecv] <0034> CPID_UDP_GAMECTRL_INFO
<17 Jul 2026 11:24:13> [TSimMgr_Client.LogEventRecv] <0034> CPID_UDP_GAMECTRL_INFO
<17 Jul 2026 11:24:13> [TSimMgr_Client.LogEventRecv] <0034> CPID_UDP_GAMECTRL_INFO
<17 Jul 2026 11:24:13> [TSimMgr_Client.LogEventRecv] <0034> CPID_UDP_GAMECTRL_INFO
<17 Jul 2026 11:24:13> [TSimMgr_Client.LogEventRecv] <0034> CPID_UDP_GAMECTRL_INFO
<17 Jul 2026 11:24:13> [TSimMgr_Client.LogEventRecv] <0034> CPID_UDP_GAMECTRL_INFO
<17 Jul 2026 11:24:13> [TSimMgr_Client.LogEventRecv] <0034> CPID_UDP_GAMECTRL_INFO
<17 Jul 2026 11:24:13> [TSimMgr_Client.LogEventRecv] <0034> CPID_UDP_GAMECTRL_INFO
<17 Jul 2026 11:24:13> [TSimMgr_Client.LogEventRecv] <0034> CPID_UDP_GAMECTRL_INFO
<17 Jul 2026 11:24:13> [TSimMgr_Client.LogEventRecv] <0034> CPID_UDP_GAMECTRL_INFO
<17 Jul 2026 11:24:13> [TSimMgr_Client.LogEventRecv] <0034> CPID_UDP_GAMECTRL_INFO
<17 Jul 2026 11:24:13> [TSimMgr_Client.LogEventRecv] <0034> CPID_UDP_GAMECTRL_INFO
<17 Jul 2026 11:24:13> [TSimMgr_Client.LogEventRecv] <0034> CPID_UDP_GAMECTRL_INFO
<17 Jul 2026 11:24:13> [TSimMgr_Client.LogEventRecv] <0034> CPID_UDP_GAMECTRL_INFO
<17 Jul 2026 11:24:13> [TSimMgr_Client.LogEventRecv] <0034> CPID_UDP_GAMECTRL_INFO
<17 Jul 2026 11:24:13> [TSimMgr_Client.LogEventRecv] <0034> CPID_UDP_GAMECTRL_INFO
<17 Jul 2026 11:24:13> [TSimMgr_Client.LogEventRecv] <0034> CPID_UDP_GAMECTRL_INFO
<17 Jul 2026 11:24:13> [TSimMgr_Client.LogEventRecv] <0034> CPID_UDP_GAMECTRL_INFO
<17 Jul 2026 11:24:13> [TSimMgr_Client.LogEventRecv] <0034> CPID_UDP_GAMECTRL_INFO
<17 Jul 2026 11:24:13> [TSimMgr_Client.LogEventRecv] <0034> CPID_UDP_GAMECTRL_INFO
<17 Jul 2026 11:24:13> [TSimMgr_Client.LogEventRecv] <0034> CPID_UDP_GAMECTRL_INFO
<17 Jul 2026 11:24:13> [TSimMgr_Client.LogEventRecv] <0034> CPID_UDP_GAMECTRL_INFO
<17 Jul 2026 11:24:13> [TSimMgr_Client.LogEventRecv] <0034> CPID_UDP_GAMECTRL_INFO
<17 Jul 2026 11:24:13> [TSimMgr_Client.LogEventRecv] <0034> CPID_UDP_GAMECTRL_INFO
<17 Jul 2026 11:24:13> [TSimMgr_Client.LogEventRecv] <0034> CPID_UDP_GAMECTRL_INFO
<17 Jul 2026 11:24:13> [TSimMgr_Client.LogEventRecv] <0034> CPID_UDP_GAMECTRL_INFO
<17 Jul 2026 11:24:13> [TSimMgr_Client.LogEventRecv] <0034> CPID_UDP_GAMECTRL_INFO
<17 Jul 2026 11:24:13> [TSimMgr_Client.LogEventRecv] <0034> CPID_UDP_GAMECTRL_INFO
<17 Jul 2026 11:24:13> [TSimMgr_Client.LogEventRecv] <0034> CPID_UDP_GAMECTRL_INFO
<17 Jul 2026 11:24:13> [TSimMgr_Client.LogEventRecv] <0034> CPID_UDP_GAMECTRL_INFO
<17 Jul 2026 11:24:13> [TSimMgr_Client.LogEventRecv] <0034> CPID_UDP_GAMECTRL_INFO
<17 Jul 2026 11:24:13> [TSimMgr_Client.LogEventRecv] <0034> CPID_UDP_GAMECTRL_INFO
<17 Jul 2026 11:24:13> [TSimMgr_Client.LogEventRecv] <0034> CPID_UDP_GAMECTRL_INFO
<17 Jul 2026 11:24:13> [TSimMgr_Client.LogEventRecv] <0034> CPID_UDP_GAMECTRL_INFO
<17 Jul 2026 11:24:13> [TSimMgr_Client.LogEventRecv] <0034> CPID_UDP_GAMECTRL_INFO
<17 Jul 2026 11:24:13> [TSimMgr_Client.LogEventRecv] <0034> CPID_UDP_GAMECTRL_INFO
<17 Jul 2026 11:24:13> [TSimMgr_Client.LogEventRecv] <0034> CPID_UDP_GAMECTRL_INFO
<17 Jul 2026 11:24:13> [TSimMgr_Client.LogEventRecv] <0034> CPID_UDP_GAMECTRL_INFO
<17 Jul 2026 11:24:13> [TSimMgr_Client.LogEventRecv] <0034> CPID_UDP_GAMECTRL_INFO
<17 Jul 2026 11:24:13> [TSimMgr_Client.LogEventRecv] <0034> CPID_UDP_GAMECTRL_INFO
<17 Jul 2026 11:24:13> [TSimMgr_Client.LogEventRecv] <0034> CPID_UDP_GAMECTRL_INFO
<17 Jul 2026 11:24:13> [TSimMgr_Client.LogEventRecv] <0034> CPID_UDP_GAMECTRL_INFO
<17 Jul 2026 11:24:13> [TSimMgr_Client.LogEventRecv] <0034> CPID_UDP_GAMECTRL_INFO
<17 Jul 2026 11:24:13> [TSimMgr_Client.LogEventRecv] <0034> CPID_UDP_GAMECTRL_INFO
<17 Jul 2026 11:24:13> [TSimMgr_Client.LogEventRecv] <0034> CPID_UDP_GAMECTRL_INFO
<17 Jul 2026 11:24:13> [TSimMgr_Client.LogEventRecv] <0034> CPID_UDP_GAMECTRL_INFO
<17 Jul 2026 11:24:13> [TSimMgr_Client.LogEventRecv] <0034> CPID_UDP_GAMECTRL_INFO
<17 Jul 2026 11:24:13> [TSimMgr_Client.LogEventRecv] <0034> CPID_UDP_GAMECTRL_INFO
<17 Jul 2026 11:24:13> [TSimMgr_Client.LogEventRecv] <0034> CPID_UDP_GAMECTRL_INFO
<17 Jul 2026 11:24:13> [TSimMgr_Client.LogEventRecv] <0034> CPID_UDP_GAMECTRL_INFO
<17 Jul 2026 11:24:13> [TSimMgr_Client.LogEventRecv] <0034> CPID_UDP_GAMECTRL_INFO
<17 Jul 2026 11:24:13> [TSimMgr_Client.LogEventRecv] <0034> CPID_UDP_GAMECTRL_INFO
<17 Jul 2026 11:24:13> [TSimMgr_Client.LogEventRecv] <0034> CPID_UDP_GAMECTRL_INFO
<17 Jul 2026 11:24:13> [TSimMgr_Client.LogEventRecv] <0034> CPID_UDP_GAMECTRL_INFO
<17 Jul 2026 11:24:13> [TSimMgr_Client.LogEventRecv] <0034> CPID_UDP_GAMECTRL_INFO
<17 Jul 2026 11:24:13> [TSimMgr_Client.LogEventRecv] <0034> CPID_UDP_GAMECTRL_INFO
<17 Jul 2026 11:24:13> [TSimMgr_Client.LogEventRecv] <0034> CPID_UDP_GAMECTRL_INFO
<17 Jul 2026 11:24:13> [TSimMgr_Client.LogEventRecv] <0034> CPID_UDP_GAMECTRL_INFO
<17 Jul 2026 11:24:13> [TSimMgr_Client.LogEventRecv] <0034> CPID_UDP_GAMECTRL_INFO
<17 Jul 2026 11:24:13> [TSimMgr_Client.LogEventRecv] <0034> CPID_UDP_GAMECTRL_INFO
<17 Jul 2026 11:24:13> [TSimMgr_Client.LogEventRecv] <0034> CPID_UDP_GAMECTRL_INFO
<17 Jul 2026 11:24:13> [TSimMgr_Client.LogEventRecv] <0034> CPID_UDP_GAMECTRL_INFO
<17 Jul 2026 11:24:13> [TSimMgr_Client.LogEventRecv] <0034> CPID_UDP_GAMECTRL_INFO
<17 Jul 2026 11:24:13> [TSimMgr_Client.LogEventRecv] <0034> CPID_UDP_GAMECTRL_INFO
<17 Jul 2026 11:24:13> [TSimMgr_Client.LogEventRecv] <0034> CPID_UDP_GAMECTRL_INFO
<17 Jul 2026 11:24:13> [TSimMgr_Client.LogEventRecv] <0034> CPID_UDP_GAMECTRL_INFO
<17 Jul 2026 11:24:13> [TSimMgr_Client.LogEventRecv] <0034> CPID_UDP_GAMECTRL_INFO
<17 Jul 2026 11:24:13> [TSimMgr_Client.LogEventRecv] <0034> CPID_UDP_GAMECTRL_INFO
<17 Jul 2026 11:24:13> [TSimMgr_Client.LogEventRecv] <0034> CPID_UDP_GAMECTRL_INFO
<17 Jul 2026 11:24:13> [TSimMgr_Client.LogEventRecv] <0034> CPID_UDP_GAMECTRL_INFO
<17 Jul 2026 11:24:13> [TSimMgr_Client.LogEventRecv] <0034> CPID_UDP_GAMECTRL_INFO
<17 Jul 2026 11:24:13> [TSimMgr_Client.LogEventRecv] <0034> CPID_UDP_GAMECTRL_INFO
<17 Jul 2026 11:24:13> [TSimMgr_Client.LogEventRecv] <0034> CPID_UDP_GAMECTRL_INFO
<17 Jul 2026 11:24:13> [TSimMgr_Client.LogEventRecv] <0034> CPID_UDP_GAMECTRL_INFO
<17 Jul 2026 11:24:13> [TSimMgr_Client.LogEventRecv] <0034> CPID_UDP_GAMECTRL_INFO
<17 Jul 2026 11:24:13> [TSimMgr_Client.LogEventRecv] <0034> CPID_UDP_GAMECTRL_INFO
<17 Jul 2026 11:24:13> [TSimMgr_Client.LogEventRecv] <0034> CPID_UDP_GAMECTRL_INFO
<17 Jul 2026 11:24:13> [TSimMgr_Client.LogEventRecv] <0034> CPID_UDP_GAMECTRL_INFO
<17 Jul 2026 11:24:13> [TSimMgr_Client.LogEventRecv] <0034> CPID_UDP_GAMECTRL_INFO
<17 Jul 2026 11:24:13> [TSimMgr_Client.LogEventRecv] <0034> CPID_UDP_GAMECTRL_INFO
<17 Jul 2026 11:24:13> [TSimMgr_Client.LogEventRecv] <0034> CPID_UDP_GAMECTRL_INFO
<17 Jul 2026 11:24:13> [TSimMgr_Client.LogEventRecv] <0034> CPID_UDP_GAMECTRL_INFO
<17 Jul 2026 11:24:13> [TSimMgr_Client.LogEventRecv] <0034> CPID_UDP_GAMECTRL_INFO
<17 Jul 2026 11:24:13> [TSimMgr_Client.LogEventRecv] <0034> CPID_UDP_GAMECTRL_INFO
<17 Jul 2026 11:24:13> [TSimMgr_Client.LogEventRecv] <0034> CPID_UDP_GAMECTRL_INFO
<17 Jul 2026 11:24:13> [TSimMgr_Client.LogEventRecv] <0034> CPID_UDP_GAMECTRL_INFO
<17 Jul 2026 11:24:13> [TSimMgr_Client.LogEventRecv] <0034> CPID_UDP_GAMECTRL_INFO
<17 Jul 2026 11:24:13> [TSimMgr_Client.LogEventRecv] <0034> CPID_UDP_GAMECTRL_INFO
<17 Jul 2026 11:24:13> [TSimMgr_Client.LogEventRecv] <0034> CPID_UDP_GAMECTRL_INFO
<17 Jul 2026 11:24:13> [TSimMgr_Client.LogEventRecv] <0034> CPID_UDP_GAMECTRL_INFO
<17 Jul 2026 11:24:13> [TSimMgr_Client.LogEventRecv] <0034> CPID_UDP_GAMECTRL_INFO
<17 Jul 2026 11:24:13> [TSimMgr_Client.LogEventRecv] <0034> CPID_UDP_GAMECTRL_INFO
<17 Jul 2026 11:24:13> [TSimMgr_Client.LogEventRecv] <0034> CPID_UDP_GAMECTRL_INFO
<17 Jul 2026 11:24:13> [TSimMgr_Client.LogEventRecv] <0034> CPID_UDP_GAMECTRL_INFO
<17 Jul 2026 11:24:13> [TSimMgr_Client.LogEventRecv] <0034> CPID_UDP_GAMECTRL_INFO
<17 Jul 2026 11:24:13> [TSimMgr_Client.LogEventRecv] <0034> CPID_UDP_GAMECTRL_INFO
<17 Jul 2026 11:24:13> [TSimMgr_Client.LogEventRecv] <0034> CPID_UDP_GAMECTRL_INFO
<17 Jul 2026 11:24:13> [TSimMgr_Client.LogEventRecv] <0034> CPID_UDP_GAMECTRL_INFO
<17 Jul 2026 11:24:13> [TSimMgr_Client.LogEventRecv] <0034> CPID_UDP_GAMECTRL_INFO
<17 Jul 2026 11:24:13> [TSimMgr_Client.LogEventRecv] <0034> CPID_UDP_GAMECTRL_INFO
<17 Jul 2026 11:24:13> [TSimMgr_Client.LogEventRecv] <0034> CPID_UDP_GAMECTRL_INFO
<17 Jul 2026 11:24:13> [TSimMgr_Client.LogEventRecv] <0034> CPID_UDP_GAMECTRL_INFO
<17 Jul 2026 11:24:13> [TSimMgr_Client.LogEventRecv] <0034> CPID_UDP_GAMECTRL_INFO
<17 Jul 2026 11:24:13> [TSimMgr_Client.LogEventRecv] <0034> CPID_UDP_GAMECTRL_INFO
<17 Jul 2026 11:24:13> [TSimMgr_Client.LogEventRecv] <0034> CPID_UDP_GAMECTRL_INFO
<17 Jul 2026 11:24:13> [TSimMgr_Client.LogEventRecv] <0034> CPID_UDP_GAMECTRL_INFO
<17 Jul 2026 11:24:13> [TSimMgr_Client.LogEventRecv] <0034> CPID_UDP_GAMECTRL_INFO
<17 Jul 2026 11:24:13> [TSimMgr_Client.LogEventRecv] <0034> CPID_UDP_GAMECTRL_INFO
<17 Jul 2026 11:24:13> [TSimMgr_Client.LogEventRecv] <0034> CPID_UDP_GAMECTRL_INFO
<17 Jul 2026 11:24:13> [TSimMgr_Client.LogEventRecv] <0034> CPID_UDP_GAMECTRL_INFO
<17 Jul 2026 11:24:13> [TSimMgr_Client.LogEventRecv] <0034> CPID_UDP_GAMECTRL_INFO
<17 Jul 2026 11:24:13> [TSimMgr_Client.LogEventRecv] <0034> CPID_UDP_GAMECTRL_INFO
<17 Jul 2026 11:24:13> [TSimMgr_Client.LogEventRecv] <0034> CPID_UDP_GAMECTRL_INFO
<17 Jul 2026 11:24:13> [TSimMgr_Client.LogEventRecv] <0034> CPID_UDP_GAMECTRL_INFO
<17 Jul 2026 11:24:13> [TSimMgr_Client.LogEventRecv] <0034> CPID_UDP_GAMECTRL_INFO
<17 Jul 2026 11:24:13> [TSimMgr_Client.LogEventRecv] <0034> CPID_UDP_GAMECTRL_INFO
<17 Jul 2026 11:24:13> [TSimMgr_Client.LogEventRecv] <0034> CPID_UDP_GAMECTRL_INFO
<17 Jul 2026 11:24:13> [TSimMgr_Client.LogEventRecv] <0034> CPID_UDP_GAMECTRL_INFO
<17 Jul 2026 11:24:13> [TSimMgr_Client.LogEventRecv] <0034> CPID_UDP_GAMECTRL_INFO
<17 Jul 2026 11:24:13> [TSimMgr_Client.LogEventRecv] <0034> CPID_UDP_GAMECTRL_INFO
<17 Jul 2026 11:24:13> [TSimMgr_Client.LogEventRecv] <0034> CPID_UDP_GAMECTRL_INFO
<17 Jul 2026 11:24:13> [TSimMgr_Client.LogEventRecv] <0034> CPID_UDP_GAMECTRL_INFO
<17 Jul 2026 11:24:13> [TSimMgr_Client.LogEventRecv] <0034> CPID_UDP_GAMECTRL_INFO
<17 Jul 2026 11:24:13> [TSimMgr_Client.LogEventRecv] <0034> CPID_UDP_GAMECTRL_INFO
<17 Jul 2026 11:24:13> [TSimMgr_Client.LogEventRecv] <0034> CPID_UDP_GAMECTRL_INFO
<17 Jul 2026 11:24:13> [TSimMgr_Client.LogEventRecv] <0034> CPID_UDP_GAMECTRL_INFO
<17 Jul 2026 11:24:13> [TSimMgr_Client.LogEventRecv] <0034> CPID_UDP_GAMECTRL_INFO
<17 Jul 2026 11:24:13> [TSimMgr_Client.LogEventRecv] <0034> CPID_UDP_GAMECTRL_INFO
<17 Jul 2026 11:24:13> [TSimMgr_Client.LogEventRecv] <0034> CPID_UDP_GAMECTRL_INFO
<17 Jul 2026 11:24:13> [TSimMgr_Client.LogEventRecv] <0034> CPID_UDP_GAMECTRL_INFO
<17 Jul 2026 11:24:13> [TSimMgr_Client.LogEventRecv] <0034> CPID_UDP_GAMECTRL_INFO
<17 Jul 2026 11:24:13> [TSimMgr_Client.LogEventRecv] <0034> CPID_UDP_GAMECTRL_INFO
<17 Jul 2026 11:24:13> [TSimMgr_Client.LogEventRecv] <0034> CPID_UDP_GAMECTRL_INFO
<17 Jul 2026 11:24:13> [TSimMgr_Client.LogEventRecv] <0034> CPID_UDP_GAMECTRL_INFO
<17 Jul 2026 11:24:13> [TSimMgr_Client.LogEventRecv] <0034> CPID_UDP_GAMECTRL_INFO
<17 Jul 2026 11:24:13> [TSimMgr_Client.LogEventRecv] <0034> CPID_UDP_GAMECTRL_INFO
<17 Jul 2026 11:24:13> [TSimMgr_Client.LogEventRecv] <0034> CPID_UDP_GAMECTRL_INFO
<17 Jul 2026 11:24:13> [TSimMgr_Client.LogEventRecv] <0034> CPID_UDP_GAMECTRL_INFO
<17 Jul 2026 11:24:13> [TSimMgr_Client.LogEventRecv] <0034> CPID_UDP_GAMECTRL_INFO
<17 Jul 2026 11:24:13> [TSimMgr_Client.LogEventRecv] <0034> CPID_UDP_GAMECTRL_INFO
<17 Jul 2026 11:24:13> [TSimMgr_Client.LogEventRecv] <0034> CPID_UDP_GAMECTRL_INFO
<17 Jul 2026 11:24:13> [TSimMgr_Client.LogEventRecv] <0034> CPID_UDP_GAMECTRL_INFO
<17 Jul 2026 11:24:13> [TSimMgr_Client.LogEventRecv] <0034> CPID_UDP_GAMECTRL_INFO
<17 Jul 2026 11:24:13> [TSimMgr_Client.LogEventRecv] <0034> CPID_UDP_GAMECTRL_INFO
<17 Jul 2026 11:24:13> [TSimMgr_Client.LogEventRecv] <0034> CPID_UDP_GAMECTRL_INFO
<17 Jul 2026 11:24:13> [TSimMgr_Client.LogEventRecv] <0034> CPID_UDP_GAMECTRL_INFO
<17 Jul 2026 11:24:13> [TSimMgr_Client.LogEventRecv] <0034> CPID_UDP_GAMECTRL_INFO
<17 Jul 2026 11:24:13> [TSimMgr_Client.LogEventRecv] <0034> CPID_UDP_GAMECTRL_INFO
<17 Jul 2026 11:24:13> [TSimMgr_Client.LogEventRecv] <0034> CPID_UDP_GAMECTRL_INFO
<17 Jul 2026 11:24:13> [TSimMgr_Client.LogEventRecv] <0034> CPID_UDP_GAMECTRL_INFO
<17 Jul 2026 11:24:13> [TSimMgr_Client.LogEventRecv] <0034> CPID_UDP_GAMECTRL_INFO
<17 Jul 2026 11:24:13> [TSimMgr_Client.LogEventRecv] <0034> CPID_UDP_GAMECTRL_INFO
<17 Jul 2026 11:24:13> [TSimMgr_Client.LogEventRecv] <0034> CPID_UDP_GAMECTRL_INFO
<17 Jul 2026 11:24:13> [TSimMgr_Client.LogEventRecv] <0034> CPID_UDP_GAMECTRL_INFO
<17 Jul 2026 11:24:13> [TSimMgr_Client.LogEventRecv] <0034> CPID_UDP_GAMECTRL_INFO
<17 Jul 2026 11:24:13> [TSimMgr_Client.LogEventRecv] <0034> CPID_UDP_GAMECTRL_INFO
<17 Jul 2026 11:24:13> [TSimMgr_Client.LogEventRecv] <0034> CPID_UDP_GAMECTRL_INFO
<17 Jul 2026 11:24:13> [TSimMgr_Client.LogEventRecv] <0034> CPID_UDP_GAMECTRL_INFO
<17 Jul 2026 11:24:13> [TSimMgr_Client.LogEventRecv] <0034> CPID_UDP_GAMECTRL_INFO
<17 Jul 2026 11:24:13> [TSimMgr_Client.LogEventRecv] <0034> CPID_UDP_GAMECTRL_INFO
<17 Jul 2026 11:24:13> [TSimMgr_Client.LogEventRecv] <0034> CPID_UDP_GAMECTRL_INFO
<17 Jul 2026 11:24:13> [TSimMgr_Client.LogEventRecv] <0034> CPID_UDP_GAMECTRL_INFO
<17 Jul 2026 11:24:13> [TSimMgr_Client.LogEventRecv] <0034> CPID_UDP_GAMECTRL_INFO
<17 Jul 2026 11:24:13> [TSimMgr_Client.LogEventRecv] <0034> CPID_UDP_GAMECTRL_INFO
<17 Jul 2026 11:24:13> [TSimMgr_Client.LogEventRecv] <0034> CPID_UDP_GAMECTRL_INFO
<17 Jul 2026 11:24:13> [TSimMgr_Client.LogEventRecv] <0034> CPID_UDP_GAMECTRL_INFO
<17 Jul 2026 11:24:13> [TSimMgr_Client.LogEventRecv] <0034> CPID_UDP_GAMECTRL_INFO
<17 Jul 2026 11:24:13> [TSimMgr_Client.LogEventRecv] <0034> CPID_UDP_GAMECTRL_INFO
<17 Jul 2026 11:24:13> [TSimMgr_Client.LogEventRecv] <0034> CPID_UDP_GAMECTRL_INFO
<17 Jul 2026 11:24:13> [TSimMgr_Client.LogEventRecv] <0034> CPID_UDP_GAMECTRL_INFO
<17 Jul 2026 11:24:13> [TSimMgr_Client.LogEventRecv] <0034> CPID_UDP_GAMECTRL_INFO
<17 Jul 2026 11:24:13> [TSimMgr_Client.LogEventRecv] <0034> CPID_UDP_GAMECTRL_INFO
<17 Jul 2026 11:24:13> [TSimMgr_Client.LogEventRecv] <0034> CPID_UDP_GAMECTRL_INFO
<17 Jul 2026 11:24:13> [TSimMgr_Client.LogEventRecv] <0034> CPID_UDP_GAMECTRL_INFO
<17 Jul 2026 11:24:13> [TSimMgr_Client.LogEventRecv] <0034> CPID_UDP_GAMECTRL_INFO
<17 Jul 2026 11:24:13> [TSimMgr_Client.LogEventRecv] <0034> CPID_UDP_GAMECTRL_INFO
<17 Jul 2026 11:24:13> [TSimMgr_Client.LogEventRecv] <0034> CPID_UDP_GAMECTRL_INFO
<17 Jul 2026 11:24:13> [TSimMgr_Client.LogEventRecv] <0034> CPID_UDP_GAMECTRL_INFO
<17 Jul 2026 11:24:13> [TSimMgr_Client.LogEventRecv] <0034> CPID_UDP_GAMECTRL_INFO
<17 Jul 2026 11:24:13> [TSimMgr_Client.LogEventRecv] <0034> CPID_UDP_GAMECTRL_INFO
<17 Jul 2026 11:24:13> [TSimMgr_Client.LogEventRecv] <0034> CPID_UDP_GAMECTRL_INFO
<17 Jul 2026 11:24:13> [TSimMgr_Client.LogEventRecv] <0034> CPID_UDP_GAMECTRL_INFO
<17 Jul 2026 11:24:13> [TSimMgr_Client.LogEventRecv] <0015> UNDEFINED (15)
<17 Jul 2026 11:24:13> [TSimMgr_Client.LogEventRecv] <0059> CPID_CMD_GAME_CTRL               
<17 Jul 2026 11:28:47> [TSimMgr_Client.LogEventRecv] <0065> CPID_CMD_CHANGE_TRACK_NUMBER      
<17 Jul 2026 11:28:47> [TSimMgr_Client.LogEventRecv] <0065> CPID_CMD_CHANGE_TRACK_NUMBER      
<17 Jul 2026 11:28:47> [TSimMgr_Client.LogEventRecv] <0055> CPID_CMD_SYNCH                   
<17 Jul 2026 11:28:47> [TSimMgr_Client.LogEventRecv] <0055> CPID_CMD_SYNCH                   
<17 Jul 2026 11:28:47> [TSimMgr_Client.LogEventRecv] <0015> UNDEFINED (15)
<17 Jul 2026 11:28:47> [TSimMgr_Client.LogEventRecv] <0015> UNDEFINED (15)
<17 Jul 2026 11:28:48> [TSimMgr_Client.LogEventRecv] <0055> CPID_CMD_SYNCH                   
<17 Jul 2026 11:28:48> [TSimMgr_Client.LogEventRecv] <0055> CPID_CMD_SYNCH                   
<17 Jul 2026 11:28:48> [TSimMgr_Client.LogEventRecv] <0015> UNDEFINED (15)
<17 Jul 2026 11:28:48> [TSimMgr_Client.LogEventRecv] <0015> UNDEFINED (15)
<17 Jul 2026 11:28:48> [TSimMgr_Client.LogEventRecv] <0187> CPID_CMD_VERSION
<17 Jul 2026 11:28:48> [TSimMgr_Client.netRecv_CmdVersion] Receive Data from : 208.179.66.0
<17 Jul 2026 11:28:54> [TSimMgr_Client.LogEventRecv] <0031> CPID_UDP_PLATFORM_MOVE
<17 Jul 2026 11:28:54> [TSimMgr_Client.LogEventRecv] <0031> CPID_UDP_PLATFORM_MOVE
<17 Jul 2026 11:28:54> [TSimMgr_Client.LogEventRecv] <0031> CPID_UDP_PLATFORM_MOVE
<17 Jul 2026 11:28:54> [TSimMgr_Client.LogEventRecv] <0031> CPID_UDP_PLATFORM_MOVE
<17 Jul 2026 11:28:54> [TSimMgr_Client.LogEventRecv] <0031> CPID_UDP_PLATFORM_MOVE
<17 Jul 2026 11:28:54> [TSimMgr_Client.LogEventRecv] <0031> CPID_UDP_PLATFORM_MOVE
<17 Jul 2026 11:28:54> [TSimMgr_Client.LogEventRecv] <0031> CPID_UDP_PLATFORM_MOVE
<17 Jul 2026 11:28:54> [TSimMgr_Client.LogEventRecv] <0031> CPID_UDP_PLATFORM_MOVE
<17 Jul 2026 11:28:54> [TSimMgr_Client.LogEventRecv] <0031> CPID_UDP_PLATFORM_MOVE
<17 Jul 2026 11:28:54> [TSimMgr_Client.LogEventRecv] <0187> CPID_CMD_VERSION
<17 Jul 2026 11:28:54> [TSimMgr_Client.netRecv_CmdVersion] Receive Data from : 1.0.10.0
<17 Jul 2026 11:28:57> [TSimMgr_Client.LogEventRecv] <0031> CPID_UDP_PLATFORM_MOVE
<17 Jul 2026 11:28:57> [TSimMgr_Client.LogEventRecv] <0031> CPID_UDP_PLATFORM_MOVE
<17 Jul 2026 11:28:57> [TSimMgr_Client.LogEventRecv] <0031> CPID_UDP_PLATFORM_MOVE
<17 Jul 2026 11:28:57> [TSimMgr_Client.LogEventRecv] <0031> CPID_UDP_PLATFORM_MOVE
<17 Jul 2026 11:28:57> [TSimMgr_Client.LogEventRecv] <0031> CPID_UDP_PLATFORM_MOVE
<17 Jul 2026 11:28:57> [TSimMgr_Client.LogEventRecv] <0031> CPID_UDP_PLATFORM_MOVE
<17 Jul 2026 11:28:57> [TSimMgr_Client.LogEventRecv] <0031> CPID_UDP_PLATFORM_MOVE
<17 Jul 2026 11:28:57> [TSimMgr_Client.LogEventRecv] <0031> CPID_UDP_PLATFORM_MOVE
<17 Jul 2026 11:28:57> [TSimMgr_Client.LogEventRecv] <0031> CPID_UDP_PLATFORM_MOVE
<17 Jul 2026 11:29:04> [TSimMgr_Client.LogEventRecv] <0031> CPID_UDP_PLATFORM_MOVE
<17 Jul 2026 11:29:04> [TSimMgr_Client.LogEventRecv] <0031> CPID_UDP_PLATFORM_MOVE
<17 Jul 2026 11:29:04> [TSimMgr_Client.LogEventRecv] <0031> CPID_UDP_PLATFORM_MOVE
<17 Jul 2026 11:29:04> [TSimMgr_Client.LogEventRecv] <0031> CPID_UDP_PLATFORM_MOVE
<17 Jul 2026 11:29:04> [TSimMgr_Client.LogEventRecv] <0031> CPID_UDP_PLATFORM_MOVE
<17 Jul 2026 11:29:04> [TSimMgr_Client.LogEventRecv] <0031> CPID_UDP_PLATFORM_MOVE
<17 Jul 2026 11:29:04> [TSimMgr_Client.LogEventRecv] <0031> CPID_UDP_PLATFORM_MOVE
<17 Jul 2026 11:29:04> [TSimMgr_Client.LogEventRecv] <0031> CPID_UDP_PLATFORM_MOVE
<17 Jul 2026 11:29:04> [TSimMgr_Client.LogEventRecv] <0031> CPID_UDP_PLATFORM_MOVE
<17 Jul 2026 11:29:13> [TSimMgr_Client.LogEventRecv] <0031> CPID_UDP_PLATFORM_MOVE
<17 Jul 2026 11:29:13> [TSimMgr_Client.LogEventRecv] <0031> CPID_UDP_PLATFORM_MOVE
<17 Jul 2026 11:29:13> [TSimMgr_Client.LogEventRecv] <0031> CPID_UDP_PLATFORM_MOVE
<17 Jul 2026 11:29:13> [TSimMgr_Client.LogEventRecv] <0031> CPID_UDP_PLATFORM_MOVE
<17 Jul 2026 11:29:13> [TSimMgr_Client.LogEventRecv] <0031> CPID_UDP_PLATFORM_MOVE
<17 Jul 2026 11:29:13> [TSimMgr_Client.LogEventRecv] <0031> CPID_UDP_PLATFORM_MOVE
<17 Jul 2026 11:29:13> [TSimMgr_Client.LogEventRecv] <0031> CPID_UDP_PLATFORM_MOVE
<17 Jul 2026 11:29:13> [TSimMgr_Client.LogEventRecv] <0031> CPID_UDP_PLATFORM_MOVE
<17 Jul 2026 11:29:13> [TSimMgr_Client.LogEventRecv] <0031> CPID_UDP_PLATFORM_MOVE
<17 Jul 2026 11:29:20> [TSimMgr_Client.LogEventRecv] <0031> CPID_UDP_PLATFORM_MOVE
<17 Jul 2026 11:29:20> [TSimMgr_Client.LogEventRecv] <0031> CPID_UDP_PLATFORM_MOVE
<17 Jul 2026 11:29:20> [TSimMgr_Client.LogEventRecv] <0031> CPID_UDP_PLATFORM_MOVE
<17 Jul 2026 11:29:20> [TSimMgr_Client.LogEventRecv] <0031> CPID_UDP_PLATFORM_MOVE
<17 Jul 2026 11:29:20> [TSimMgr_Client.LogEventRecv] <0031> CPID_UDP_PLATFORM_MOVE
<17 Jul 2026 11:29:20> [TSimMgr_Client.LogEventRecv] <0031> CPID_UDP_PLATFORM_MOVE
<17 Jul 2026 11:29:20> [TSimMgr_Client.LogEventRecv] <0031> CPID_UDP_PLATFORM_MOVE
<17 Jul 2026 11:29:20> [TSimMgr_Client.LogEventRecv] <0031> CPID_UDP_PLATFORM_MOVE
<17 Jul 2026 11:29:20> [TSimMgr_Client.LogEventRecv] <0031> CPID_UDP_PLATFORM_MOVE
<17 Jul 2026 11:29:29> [TSimMgr_Client.LogEventRecv] <0031> CPID_UDP_PLATFORM_MOVE
<17 Jul 2026 11:29:29> [TSimMgr_Client.LogEventRecv] <0031> CPID_UDP_PLATFORM_MOVE
<17 Jul 2026 11:29:29> [TSimMgr_Client.LogEventRecv] <0031> CPID_UDP_PLATFORM_MOVE
<17 Jul 2026 11:29:29> [TSimMgr_Client.LogEventRecv] <0031> CPID_UDP_PLATFORM_MOVE
<17 Jul 2026 11:29:29> [TSimMgr_Client.LogEventRecv] <0031> CPID_UDP_PLATFORM_MOVE
<17 Jul 2026 11:29:29> [TSimMgr_Client.LogEventRecv] <0031> CPID_UDP_PLATFORM_MOVE
<17 Jul 2026 11:29:29> [TSimMgr_Client.LogEventRecv] <0031> CPID_UDP_PLATFORM_MOVE
<17 Jul 2026 11:29:29> [TSimMgr_Client.LogEventRecv] <0031> CPID_UDP_PLATFORM_MOVE
<17 Jul 2026 11:29:29> [TSimMgr_Client.LogEventRecv] <0031> CPID_UDP_PLATFORM_MOVE
<17 Jul 2026 11:29:37> [TSimMgr_Client.LogEventRecv] <0031> CPID_UDP_PLATFORM_MOVE
<17 Jul 2026 11:29:37> [TSimMgr_Client.LogEventRecv] <0031> CPID_UDP_PLATFORM_MOVE
<17 Jul 2026 11:29:37> [TSimMgr_Client.LogEventRecv] <0031> CPID_UDP_PLATFORM_MOVE
<17 Jul 2026 11:29:37> [TSimMgr_Client.LogEventRecv] <0031> CPID_UDP_PLATFORM_MOVE
<17 Jul 2026 11:29:37> [TSimMgr_Client.LogEventRecv] <0031> CPID_UDP_PLATFORM_MOVE
<17 Jul 2026 11:29:37> [TSimMgr_Client.LogEventRecv] <0031> CPID_UDP_PLATFORM_MOVE
<17 Jul 2026 11:29:37> [TSimMgr_Client.LogEventRecv] <0031> CPID_UDP_PLATFORM_MOVE
<17 Jul 2026 11:29:37> [TSimMgr_Client.LogEventRecv] <0031> CPID_UDP_PLATFORM_MOVE
<17 Jul 2026 11:29:37> [TSimMgr_Client.LogEventRecv] <0031> CPID_UDP_PLATFORM_MOVE
<17 Jul 2026 11:29:45> [TSimMgr_Client.LogEventRecv] <0031> CPID_UDP_PLATFORM_MOVE
<17 Jul 2026 11:29:45> [TSimMgr_Client.LogEventRecv] <0031> CPID_UDP_PLATFORM_MOVE
<17 Jul 2026 11:29:45> [TSimMgr_Client.LogEventRecv] <0031> CPID_UDP_PLATFORM_MOVE
<17 Jul 2026 11:29:45> [TSimMgr_Client.LogEventRecv] <0031> CPID_UDP_PLATFORM_MOVE
<17 Jul 2026 11:29:45> [TSimMgr_Client.LogEventRecv] <0031> CPID_UDP_PLATFORM_MOVE
<17 Jul 2026 11:29:45> [TSimMgr_Client.LogEventRecv] <0031> CPID_UDP_PLATFORM_MOVE
<17 Jul 2026 11:29:45> [TSimMgr_Client.LogEventRecv] <0031> CPID_UDP_PLATFORM_MOVE
<17 Jul 2026 11:29:45> [TSimMgr_Client.LogEventRecv] <0031> CPID_UDP_PLATFORM_MOVE
<17 Jul 2026 11:29:45> [TSimMgr_Client.LogEventRecv] <0031> CPID_UDP_PLATFORM_MOVE
<17 Jul 2026 11:29:53> [TSimMgr_Client.LogEventRecv] <0031> CPID_UDP_PLATFORM_MOVE
<17 Jul 2026 11:29:53> [TSimMgr_Client.LogEventRecv] <0031> CPID_UDP_PLATFORM_MOVE
<17 Jul 2026 11:29:53> [TSimMgr_Client.LogEventRecv] <0031> CPID_UDP_PLATFORM_MOVE
<17 Jul 2026 11:29:53> [TSimMgr_Client.LogEventRecv] <0031> CPID_UDP_PLATFORM_MOVE
<17 Jul 2026 11:29:53> [TSimMgr_Client.LogEventRecv] <0031> CPID_UDP_PLATFORM_MOVE
<17 Jul 2026 11:29:53> [TSimMgr_Client.LogEventRecv] <0031> CPID_UDP_PLATFORM_MOVE
<17 Jul 2026 11:29:53> [TSimMgr_Client.LogEventRecv] <0031> CPID_UDP_PLATFORM_MOVE
<17 Jul 2026 11:29:53> [TSimMgr_Client.LogEventRecv] <0031> CPID_UDP_PLATFORM_MOVE
<17 Jul 2026 11:29:53> [TSimMgr_Client.LogEventRecv] <0031> CPID_UDP_PLATFORM_MOVE
<17 Jul 2026 11:30:01> [TSimMgr_Client.LogEventRecv] <0031> CPID_UDP_PLATFORM_MOVE
<17 Jul 2026 11:30:01> [TSimMgr_Client.LogEventRecv] <0031> CPID_UDP_PLATFORM_MOVE
<17 Jul 2026 11:30:01> [TSimMgr_Client.LogEventRecv] <0031> CPID_UDP_PLATFORM_MOVE
<17 Jul 2026 11:30:01> [TSimMgr_Client.LogEventRecv] <0031> CPID_UDP_PLATFORM_MOVE
<17 Jul 2026 11:30:01> [TSimMgr_Client.LogEventRecv] <0031> CPID_UDP_PLATFORM_MOVE
<17 Jul 2026 11:30:01> [TSimMgr_Client.LogEventRecv] <0031> CPID_UDP_PLATFORM_MOVE
<17 Jul 2026 11:30:01> [TSimMgr_Client.LogEventRecv] <0031> CPID_UDP_PLATFORM_MOVE
<17 Jul 2026 11:30:01> [TSimMgr_Client.LogEventRecv] <0031> CPID_UDP_PLATFORM_MOVE
<17 Jul 2026 11:30:01> [TSimMgr_Client.LogEventRecv] <0031> CPID_UDP_PLATFORM_MOVE
<17 Jul 2026 11:30:09> [TSimMgr_Client.LogEventRecv] <0031> CPID_UDP_PLATFORM_MOVE
<17 Jul 2026 11:30:09> [TSimMgr_Client.LogEventRecv] <0031> CPID_UDP_PLATFORM_MOVE
<17 Jul 2026 11:30:09> [TSimMgr_Client.LogEventRecv] <0031> CPID_UDP_PLATFORM_MOVE
<17 Jul 2026 11:30:09> [TSimMgr_Client.LogEventRecv] <0031> CPID_UDP_PLATFORM_MOVE
<17 Jul 2026 11:30:09> [TSimMgr_Client.LogEventRecv] <0031> CPID_UDP_PLATFORM_MOVE
<17 Jul 2026 11:30:09> [TSimMgr_Client.LogEventRecv] <0031> CPID_UDP_PLATFORM_MOVE
<17 Jul 2026 11:30:09> [TSimMgr_Client.LogEventRecv] <0031> CPID_UDP_PLATFORM_MOVE
<17 Jul 2026 11:30:09> [TSimMgr_Client.LogEventRecv] <0031> CPID_UDP_PLATFORM_MOVE
<17 Jul 2026 11:30:09> [TSimMgr_Client.LogEventRecv] <0031> CPID_UDP_PLATFORM_MOVE
<17 Jul 2026 11:30:17> [TSimMgr_Client.LogEventRecv] <0031> CPID_UDP_PLATFORM_MOVE
<17 Jul 2026 11:30:17> [TSimMgr_Client.LogEventRecv] <0031> CPID_UDP_PLATFORM_MOVE
<17 Jul 2026 11:30:17> [TSimMgr_Client.LogEventRecv] <0031> CPID_UDP_PLATFORM_MOVE
<17 Jul 2026 11:30:17> [TSimMgr_Client.LogEventRecv] <0031> CPID_UDP_PLATFORM_MOVE
<17 Jul 2026 11:30:17> [TSimMgr_Client.LogEventRecv] <0031> CPID_UDP_PLATFORM_MOVE
<17 Jul 2026 11:30:17> [TSimMgr_Client.LogEventRecv] <0031> CPID_UDP_PLATFORM_MOVE
<17 Jul 2026 11:30:17> [TSimMgr_Client.LogEventRecv] <0031> CPID_UDP_PLATFORM_MOVE
<17 Jul 2026 11:30:17> [TSimMgr_Client.LogEventRecv] <0031> CPID_UDP_PLATFORM_MOVE
<17 Jul 2026 11:30:17> [TSimMgr_Client.LogEventRecv] <0031> CPID_UDP_PLATFORM_MOVE
<17 Jul 2026 11:30:25> [TSimMgr_Client.LogEventRecv] <0031> CPID_UDP_PLATFORM_MOVE
<17 Jul 2026 11:30:25> [TSimMgr_Client.LogEventRecv] <0031> CPID_UDP_PLATFORM_MOVE
<17 Jul 2026 11:30:25> [TSimMgr_Client.LogEventRecv] <0031> CPID_UDP_PLATFORM_MOVE
<17 Jul 2026 11:30:25> [TSimMgr_Client.LogEventRecv] <0031> CPID_UDP_PLATFORM_MOVE
<17 Jul 2026 11:30:25> [TSimMgr_Client.LogEventRecv] <0031> CPID_UDP_PLATFORM_MOVE
<17 Jul 2026 11:30:25> [TSimMgr_Client.LogEventRecv] <0031> CPID_UDP_PLATFORM_MOVE
<17 Jul 2026 11:30:25> [TSimMgr_Client.LogEventRecv] <0031> CPID_UDP_PLATFORM_MOVE
<17 Jul 2026 11:30:25> [TSimMgr_Client.LogEventRecv] <0031> CPID_UDP_PLATFORM_MOVE
<17 Jul 2026 11:30:25> [TSimMgr_Client.LogEventRecv] <0031> CPID_UDP_PLATFORM_MOVE
<17 Jul 2026 11:30:33> [TSimMgr_Client.LogEventRecv] <0031> CPID_UDP_PLATFORM_MOVE
<17 Jul 2026 11:30:33> [TSimMgr_Client.LogEventRecv] <0031> CPID_UDP_PLATFORM_MOVE
<17 Jul 2026 11:30:33> [TSimMgr_Client.LogEventRecv] <0031> CPID_UDP_PLATFORM_MOVE
<17 Jul 2026 11:30:33> [TSimMgr_Client.LogEventRecv] <0031> CPID_UDP_PLATFORM_MOVE
<17 Jul 2026 11:30:33> [TSimMgr_Client.LogEventRecv] <0031> CPID_UDP_PLATFORM_MOVE
<17 Jul 2026 11:30:33> [TSimMgr_Client.LogEventRecv] <0031> CPID_UDP_PLATFORM_MOVE
<17 Jul 2026 11:30:33> [TSimMgr_Client.LogEventRecv] <0031> CPID_UDP_PLATFORM_MOVE
<17 Jul 2026 11:30:33> [TSimMgr_Client.LogEventRecv] <0031> CPID_UDP_PLATFORM_MOVE
<17 Jul 2026 11:30:33> [TSimMgr_Client.LogEventRecv] <0031> CPID_UDP_PLATFORM_MOVE
<17 Jul 2026 11:30:40> [TSimMgr_Client.LogEventRecv] <0031> CPID_UDP_PLATFORM_MOVE
<17 Jul 2026 11:30:40> [TSimMgr_Client.LogEventRecv] <0031> CPID_UDP_PLATFORM_MOVE
<17 Jul 2026 11:30:40> [TSimMgr_Client.LogEventRecv] <0031> CPID_UDP_PLATFORM_MOVE
<17 Jul 2026 11:30:40> [TSimMgr_Client.LogEventRecv] <0031> CPID_UDP_PLATFORM_MOVE
<17 Jul 2026 11:30:40> [TSimMgr_Client.LogEventRecv] <0031> CPID_UDP_PLATFORM_MOVE
<17 Jul 2026 11:30:40> [TSimMgr_Client.LogEventRecv] <0031> CPID_UDP_PLATFORM_MOVE
<17 Jul 2026 11:30:40> [TSimMgr_Client.LogEventRecv] <0031> CPID_UDP_PLATFORM_MOVE
<17 Jul 2026 11:30:40> [TSimMgr_Client.LogEventRecv] <0031> CPID_UDP_PLATFORM_MOVE
<17 Jul 2026 11:30:40> [TSimMgr_Client.LogEventRecv] <0031> CPID_UDP_PLATFORM_MOVE
<17 Jul 2026 11:30:49> [TSimMgr_Client.LogEventRecv] <0031> CPID_UDP_PLATFORM_MOVE
<17 Jul 2026 11:30:49> [TSimMgr_Client.LogEventRecv] <0031> CPID_UDP_PLATFORM_MOVE
<17 Jul 2026 11:30:49> [TSimMgr_Client.LogEventRecv] <0031> CPID_UDP_PLATFORM_MOVE
<17 Jul 2026 11:30:49> [TSimMgr_Client.LogEventRecv] <0031> CPID_UDP_PLATFORM_MOVE
<17 Jul 2026 11:30:49> [TSimMgr_Client.LogEventRecv] <0031> CPID_UDP_PLATFORM_MOVE
<17 Jul 2026 11:30:49> [TSimMgr_Client.LogEventRecv] <0031> CPID_UDP_PLATFORM_MOVE
<17 Jul 2026 11:30:49> [TSimMgr_Client.LogEventRecv] <0031> CPID_UDP_PLATFORM_MOVE
<17 Jul 2026 11:30:49> [TSimMgr_Client.LogEventRecv] <0031> CPID_UDP_PLATFORM_MOVE
<17 Jul 2026 11:30:49> [TSimMgr_Client.LogEventRecv] <0031> CPID_UDP_PLATFORM_MOVE
<17 Jul 2026 11:30:57> [TSimMgr_Client.LogEventRecv] <0031> CPID_UDP_PLATFORM_MOVE
<17 Jul 2026 11:30:57> [TSimMgr_Client.LogEventRecv] <0031> CPID_UDP_PLATFORM_MOVE
<17 Jul 2026 11:30:57> [TSimMgr_Client.LogEventRecv] <0031> CPID_UDP_PLATFORM_MOVE
<17 Jul 2026 11:30:57> [TSimMgr_Client.LogEventRecv] <0031> CPID_UDP_PLATFORM_MOVE
<17 Jul 2026 11:30:57> [TSimMgr_Client.LogEventRecv] <0031> CPID_UDP_PLATFORM_MOVE
<17 Jul 2026 11:30:57> [TSimMgr_Client.LogEventRecv] <0031> CPID_UDP_PLATFORM_MOVE
<17 Jul 2026 11:30:57> [TSimMgr_Client.LogEventRecv] <0031> CPID_UDP_PLATFORM_MOVE
<17 Jul 2026 11:30:57> [TSimMgr_Client.LogEventRecv] <0031> CPID_UDP_PLATFORM_MOVE
<17 Jul 2026 11:30:57> [TSimMgr_Client.LogEventRecv] <0031> CPID_UDP_PLATFORM_MOVE
<17 Jul 2026 11:31:05> [TSimMgr_Client.LogEventRecv] <0031> CPID_UDP_PLATFORM_MOVE
<17 Jul 2026 11:31:05> [TSimMgr_Client.LogEventRecv] <0031> CPID_UDP_PLATFORM_MOVE
<17 Jul 2026 11:31:05> [TSimMgr_Client.LogEventRecv] <0031> CPID_UDP_PLATFORM_MOVE
<17 Jul 2026 11:31:05> [TSimMgr_Client.LogEventRecv] <0031> CPID_UDP_PLATFORM_MOVE
<17 Jul 2026 11:31:05> [TSimMgr_Client.LogEventRecv] <0031> CPID_UDP_PLATFORM_MOVE
<17 Jul 2026 11:31:05> [TSimMgr_Client.LogEventRecv] <0031> CPID_UDP_PLATFORM_MOVE
<17 Jul 2026 11:31:05> [TSimMgr_Client.LogEventRecv] <0031> CPID_UDP_PLATFORM_MOVE
<17 Jul 2026 11:31:05> [TSimMgr_Client.LogEventRecv] <0031> CPID_UDP_PLATFORM_MOVE
<17 Jul 2026 11:31:05> [TSimMgr_Client.LogEventRecv] <0031> CPID_UDP_PLATFORM_MOVE
<17 Jul 2026 11:31:13> [TSimMgr_Client.LogEventRecv] <0031> CPID_UDP_PLATFORM_MOVE
<17 Jul 2026 11:31:13> [TSimMgr_Client.LogEventRecv] <0031> CPID_UDP_PLATFORM_MOVE
<17 Jul 2026 11:31:13> [TSimMgr_Client.LogEventRecv] <0031> CPID_UDP_PLATFORM_MOVE
<17 Jul 2026 11:31:13> [TSimMgr_Client.LogEventRecv] <0031> CPID_UDP_PLATFORM_MOVE
<17 Jul 2026 11:31:13> [TSimMgr_Client.LogEventRecv] <0031> CPID_UDP_PLATFORM_MOVE
<17 Jul 2026 11:31:13> [TSimMgr_Client.LogEventRecv] <0031> CPID_UDP_PLATFORM_MOVE
<17 Jul 2026 11:31:13> [TSimMgr_Client.LogEventRecv] <0031> CPID_UDP_PLATFORM_MOVE
<17 Jul 2026 11:31:13> [TSimMgr_Client.LogEventRecv] <0031> CPID_UDP_PLATFORM_MOVE
<17 Jul 2026 11:31:13> [TSimMgr_Client.LogEventRecv] <0031> CPID_UDP_PLATFORM_MOVE
<17 Jul 2026 11:31:21> [TSimMgr_Client.LogEventRecv] <0031> CPID_UDP_PLATFORM_MOVE
<17 Jul 2026 11:31:21> [TSimMgr_Client.LogEventRecv] <0031> CPID_UDP_PLATFORM_MOVE
<17 Jul 2026 11:31:21> [TSimMgr_Client.LogEventRecv] <0031> CPID_UDP_PLATFORM_MOVE
<17 Jul 2026 11:31:21> [TSimMgr_Client.LogEventRecv] <0031> CPID_UDP_PLATFORM_MOVE
<17 Jul 2026 11:31:21> [TSimMgr_Client.LogEventRecv] <0031> CPID_UDP_PLATFORM_MOVE
<17 Jul 2026 11:31:21> [TSimMgr_Client.LogEventRecv] <0031> CPID_UDP_PLATFORM_MOVE
<17 Jul 2026 11:31:21> [TSimMgr_Client.LogEventRecv] <0031> CPID_UDP_PLATFORM_MOVE
<17 Jul 2026 11:31:21> [TSimMgr_Client.LogEventRecv] <0031> CPID_UDP_PLATFORM_MOVE
<17 Jul 2026 11:31:21> [TSimMgr_Client.LogEventRecv] <0031> CPID_UDP_PLATFORM_MOVE
<17 Jul 2026 11:31:29> [TSimMgr_Client.LogEventRecv] <0031> CPID_UDP_PLATFORM_MOVE
<17 Jul 2026 11:31:29> [TSimMgr_Client.LogEventRecv] <0031> CPID_UDP_PLATFORM_MOVE
<17 Jul 2026 11:31:29> [TSimMgr_Client.LogEventRecv] <0031> CPID_UDP_PLATFORM_MOVE
<17 Jul 2026 11:31:29> [TSimMgr_Client.LogEventRecv] <0031> CPID_UDP_PLATFORM_MOVE
<17 Jul 2026 11:31:29> [TSimMgr_Client.LogEventRecv] <0031> CPID_UDP_PLATFORM_MOVE
<17 Jul 2026 11:31:29> [TSimMgr_Client.LogEventRecv] <0031> CPID_UDP_PLATFORM_MOVE
<17 Jul 2026 11:31:29> [TSimMgr_Client.LogEventRecv] <0031> CPID_UDP_PLATFORM_MOVE
<17 Jul 2026 11:31:29> [TSimMgr_Client.LogEventRecv] <0031> CPID_UDP_PLATFORM_MOVE
<17 Jul 2026 11:31:29> [TSimMgr_Client.LogEventRecv] <0031> CPID_UDP_PLATFORM_MOVE
<17 Jul 2026 11:31:37> [TSimMgr_Client.LogEventRecv] <0031> CPID_UDP_PLATFORM_MOVE
<17 Jul 2026 11:31:37> [TSimMgr_Client.LogEventRecv] <0031> CPID_UDP_PLATFORM_MOVE
<17 Jul 2026 11:31:37> [TSimMgr_Client.LogEventRecv] <0031> CPID_UDP_PLATFORM_MOVE
<17 Jul 2026 11:31:37> [TSimMgr_Client.LogEventRecv] <0031> CPID_UDP_PLATFORM_MOVE
<17 Jul 2026 11:31:37> [TSimMgr_Client.LogEventRecv] <0031> CPID_UDP_PLATFORM_MOVE
<17 Jul 2026 11:31:37> [TSimMgr_Client.LogEventRecv] <0031> CPID_UDP_PLATFORM_MOVE
<17 Jul 2026 11:31:37> [TSimMgr_Client.LogEventRecv] <0031> CPID_UDP_PLATFORM_MOVE
<17 Jul 2026 11:31:37> [TSimMgr_Client.LogEventRecv] <0031> CPID_UDP_PLATFORM_MOVE
<17 Jul 2026 11:31:37> [TSimMgr_Client.LogEventRecv] <0031> CPID_UDP_PLATFORM_MOVE
<17 Jul 2026 11:31:45> [TSimMgr_Client.LogEventRecv] <0031> CPID_UDP_PLATFORM_MOVE
<17 Jul 2026 11:31:45> [TSimMgr_Client.LogEventRecv] <0031> CPID_UDP_PLATFORM_MOVE
<17 Jul 2026 11:31:45> [TSimMgr_Client.LogEventRecv] <0031> CPID_UDP_PLATFORM_MOVE
<17 Jul 2026 11:31:45> [TSimMgr_Client.LogEventRecv] <0031> CPID_UDP_PLATFORM_MOVE
<17 Jul 2026 11:31:45> [TSimMgr_Client.LogEventRecv] <0031> CPID_UDP_PLATFORM_MOVE
<17 Jul 2026 11:31:45> [TSimMgr_Client.LogEventRecv] <0031> CPID_UDP_PLATFORM_MOVE
<17 Jul 2026 11:31:45> [TSimMgr_Client.LogEventRecv] <0031> CPID_UDP_PLATFORM_MOVE
<17 Jul 2026 11:31:45> [TSimMgr_Client.LogEventRecv] <0031> CPID_UDP_PLATFORM_MOVE
<17 Jul 2026 11:31:45> [TSimMgr_Client.LogEventRecv] <0031> CPID_UDP_PLATFORM_MOVE
<17 Jul 2026 11:31:53> [TSimMgr_Client.LogEventRecv] <0031> CPID_UDP_PLATFORM_MOVE
<17 Jul 2026 11:31:53> [TSimMgr_Client.LogEventRecv] <0031> CPID_UDP_PLATFORM_MOVE
<17 Jul 2026 11:31:53> [TSimMgr_Client.LogEventRecv] <0031> CPID_UDP_PLATFORM_MOVE
<17 Jul 2026 11:31:53> [TSimMgr_Client.LogEventRecv] <0031> CPID_UDP_PLATFORM_MOVE
<17 Jul 2026 11:31:53> [TSimMgr_Client.LogEventRecv] <0031> CPID_UDP_PLATFORM_MOVE
<17 Jul 2026 11:31:53> [TSimMgr_Client.LogEventRecv] <0031> CPID_UDP_PLATFORM_MOVE
<17 Jul 2026 11:31:53> [TSimMgr_Client.LogEventRecv] <0031> CPID_UDP_PLATFORM_MOVE
<17 Jul 2026 11:31:53> [TSimMgr_Client.LogEventRecv] <0031> CPID_UDP_PLATFORM_MOVE
<17 Jul 2026 11:31:53> [TSimMgr_Client.LogEventRecv] <0031> CPID_UDP_PLATFORM_MOVE
<17 Jul 2026 11:32:01> [TSimMgr_Client.LogEventRecv] <0031> CPID_UDP_PLATFORM_MOVE
<17 Jul 2026 11:32:01> [TSimMgr_Client.LogEventRecv] <0031> CPID_UDP_PLATFORM_MOVE
<17 Jul 2026 11:32:01> [TSimMgr_Client.LogEventRecv] <0031> CPID_UDP_PLATFORM_MOVE
<17 Jul 2026 11:32:01> [TSimMgr_Client.LogEventRecv] <0031> CPID_UDP_PLATFORM_MOVE
<17 Jul 2026 11:32:01> [TSimMgr_Client.LogEventRecv] <0031> CPID_UDP_PLATFORM_MOVE
<17 Jul 2026 11:32:01> [TSimMgr_Client.LogEventRecv] <0031> CPID_UDP_PLATFORM_MOVE
<17 Jul 2026 11:32:01> [TSimMgr_Client.LogEventRecv] <0031> CPID_UDP_PLATFORM_MOVE
<17 Jul 2026 11:32:01> [TSimMgr_Client.LogEventRecv] <0031> CPID_UDP_PLATFORM_MOVE
<17 Jul 2026 11:32:01> [TSimMgr_Client.LogEventRecv] <0031> CPID_UDP_PLATFORM_MOVE
<17 Jul 2026 11:32:08> [TSimMgr_Client.LogEventRecv] <0031> CPID_UDP_PLATFORM_MOVE
<17 Jul 2026 11:32:08> [TSimMgr_Client.LogEventRecv] <0031> CPID_UDP_PLATFORM_MOVE
<17 Jul 2026 11:32:08> [TSimMgr_Client.LogEventRecv] <0031> CPID_UDP_PLATFORM_MOVE
<17 Jul 2026 11:32:08> [TSimMgr_Client.LogEventRecv] <0031> CPID_UDP_PLATFORM_MOVE
<17 Jul 2026 11:32:08> [TSimMgr_Client.LogEventRecv] <0031> CPID_UDP_PLATFORM_MOVE
<17 Jul 2026 11:32:08> [TSimMgr_Client.LogEventRecv] <0031> CPID_UDP_PLATFORM_MOVE
<17 Jul 2026 11:32:08> [TSimMgr_Client.LogEventRecv] <0031> CPID_UDP_PLATFORM_MOVE
<17 Jul 2026 11:32:08> [TSimMgr_Client.LogEventRecv] <0031> CPID_UDP_PLATFORM_MOVE
<17 Jul 2026 11:32:08> [TSimMgr_Client.LogEventRecv] <0031> CPID_UDP_PLATFORM_MOVE
<17 Jul 2026 11:32:16> [TSimMgr_Client.LogEventRecv] <0031> CPID_UDP_PLATFORM_MOVE
<17 Jul 2026 11:32:16> [TSimMgr_Client.LogEventRecv] <0031> CPID_UDP_PLATFORM_MOVE
<17 Jul 2026 11:32:16> [TSimMgr_Client.LogEventRecv] <0031> CPID_UDP_PLATFORM_MOVE
<17 Jul 2026 11:32:16> [TSimMgr_Client.LogEventRecv] <0031> CPID_UDP_PLATFORM_MOVE
<17 Jul 2026 11:32:16> [TSimMgr_Client.LogEventRecv] <0031> CPID_UDP_PLATFORM_MOVE
<17 Jul 2026 11:32:16> [TSimMgr_Client.LogEventRecv] <0031> CPID_UDP_PLATFORM_MOVE
<17 Jul 2026 11:32:16> [TSimMgr_Client.LogEventRecv] <0031> CPID_UDP_PLATFORM_MOVE
<17 Jul 2026 11:32:16> [TSimMgr_Client.LogEventRecv] <0031> CPID_UDP_PLATFORM_MOVE
<17 Jul 2026 11:32:16> [TSimMgr_Client.LogEventRecv] <0031> CPID_UDP_PLATFORM_MOVE
<17 Jul 2026 11:32:25> [TSimMgr_Client.LogEventRecv] <0031> CPID_UDP_PLATFORM_MOVE
<17 Jul 2026 11:32:25> [TSimMgr_Client.LogEventRecv] <0031> CPID_UDP_PLATFORM_MOVE
<17 Jul 2026 11:32:25> [TSimMgr_Client.LogEventRecv] <0031> CPID_UDP_PLATFORM_MOVE
<17 Jul 2026 11:32:25> [TSimMgr_Client.LogEventRecv] <0031> CPID_UDP_PLATFORM_MOVE
<17 Jul 2026 11:32:25> [TSimMgr_Client.LogEventRecv] <0031> CPID_UDP_PLATFORM_MOVE
<17 Jul 2026 11:32:25> [TSimMgr_Client.LogEventRecv] <0031> CPID_UDP_PLATFORM_MOVE
<17 Jul 2026 11:32:25> [TSimMgr_Client.LogEventRecv] <0031> CPID_UDP_PLATFORM_MOVE
<17 Jul 2026 11:32:25> [TSimMgr_Client.LogEventRecv] <0031> CPID_UDP_PLATFORM_MOVE
<17 Jul 2026 11:32:25> [TSimMgr_Client.LogEventRecv] <0031> CPID_UDP_PLATFORM_MOVE
<17 Jul 2026 11:32:33> [TSimMgr_Client.LogEventRecv] <0031> CPID_UDP_PLATFORM_MOVE
<17 Jul 2026 11:32:33> [TSimMgr_Client.LogEventRecv] <0031> CPID_UDP_PLATFORM_MOVE
<17 Jul 2026 11:32:33> [TSimMgr_Client.LogEventRecv] <0031> CPID_UDP_PLATFORM_MOVE
<17 Jul 2026 11:32:33> [TSimMgr_Client.LogEventRecv] <0031> CPID_UDP_PLATFORM_MOVE
<17 Jul 2026 11:32:33> [TSimMgr_Client.LogEventRecv] <0031> CPID_UDP_PLATFORM_MOVE
<17 Jul 2026 11:32:33> [TSimMgr_Client.LogEventRecv] <0031> CPID_UDP_PLATFORM_MOVE
<17 Jul 2026 11:32:33> [TSimMgr_Client.LogEventRecv] <0031> CPID_UDP_PLATFORM_MOVE
<17 Jul 2026 11:32:33> [TSimMgr_Client.LogEventRecv] <0031> CPID_UDP_PLATFORM_MOVE
<17 Jul 2026 11:32:33> [TSimMgr_Client.LogEventRecv] <0031> CPID_UDP_PLATFORM_MOVE
<17 Jul 2026 11:32:41> [TSimMgr_Client.LogEventRecv] <0031> CPID_UDP_PLATFORM_MOVE
<17 Jul 2026 11:32:41> [TSimMgr_Client.LogEventRecv] <0031> CPID_UDP_PLATFORM_MOVE
<17 Jul 2026 11:32:41> [TSimMgr_Client.LogEventRecv] <0031> CPID_UDP_PLATFORM_MOVE
<17 Jul 2026 11:32:41> [TSimMgr_Client.LogEventRecv] <0031> CPID_UDP_PLATFORM_MOVE
<17 Jul 2026 11:32:41> [TSimMgr_Client.LogEventRecv] <0031> CPID_UDP_PLATFORM_MOVE
<17 Jul 2026 11:32:41> [TSimMgr_Client.LogEventRecv] <0031> CPID_UDP_PLATFORM_MOVE
<17 Jul 2026 11:32:41> [TSimMgr_Client.LogEventRecv] <0031> CPID_UDP_PLATFORM_MOVE
<17 Jul 2026 11:32:41> [TSimMgr_Client.LogEventRecv] <0031> CPID_UDP_PLATFORM_MOVE
<17 Jul 2026 11:32:41> [TSimMgr_Client.LogEventRecv] <0031> CPID_UDP_PLATFORM_MOVE
<17 Jul 2026 11:32:49> [TSimMgr_Client.LogEventRecv] <0031> CPID_UDP_PLATFORM_MOVE
<17 Jul 2026 11:32:49> [TSimMgr_Client.LogEventRecv] <0031> CPID_UDP_PLATFORM_MOVE
<17 Jul 2026 11:32:49> [TSimMgr_Client.LogEventRecv] <0031> CPID_UDP_PLATFORM_MOVE
<17 Jul 2026 11:32:49> [TSimMgr_Client.LogEventRecv] <0031> CPID_UDP_PLATFORM_MOVE
<17 Jul 2026 11:32:49> [TSimMgr_Client.LogEventRecv] <0031> CPID_UDP_PLATFORM_MOVE
<17 Jul 2026 11:32:49> [TSimMgr_Client.LogEventRecv] <0031> CPID_UDP_PLATFORM_MOVE
<17 Jul 2026 11:32:49> [TSimMgr_Client.LogEventRecv] <0031> CPID_UDP_PLATFORM_MOVE
<17 Jul 2026 11:32:49> [TSimMgr_Client.LogEventRecv] <0031> CPID_UDP_PLATFORM_MOVE
<17 Jul 2026 11:32:49> [TSimMgr_Client.LogEventRecv] <0031> CPID_UDP_PLATFORM_MOVE
<17 Jul 2026 11:32:56> [TSimMgr_Client.LogEventRecv] <0031> CPID_UDP_PLATFORM_MOVE
<17 Jul 2026 11:32:56> [TSimMgr_Client.LogEventRecv] <0031> CPID_UDP_PLATFORM_MOVE
<17 Jul 2026 11:32:56> [TSimMgr_Client.LogEventRecv] <0031> CPID_UDP_PLATFORM_MOVE
<17 Jul 2026 11:32:56> [TSimMgr_Client.LogEventRecv] <0031> CPID_UDP_PLATFORM_MOVE
<17 Jul 2026 11:32:56> [TSimMgr_Client.LogEventRecv] <0031> CPID_UDP_PLATFORM_MOVE
<17 Jul 2026 11:32:56> [TSimMgr_Client.LogEventRecv] <0031> CPID_UDP_PLATFORM_MOVE
<17 Jul 2026 11:32:56> [TSimMgr_Client.LogEventRecv] <0031> CPID_UDP_PLATFORM_MOVE
<17 Jul 2026 11:32:56> [TSimMgr_Client.LogEventRecv] <0031> CPID_UDP_PLATFORM_MOVE
<17 Jul 2026 11:32:56> [TSimMgr_Client.LogEventRecv] <0031> CPID_UDP_PLATFORM_MOVE
<17 Jul 2026 11:33:05> [TSimMgr_Client.LogEventRecv] <0031> CPID_UDP_PLATFORM_MOVE
<17 Jul 2026 11:33:05> [TSimMgr_Client.LogEventRecv] <0031> CPID_UDP_PLATFORM_MOVE
<17 Jul 2026 11:33:05> [TSimMgr_Client.LogEventRecv] <0031> CPID_UDP_PLATFORM_MOVE
<17 Jul 2026 11:33:05> [TSimMgr_Client.LogEventRecv] <0031> CPID_UDP_PLATFORM_MOVE
<17 Jul 2026 11:33:05> [TSimMgr_Client.LogEventRecv] <0031> CPID_UDP_PLATFORM_MOVE
<17 Jul 2026 11:33:05> [TSimMgr_Client.LogEventRecv] <0031> CPID_UDP_PLATFORM_MOVE
<17 Jul 2026 11:33:05> [TSimMgr_Client.LogEventRecv] <0031> CPID_UDP_PLATFORM_MOVE
<17 Jul 2026 11:33:05> [TSimMgr_Client.LogEventRecv] <0031> CPID_UDP_PLATFORM_MOVE
<17 Jul 2026 11:33:05> [TSimMgr_Client.LogEventRecv] <0031> CPID_UDP_PLATFORM_MOVE
<17 Jul 2026 11:33:13> [TSimMgr_Client.LogEventRecv] <0031> CPID_UDP_PLATFORM_MOVE
<17 Jul 2026 11:33:13> [TSimMgr_Client.LogEventRecv] <0031> CPID_UDP_PLATFORM_MOVE
<17 Jul 2026 11:33:13> [TSimMgr_Client.LogEventRecv] <0031> CPID_UDP_PLATFORM_MOVE
<17 Jul 2026 11:33:13> [TSimMgr_Client.LogEventRecv] <0031> CPID_UDP_PLATFORM_MOVE
<17 Jul 2026 11:33:13> [TSimMgr_Client.LogEventRecv] <0031> CPID_UDP_PLATFORM_MOVE
<17 Jul 2026 11:33:13> [TSimMgr_Client.LogEventRecv] <0031> CPID_UDP_PLATFORM_MOVE
<17 Jul 2026 11:33:13> [TSimMgr_Client.LogEventRecv] <0031> CPID_UDP_PLATFORM_MOVE
<17 Jul 2026 11:33:13> [TSimMgr_Client.LogEventRecv] <0031> CPID_UDP_PLATFORM_MOVE
<17 Jul 2026 11:33:13> [TSimMgr_Client.LogEventRecv] <0031> CPID_UDP_PLATFORM_MOVE
<17 Jul 2026 11:33:21> [TSimMgr_Client.LogEventRecv] <0031> CPID_UDP_PLATFORM_MOVE
<17 Jul 2026 11:33:21> [TSimMgr_Client.LogEventRecv] <0031> CPID_UDP_PLATFORM_MOVE
<17 Jul 2026 11:33:21> [TSimMgr_Client.LogEventRecv] <0031> CPID_UDP_PLATFORM_MOVE
<17 Jul 2026 11:33:21> [TSimMgr_Client.LogEventRecv] <0031> CPID_UDP_PLATFORM_MOVE
<17 Jul 2026 11:33:21> [TSimMgr_Client.LogEventRecv] <0031> CPID_UDP_PLATFORM_MOVE
<17 Jul 2026 11:33:21> [TSimMgr_Client.LogEventRecv] <0031> CPID_UDP_PLATFORM_MOVE
<17 Jul 2026 11:33:21> [TSimMgr_Client.LogEventRecv] <0031> CPID_UDP_PLATFORM_MOVE
<17 Jul 2026 11:33:21> [TSimMgr_Client.LogEventRecv] <0031> CPID_UDP_PLATFORM_MOVE
<17 Jul 2026 11:33:21> [TSimMgr_Client.LogEventRecv] <0031> CPID_UDP_PLATFORM_MOVE
<17 Jul 2026 11:33:29> [TSimMgr_Client.LogEventRecv] <0031> CPID_UDP_PLATFORM_MOVE
<17 Jul 2026 11:33:29> [TSimMgr_Client.LogEventRecv] <0031> CPID_UDP_PLATFORM_MOVE
<17 Jul 2026 11:33:29> [TSimMgr_Client.LogEventRecv] <0031> CPID_UDP_PLATFORM_MOVE
<17 Jul 2026 11:33:29> [TSimMgr_Client.LogEventRecv] <0031> CPID_UDP_PLATFORM_MOVE
<17 Jul 2026 11:33:29> [TSimMgr_Client.LogEventRecv] <0031> CPID_UDP_PLATFORM_MOVE
<17 Jul 2026 11:33:29> [TSimMgr_Client.LogEventRecv] <0031> CPID_UDP_PLATFORM_MOVE
<17 Jul 2026 11:33:29> [TSimMgr_Client.LogEventRecv] <0031> CPID_UDP_PLATFORM_MOVE
<17 Jul 2026 11:33:29> [TSimMgr_Client.LogEventRecv] <0031> CPID_UDP_PLATFORM_MOVE
<17 Jul 2026 11:33:29> [TSimMgr_Client.LogEventRecv] <0031> CPID_UDP_PLATFORM_MOVE
<17 Jul 2026 11:33:37> [TSimMgr_Client.LogEventRecv] <0031> CPID_UDP_PLATFORM_MOVE
<17 Jul 2026 11:33:37> [TSimMgr_Client.LogEventRecv] <0031> CPID_UDP_PLATFORM_MOVE
<17 Jul 2026 11:33:37> [TSimMgr_Client.LogEventRecv] <0031> CPID_UDP_PLATFORM_MOVE
<17 Jul 2026 11:33:37> [TSimMgr_Client.LogEventRecv] <0031> CPID_UDP_PLATFORM_MOVE
<17 Jul 2026 11:33:37> [TSimMgr_Client.LogEventRecv] <0031> CPID_UDP_PLATFORM_MOVE
<17 Jul 2026 11:33:37> [TSimMgr_Client.LogEventRecv] <0031> CPID_UDP_PLATFORM_MOVE
<17 Jul 2026 11:33:37> [TSimMgr_Client.LogEventRecv] <0031> CPID_UDP_PLATFORM_MOVE
<17 Jul 2026 11:33:37> [TSimMgr_Client.LogEventRecv] <0031> CPID_UDP_PLATFORM_MOVE
<17 Jul 2026 11:33:37> [TSimMgr_Client.LogEventRecv] <0031> CPID_UDP_PLATFORM_MOVE
<17 Jul 2026 11:33:44> [TSimMgr_Client.LogEventRecv] <0031> CPID_UDP_PLATFORM_MOVE
<17 Jul 2026 11:33:44> [TSimMgr_Client.LogEventRecv] <0031> CPID_UDP_PLATFORM_MOVE
<17 Jul 2026 11:33:44> [TSimMgr_Client.LogEventRecv] <0031> CPID_UDP_PLATFORM_MOVE
<17 Jul 2026 11:33:44> [TSimMgr_Client.LogEventRecv] <0031> CPID_UDP_PLATFORM_MOVE
<17 Jul 2026 11:33:44> [TSimMgr_Client.LogEventRecv] <0031> CPID_UDP_PLATFORM_MOVE
<17 Jul 2026 11:33:44> [TSimMgr_Client.LogEventRecv] <0031> CPID_UDP_PLATFORM_MOVE
<17 Jul 2026 11:33:44> [TSimMgr_Client.LogEventRecv] <0031> CPID_UDP_PLATFORM_MOVE
<17 Jul 2026 11:33:44> [TSimMgr_Client.LogEventRecv] <0031> CPID_UDP_PLATFORM_MOVE
<17 Jul 2026 11:33:44> [TSimMgr_Client.LogEventRecv] <0031> CPID_UDP_PLATFORM_MOVE
<17 Jul 2026 11:33:53> [TSimMgr_Client.LogEventRecv] <0031> CPID_UDP_PLATFORM_MOVE
<17 Jul 2026 11:33:53> [TSimMgr_Client.LogEventRecv] <0031> CPID_UDP_PLATFORM_MOVE
<17 Jul 2026 11:33:53> [TSimMgr_Client.LogEventRecv] <0031> CPID_UDP_PLATFORM_MOVE
<17 Jul 2026 11:33:53> [TSimMgr_Client.LogEventRecv] <0031> CPID_UDP_PLATFORM_MOVE
<17 Jul 2026 11:33:53> [TSimMgr_Client.LogEventRecv] <0031> CPID_UDP_PLATFORM_MOVE
<17 Jul 2026 11:33:53> [TSimMgr_Client.LogEventRecv] <0031> CPID_UDP_PLATFORM_MOVE
<17 Jul 2026 11:33:53> [TSimMgr_Client.LogEventRecv] <0031> CPID_UDP_PLATFORM_MOVE
<17 Jul 2026 11:33:53> [TSimMgr_Client.LogEventRecv] <0031> CPID_UDP_PLATFORM_MOVE
<17 Jul 2026 11:33:53> [TSimMgr_Client.LogEventRecv] <0031> CPID_UDP_PLATFORM_MOVE
<17 Jul 2026 11:34:01> [TSimMgr_Client.LogEventRecv] <0031> CPID_UDP_PLATFORM_MOVE
<17 Jul 2026 11:34:01> [TSimMgr_Client.LogEventRecv] <0031> CPID_UDP_PLATFORM_MOVE
<17 Jul 2026 11:34:01> [TSimMgr_Client.LogEventRecv] <0031> CPID_UDP_PLATFORM_MOVE
<17 Jul 2026 11:34:01> [TSimMgr_Client.LogEventRecv] <0031> CPID_UDP_PLATFORM_MOVE
<17 Jul 2026 11:34:01> [TSimMgr_Client.LogEventRecv] <0031> CPID_UDP_PLATFORM_MOVE
<17 Jul 2026 11:34:01> [TSimMgr_Client.LogEventRecv] <0031> CPID_UDP_PLATFORM_MOVE
<17 Jul 2026 11:34:01> [TSimMgr_Client.LogEventRecv] <0031> CPID_UDP_PLATFORM_MOVE
<17 Jul 2026 11:34:01> [TSimMgr_Client.LogEventRecv] <0031> CPID_UDP_PLATFORM_MOVE
<17 Jul 2026 11:34:01> [TSimMgr_Client.LogEventRecv] <0031> CPID_UDP_PLATFORM_MOVE
<17 Jul 2026 11:34:08> [TSimMgr_Client.LogEventRecv] <0031> CPID_UDP_PLATFORM_MOVE
<17 Jul 2026 11:34:08> [TSimMgr_Client.LogEventRecv] <0031> CPID_UDP_PLATFORM_MOVE
<17 Jul 2026 11:34:08> [TSimMgr_Client.LogEventRecv] <0031> CPID_UDP_PLATFORM_MOVE
<17 Jul 2026 11:34:08> [TSimMgr_Client.LogEventRecv] <0031> CPID_UDP_PLATFORM_MOVE
<17 Jul 2026 11:34:08> [TSimMgr_Client.LogEventRecv] <0031> CPID_UDP_PLATFORM_MOVE
<17 Jul 2026 11:34:08> [TSimMgr_Client.LogEventRecv] <0031> CPID_UDP_PLATFORM_MOVE
<17 Jul 2026 11:34:09> [TSimMgr_Client.LogEventRecv] <0031> CPID_UDP_PLATFORM_MOVE
<17 Jul 2026 11:34:09> [TSimMgr_Client.LogEventRecv] <0031> CPID_UDP_PLATFORM_MOVE
<17 Jul 2026 11:34:09> [TSimMgr_Client.LogEventRecv] <0031> CPID_UDP_PLATFORM_MOVE
<17 Jul 2026 11:34:17> [TSimMgr_Client.LogEventRecv] <0031> CPID_UDP_PLATFORM_MOVE
<17 Jul 2026 11:34:17> [TSimMgr_Client.LogEventRecv] <0031> CPID_UDP_PLATFORM_MOVE
<17 Jul 2026 11:34:17> [TSimMgr_Client.LogEventRecv] <0031> CPID_UDP_PLATFORM_MOVE
<17 Jul 2026 11:34:17> [TSimMgr_Client.LogEventRecv] <0031> CPID_UDP_PLATFORM_MOVE
<17 Jul 2026 11:34:17> [TSimMgr_Client.LogEventRecv] <0031> CPID_UDP_PLATFORM_MOVE
<17 Jul 2026 11:34:17> [TSimMgr_Client.LogEventRecv] <0031> CPID_UDP_PLATFORM_MOVE
<17 Jul 2026 11:34:17> [TSimMgr_Client.LogEventRecv] <0031> CPID_UDP_PLATFORM_MOVE
<17 Jul 2026 11:34:17> [TSimMgr_Client.LogEventRecv] <0031> CPID_UDP_PLATFORM_MOVE
<17 Jul 2026 11:34:17> [TSimMgr_Client.LogEventRecv] <0031> CPID_UDP_PLATFORM_MOVE
<17 Jul 2026 11:34:25> [TSimMgr_Client.LogEventRecv] <0031> CPID_UDP_PLATFORM_MOVE
<17 Jul 2026 11:34:25> [TSimMgr_Client.LogEventRecv] <0031> CPID_UDP_PLATFORM_MOVE
<17 Jul 2026 11:34:25> [TSimMgr_Client.LogEventRecv] <0031> CPID_UDP_PLATFORM_MOVE
<17 Jul 2026 11:34:25> [TSimMgr_Client.LogEventRecv] <0031> CPID_UDP_PLATFORM_MOVE
<17 Jul 2026 11:34:25> [TSimMgr_Client.LogEventRecv] <0031> CPID_UDP_PLATFORM_MOVE
<17 Jul 2026 11:34:25> [TSimMgr_Client.LogEventRecv] <0031> CPID_UDP_PLATFORM_MOVE
<17 Jul 2026 11:34:25> [TSimMgr_Client.LogEventRecv] <0031> CPID_UDP_PLATFORM_MOVE
<17 Jul 2026 11:34:25> [TSimMgr_Client.LogEventRecv] <0031> CPID_UDP_PLATFORM_MOVE
<17 Jul 2026 11:34:25> [TSimMgr_Client.LogEventRecv] <0031> CPID_UDP_PLATFORM_MOVE
<17 Jul 2026 11:34:33> [TSimMgr_Client.LogEventRecv] <0031> CPID_UDP_PLATFORM_MOVE
<17 Jul 2026 11:34:33> [TSimMgr_Client.LogEventRecv] <0031> CPID_UDP_PLATFORM_MOVE
<17 Jul 2026 11:34:33> [TSimMgr_Client.LogEventRecv] <0031> CPID_UDP_PLATFORM_MOVE
<17 Jul 2026 11:34:33> [TSimMgr_Client.LogEventRecv] <0031> CPID_UDP_PLATFORM_MOVE
<17 Jul 2026 11:34:33> [TSimMgr_Client.LogEventRecv] <0031> CPID_UDP_PLATFORM_MOVE
<17 Jul 2026 11:34:33> [TSimMgr_Client.LogEventRecv] <0031> CPID_UDP_PLATFORM_MOVE
<17 Jul 2026 11:34:33> [TSimMgr_Client.LogEventRecv] <0031> CPID_UDP_PLATFORM_MOVE
<17 Jul 2026 11:34:33> [TSimMgr_Client.LogEventRecv] <0031> CPID_UDP_PLATFORM_MOVE
<17 Jul 2026 11:34:33> [TSimMgr_Client.LogEventRecv] <0031> CPID_UDP_PLATFORM_MOVE
<17 Jul 2026 11:34:41> [TSimMgr_Client.LogEventRecv] <0031> CPID_UDP_PLATFORM_MOVE
<17 Jul 2026 11:34:41> [TSimMgr_Client.LogEventRecv] <0031> CPID_UDP_PLATFORM_MOVE
<17 Jul 2026 11:34:41> [TSimMgr_Client.LogEventRecv] <0031> CPID_UDP_PLATFORM_MOVE
<17 Jul 2026 11:34:41> [TSimMgr_Client.LogEventRecv] <0031> CPID_UDP_PLATFORM_MOVE
<17 Jul 2026 11:34:41> [TSimMgr_Client.LogEventRecv] <0031> CPID_UDP_PLATFORM_MOVE
<17 Jul 2026 11:34:41> [TSimMgr_Client.LogEventRecv] <0031> CPID_UDP_PLATFORM_MOVE
<17 Jul 2026 11:34:41> [TSimMgr_Client.LogEventRecv] <0031> CPID_UDP_PLATFORM_MOVE
<17 Jul 2026 11:34:41> [TSimMgr_Client.LogEventRecv] <0031> CPID_UDP_PLATFORM_MOVE
<17 Jul 2026 11:34:41> [TSimMgr_Client.LogEventRecv] <0031> CPID_UDP_PLATFORM_MOVE
<17 Jul 2026 11:34:48> [TSimMgr_Client.LogEventRecv] <0031> CPID_UDP_PLATFORM_MOVE
<17 Jul 2026 11:34:48> [TSimMgr_Client.LogEventRecv] <0031> CPID_UDP_PLATFORM_MOVE
<17 Jul 2026 11:34:48> [TSimMgr_Client.LogEventRecv] <0031> CPID_UDP_PLATFORM_MOVE
<17 Jul 2026 11:34:48> [TSimMgr_Client.LogEventRecv] <0031> CPID_UDP_PLATFORM_MOVE
<17 Jul 2026 11:34:48> [TSimMgr_Client.LogEventRecv] <0031> CPID_UDP_PLATFORM_MOVE
<17 Jul 2026 11:34:48> [TSimMgr_Client.LogEventRecv] <0031> CPID_UDP_PLATFORM_MOVE
<17 Jul 2026 11:34:48> [TSimMgr_Client.LogEventRecv] <0031> CPID_UDP_PLATFORM_MOVE
<17 Jul 2026 11:34:48> [TSimMgr_Client.LogEventRecv] <0031> CPID_UDP_PLATFORM_MOVE
<17 Jul 2026 11:34:48> [TSimMgr_Client.LogEventRecv] <0031> CPID_UDP_PLATFORM_MOVE
<17 Jul 2026 11:34:57> [TSimMgr_Client.LogEventRecv] <0031> CPID_UDP_PLATFORM_MOVE
<17 Jul 2026 11:34:57> [TSimMgr_Client.LogEventRecv] <0031> CPID_UDP_PLATFORM_MOVE
<17 Jul 2026 11:34:57> [TSimMgr_Client.LogEventRecv] <0031> CPID_UDP_PLATFORM_MOVE
<17 Jul 2026 11:34:57> [TSimMgr_Client.LogEventRecv] <0031> CPID_UDP_PLATFORM_MOVE
<17 Jul 2026 11:34:57> [TSimMgr_Client.LogEventRecv] <0031> CPID_UDP_PLATFORM_MOVE
<17 Jul 2026 11:34:57> [TSimMgr_Client.LogEventRecv] <0031> CPID_UDP_PLATFORM_MOVE
<17 Jul 2026 11:34:57> [TSimMgr_Client.LogEventRecv] <0031> CPID_UDP_PLATFORM_MOVE
<17 Jul 2026 11:34:57> [TSimMgr_Client.LogEventRecv] <0031> CPID_UDP_PLATFORM_MOVE
<17 Jul 2026 11:34:57> [TSimMgr_Client.LogEventRecv] <0031> CPID_UDP_PLATFORM_MOVE
<17 Jul 2026 11:35:05> [TSimMgr_Client.LogEventRecv] <0031> CPID_UDP_PLATFORM_MOVE
<17 Jul 2026 11:35:05> [TSimMgr_Client.LogEventRecv] <0031> CPID_UDP_PLATFORM_MOVE
<17 Jul 2026 11:35:05> [TSimMgr_Client.LogEventRecv] <0031> CPID_UDP_PLATFORM_MOVE
<17 Jul 2026 11:35:05> [TSimMgr_Client.LogEventRecv] <0031> CPID_UDP_PLATFORM_MOVE
<17 Jul 2026 11:35:05> [TSimMgr_Client.LogEventRecv] <0031> CPID_UDP_PLATFORM_MOVE
<17 Jul 2026 11:35:05> [TSimMgr_Client.LogEventRecv] <0031> CPID_UDP_PLATFORM_MOVE
<17 Jul 2026 11:35:05> [TSimMgr_Client.LogEventRecv] <0031> CPID_UDP_PLATFORM_MOVE
<17 Jul 2026 11:35:05> [TSimMgr_Client.LogEventRecv] <0031> CPID_UDP_PLATFORM_MOVE
<17 Jul 2026 11:35:05> [TSimMgr_Client.LogEventRecv] <0031> CPID_UDP_PLATFORM_MOVE
<17 Jul 2026 11:35:13> [TSimMgr_Client.LogEventRecv] <0031> CPID_UDP_PLATFORM_MOVE
<17 Jul 2026 11:35:13> [TSimMgr_Client.LogEventRecv] <0031> CPID_UDP_PLATFORM_MOVE
<17 Jul 2026 11:35:13> [TSimMgr_Client.LogEventRecv] <0031> CPID_UDP_PLATFORM_MOVE
<17 Jul 2026 11:35:13> [TSimMgr_Client.LogEventRecv] <0031> CPID_UDP_PLATFORM_MOVE
<17 Jul 2026 11:35:13> [TSimMgr_Client.LogEventRecv] <0031> CPID_UDP_PLATFORM_MOVE
<17 Jul 2026 11:35:13> [TSimMgr_Client.LogEventRecv] <0031> CPID_UDP_PLATFORM_MOVE
<17 Jul 2026 11:35:13> [TSimMgr_Client.LogEventRecv] <0031> CPID_UDP_PLATFORM_MOVE
<17 Jul 2026 11:35:13> [TSimMgr_Client.LogEventRecv] <0031> CPID_UDP_PLATFORM_MOVE
<17 Jul 2026 11:35:13> [TSimMgr_Client.LogEventRecv] <0031> CPID_UDP_PLATFORM_MOVE
<17 Jul 2026 11:35:20> [TSimMgr_Client.LogEventRecv] <0031> CPID_UDP_PLATFORM_MOVE
<17 Jul 2026 11:35:20> [TSimMgr_Client.LogEventRecv] <0031> CPID_UDP_PLATFORM_MOVE
<17 Jul 2026 11:35:20> [TSimMgr_Client.LogEventRecv] <0031> CPID_UDP_PLATFORM_MOVE
<17 Jul 2026 11:35:20> [TSimMgr_Client.LogEventRecv] <0031> CPID_UDP_PLATFORM_MOVE
<17 Jul 2026 11:35:20> [TSimMgr_Client.LogEventRecv] <0031> CPID_UDP_PLATFORM_MOVE
<17 Jul 2026 11:35:20> [TSimMgr_Client.LogEventRecv] <0031> CPID_UDP_PLATFORM_MOVE
<17 Jul 2026 11:35:20> [TSimMgr_Client.LogEventRecv] <0031> CPID_UDP_PLATFORM_MOVE
<17 Jul 2026 11:35:20> [TSimMgr_Client.LogEventRecv] <0031> CPID_UDP_PLATFORM_MOVE
<17 Jul 2026 11:35:20> [TSimMgr_Client.LogEventRecv] <0031> CPID_UDP_PLATFORM_MOVE
<17 Jul 2026 11:35:28> [TSimMgr_Client.LogEventRecv] <0031> CPID_UDP_PLATFORM_MOVE
<17 Jul 2026 11:35:28> [TSimMgr_Client.LogEventRecv] <0031> CPID_UDP_PLATFORM_MOVE
<17 Jul 2026 11:35:28> [TSimMgr_Client.LogEventRecv] <0031> CPID_UDP_PLATFORM_MOVE
<17 Jul 2026 11:35:28> [TSimMgr_Client.LogEventRecv] <0031> CPID_UDP_PLATFORM_MOVE
<17 Jul 2026 11:35:28> [TSimMgr_Client.LogEventRecv] <0031> CPID_UDP_PLATFORM_MOVE
<17 Jul 2026 11:35:28> [TSimMgr_Client.LogEventRecv] <0031> CPID_UDP_PLATFORM_MOVE
<17 Jul 2026 11:35:28> [TSimMgr_Client.LogEventRecv] <0031> CPID_UDP_PLATFORM_MOVE
<17 Jul 2026 11:35:28> [TSimMgr_Client.LogEventRecv] <0031> CPID_UDP_PLATFORM_MOVE
<17 Jul 2026 11:35:28> [TSimMgr_Client.LogEventRecv] <0031> CPID_UDP_PLATFORM_MOVE
<17 Jul 2026 11:35:37> [TSimMgr_Client.LogEventRecv] <0031> CPID_UDP_PLATFORM_MOVE
<17 Jul 2026 11:35:37> [TSimMgr_Client.LogEventRecv] <0031> CPID_UDP_PLATFORM_MOVE
<17 Jul 2026 11:35:37> [TSimMgr_Client.LogEventRecv] <0031> CPID_UDP_PLATFORM_MOVE
<17 Jul 2026 11:35:37> [TSimMgr_Client.LogEventRecv] <0031> CPID_UDP_PLATFORM_MOVE
<17 Jul 2026 11:35:37> [TSimMgr_Client.LogEventRecv] <0031> CPID_UDP_PLATFORM_MOVE
<17 Jul 2026 11:35:37> [TSimMgr_Client.LogEventRecv] <0031> CPID_UDP_PLATFORM_MOVE
<17 Jul 2026 11:35:37> [TSimMgr_Client.LogEventRecv] <0031> CPID_UDP_PLATFORM_MOVE
<17 Jul 2026 11:35:37> [TSimMgr_Client.LogEventRecv] <0031> CPID_UDP_PLATFORM_MOVE
<17 Jul 2026 11:35:37> [TSimMgr_Client.LogEventRecv] <0031> CPID_UDP_PLATFORM_MOVE
<17 Jul 2026 11:35:45> [TSimMgr_Client.LogEventRecv] <0031> CPID_UDP_PLATFORM_MOVE
<17 Jul 2026 11:35:45> [TSimMgr_Client.LogEventRecv] <0031> CPID_UDP_PLATFORM_MOVE
<17 Jul 2026 11:35:45> [TSimMgr_Client.LogEventRecv] <0031> CPID_UDP_PLATFORM_MOVE
<17 Jul 2026 11:35:45> [TSimMgr_Client.LogEventRecv] <0031> CPID_UDP_PLATFORM_MOVE
<17 Jul 2026 11:35:45> [TSimMgr_Client.LogEventRecv] <0031> CPID_UDP_PLATFORM_MOVE
<17 Jul 2026 11:35:45> [TSimMgr_Client.LogEventRecv] <0031> CPID_UDP_PLATFORM_MOVE
<17 Jul 2026 11:35:45> [TSimMgr_Client.LogEventRecv] <0031> CPID_UDP_PLATFORM_MOVE
<17 Jul 2026 11:35:45> [TSimMgr_Client.LogEventRecv] <0031> CPID_UDP_PLATFORM_MOVE
<17 Jul 2026 11:35:45> [TSimMgr_Client.LogEventRecv] <0031> CPID_UDP_PLATFORM_MOVE
<17 Jul 2026 11:35:53> [TSimMgr_Client.LogEventRecv] <0031> CPID_UDP_PLATFORM_MOVE
<17 Jul 2026 11:35:53> [TSimMgr_Client.LogEventRecv] <0031> CPID_UDP_PLATFORM_MOVE
<17 Jul 2026 11:35:53> [TSimMgr_Client.LogEventRecv] <0031> CPID_UDP_PLATFORM_MOVE
<17 Jul 2026 11:35:53> [TSimMgr_Client.LogEventRecv] <0031> CPID_UDP_PLATFORM_MOVE
<17 Jul 2026 11:35:53> [TSimMgr_Client.LogEventRecv] <0031> CPID_UDP_PLATFORM_MOVE
<17 Jul 2026 11:35:53> [TSimMgr_Client.LogEventRecv] <0031> CPID_UDP_PLATFORM_MOVE
<17 Jul 2026 11:35:53> [TSimMgr_Client.LogEventRecv] <0031> CPID_UDP_PLATFORM_MOVE
<17 Jul 2026 11:35:53> [TSimMgr_Client.LogEventRecv] <0031> CPID_UDP_PLATFORM_MOVE
<17 Jul 2026 11:35:53> [TSimMgr_Client.LogEventRecv] <0031> CPID_UDP_PLATFORM_MOVE
<17 Jul 2026 11:36:01> [TSimMgr_Client.LogEventRecv] <0031> CPID_UDP_PLATFORM_MOVE
<17 Jul 2026 11:36:01> [TSimMgr_Client.LogEventRecv] <0031> CPID_UDP_PLATFORM_MOVE
<17 Jul 2026 11:36:01> [TSimMgr_Client.LogEventRecv] <0031> CPID_UDP_PLATFORM_MOVE
<17 Jul 2026 11:36:01> [TSimMgr_Client.LogEventRecv] <0031> CPID_UDP_PLATFORM_MOVE
<17 Jul 2026 11:36:01> [TSimMgr_Client.LogEventRecv] <0031> CPID_UDP_PLATFORM_MOVE
<17 Jul 2026 11:36:01> [TSimMgr_Client.LogEventRecv] <0031> CPID_UDP_PLATFORM_MOVE
<17 Jul 2026 11:36:01> [TSimMgr_Client.LogEventRecv] <0031> CPID_UDP_PLATFORM_MOVE
<17 Jul 2026 11:36:01> [TSimMgr_Client.LogEventRecv] <0031> CPID_UDP_PLATFORM_MOVE
<17 Jul 2026 11:36:01> [TSimMgr_Client.LogEventRecv] <0031> CPID_UDP_PLATFORM_MOVE
<17 Jul 2026 11:36:09> [TSimMgr_Client.LogEventRecv] <0031> CPID_UDP_PLATFORM_MOVE
<17 Jul 2026 11:36:09> [TSimMgr_Client.LogEventRecv] <0031> CPID_UDP_PLATFORM_MOVE
<17 Jul 2026 11:36:09> [TSimMgr_Client.LogEventRecv] <0031> CPID_UDP_PLATFORM_MOVE
<17 Jul 2026 11:36:09> [TSimMgr_Client.LogEventRecv] <0031> CPID_UDP_PLATFORM_MOVE
<17 Jul 2026 11:36:09> [TSimMgr_Client.LogEventRecv] <0031> CPID_UDP_PLATFORM_MOVE
<17 Jul 2026 11:36:09> [TSimMgr_Client.LogEventRecv] <0031> CPID_UDP_PLATFORM_MOVE
<17 Jul 2026 11:36:09> [TSimMgr_Client.LogEventRecv] <0031> CPID_UDP_PLATFORM_MOVE
<17 Jul 2026 11:36:09> [TSimMgr_Client.LogEventRecv] <0031> CPID_UDP_PLATFORM_MOVE
<17 Jul 2026 11:36:09> [TSimMgr_Client.LogEventRecv] <0031> CPID_UDP_PLATFORM_MOVE
<17 Jul 2026 11:36:17> [TSimMgr_Client.LogEventRecv] <0031> CPID_UDP_PLATFORM_MOVE
<17 Jul 2026 11:36:17> [TSimMgr_Client.LogEventRecv] <0031> CPID_UDP_PLATFORM_MOVE
<17 Jul 2026 11:36:17> [TSimMgr_Client.LogEventRecv] <0031> CPID_UDP_PLATFORM_MOVE
<17 Jul 2026 11:36:17> [TSimMgr_Client.LogEventRecv] <0031> CPID_UDP_PLATFORM_MOVE
<17 Jul 2026 11:36:17> [TSimMgr_Client.LogEventRecv] <0031> CPID_UDP_PLATFORM_MOVE
<17 Jul 2026 11:36:17> [TSimMgr_Client.LogEventRecv] <0031> CPID_UDP_PLATFORM_MOVE
<17 Jul 2026 11:36:17> [TSimMgr_Client.LogEventRecv] <0031> CPID_UDP_PLATFORM_MOVE
<17 Jul 2026 11:36:17> [TSimMgr_Client.LogEventRecv] <0031> CPID_UDP_PLATFORM_MOVE
<17 Jul 2026 11:36:17> [TSimMgr_Client.LogEventRecv] <0031> CPID_UDP_PLATFORM_MOVE
<17 Jul 2026 11:36:25> [TSimMgr_Client.LogEventRecv] <0031> CPID_UDP_PLATFORM_MOVE
<17 Jul 2026 11:36:25> [TSimMgr_Client.LogEventRecv] <0031> CPID_UDP_PLATFORM_MOVE
<17 Jul 2026 11:36:25> [TSimMgr_Client.LogEventRecv] <0031> CPID_UDP_PLATFORM_MOVE
<17 Jul 2026 11:36:25> [TSimMgr_Client.LogEventRecv] <0031> CPID_UDP_PLATFORM_MOVE
<17 Jul 2026 11:36:25> [TSimMgr_Client.LogEventRecv] <0031> CPID_UDP_PLATFORM_MOVE
<17 Jul 2026 11:36:25> [TSimMgr_Client.LogEventRecv] <0031> CPID_UDP_PLATFORM_MOVE
<17 Jul 2026 11:36:25> [TSimMgr_Client.LogEventRecv] <0031> CPID_UDP_PLATFORM_MOVE
<17 Jul 2026 11:36:25> [TSimMgr_Client.LogEventRecv] <0031> CPID_UDP_PLATFORM_MOVE
<17 Jul 2026 11:36:25> [TSimMgr_Client.LogEventRecv] <0031> CPID_UDP_PLATFORM_MOVE
<17 Jul 2026 11:36:33> [TSimMgr_Client.LogEventRecv] <0031> CPID_UDP_PLATFORM_MOVE
<17 Jul 2026 11:36:33> [TSimMgr_Client.LogEventRecv] <0031> CPID_UDP_PLATFORM_MOVE
<17 Jul 2026 11:36:33> [TSimMgr_Client.LogEventRecv] <0031> CPID_UDP_PLATFORM_MOVE
<17 Jul 2026 11:36:33> [TSimMgr_Client.LogEventRecv] <0031> CPID_UDP_PLATFORM_MOVE
<17 Jul 2026 11:36:33> [TSimMgr_Client.LogEventRecv] <0031> CPID_UDP_PLATFORM_MOVE
<17 Jul 2026 11:36:33> [TSimMgr_Client.LogEventRecv] <0031> CPID_UDP_PLATFORM_MOVE
<17 Jul 2026 11:36:33> [TSimMgr_Client.LogEventRecv] <0031> CPID_UDP_PLATFORM_MOVE
<17 Jul 2026 11:36:33> [TSimMgr_Client.LogEventRecv] <0031> CPID_UDP_PLATFORM_MOVE
<17 Jul 2026 11:36:33> [TSimMgr_Client.LogEventRecv] <0031> CPID_UDP_PLATFORM_MOVE
<17 Jul 2026 11:36:41> [TSimMgr_Client.LogEventRecv] <0031> CPID_UDP_PLATFORM_MOVE
<17 Jul 2026 11:36:41> [TSimMgr_Client.LogEventRecv] <0031> CPID_UDP_PLATFORM_MOVE
<17 Jul 2026 11:36:41> [TSimMgr_Client.LogEventRecv] <0031> CPID_UDP_PLATFORM_MOVE
<17 Jul 2026 11:36:41> [TSimMgr_Client.LogEventRecv] <0031> CPID_UDP_PLATFORM_MOVE
<17 Jul 2026 11:36:41> [TSimMgr_Client.LogEventRecv] <0031> CPID_UDP_PLATFORM_MOVE
<17 Jul 2026 11:36:41> [TSimMgr_Client.LogEventRecv] <0031> CPID_UDP_PLATFORM_MOVE
<17 Jul 2026 11:36:41> [TSimMgr_Client.LogEventRecv] <0031> CPID_UDP_PLATFORM_MOVE
<17 Jul 2026 11:36:41> [TSimMgr_Client.LogEventRecv] <0031> CPID_UDP_PLATFORM_MOVE
<17 Jul 2026 11:36:41> [TSimMgr_Client.LogEventRecv] <0031> CPID_UDP_PLATFORM_MOVE
<17 Jul 2026 11:36:49> [TSimMgr_Client.LogEventRecv] <0031> CPID_UDP_PLATFORM_MOVE
<17 Jul 2026 11:36:49> [TSimMgr_Client.LogEventRecv] <0031> CPID_UDP_PLATFORM_MOVE
<17 Jul 2026 11:36:49> [TSimMgr_Client.LogEventRecv] <0031> CPID_UDP_PLATFORM_MOVE
<17 Jul 2026 11:36:49> [TSimMgr_Client.LogEventRecv] <0031> CPID_UDP_PLATFORM_MOVE
<17 Jul 2026 11:36:49> [TSimMgr_Client.LogEventRecv] <0031> CPID_UDP_PLATFORM_MOVE
<17 Jul 2026 11:36:49> [TSimMgr_Client.LogEventRecv] <0031> CPID_UDP_PLATFORM_MOVE
<17 Jul 2026 11:36:49> [TSimMgr_Client.LogEventRecv] <0031> CPID_UDP_PLATFORM_MOVE
<17 Jul 2026 11:36:49> [TSimMgr_Client.LogEventRecv] <0031> CPID_UDP_PLATFORM_MOVE
<17 Jul 2026 11:36:49> [TSimMgr_Client.LogEventRecv] <0031> CPID_UDP_PLATFORM_MOVE
<17 Jul 2026 11:36:56> [TSimMgr_Client.LogEventRecv] <0031> CPID_UDP_PLATFORM_MOVE
<17 Jul 2026 11:36:56> [TSimMgr_Client.LogEventRecv] <0031> CPID_UDP_PLATFORM_MOVE
<17 Jul 2026 11:36:56> [TSimMgr_Client.LogEventRecv] <0031> CPID_UDP_PLATFORM_MOVE
<17 Jul 2026 11:36:56> [TSimMgr_Client.LogEventRecv] <0031> CPID_UDP_PLATFORM_MOVE
<17 Jul 2026 11:36:56> [TSimMgr_Client.LogEventRecv] <0031> CPID_UDP_PLATFORM_MOVE
<17 Jul 2026 11:36:56> [TSimMgr_Client.LogEventRecv] <0031> CPID_UDP_PLATFORM_MOVE
<17 Jul 2026 11:36:56> [TSimMgr_Client.LogEventRecv] <0031> CPID_UDP_PLATFORM_MOVE
<17 Jul 2026 11:36:56> [TSimMgr_Client.LogEventRecv] <0031> CPID_UDP_PLATFORM_MOVE
<17 Jul 2026 11:36:56> [TSimMgr_Client.LogEventRecv] <0031> CPID_UDP_PLATFORM_MOVE
<17 Jul 2026 11:37:05> [TSimMgr_Client.LogEventRecv] <0031> CPID_UDP_PLATFORM_MOVE
<17 Jul 2026 11:37:05> [TSimMgr_Client.LogEventRecv] <0031> CPID_UDP_PLATFORM_MOVE
<17 Jul 2026 11:37:05> [TSimMgr_Client.LogEventRecv] <0031> CPID_UDP_PLATFORM_MOVE
<17 Jul 2026 11:37:05> [TSimMgr_Client.LogEventRecv] <0031> CPID_UDP_PLATFORM_MOVE
<17 Jul 2026 11:37:05> [TSimMgr_Client.LogEventRecv] <0031> CPID_UDP_PLATFORM_MOVE
<17 Jul 2026 11:37:05> [TSimMgr_Client.LogEventRecv] <0031> CPID_UDP_PLATFORM_MOVE
<17 Jul 2026 11:37:05> [TSimMgr_Client.LogEventRecv] <0031> CPID_UDP_PLATFORM_MOVE
<17 Jul 2026 11:37:05> [TSimMgr_Client.LogEventRecv] <0031> CPID_UDP_PLATFORM_MOVE
<17 Jul 2026 11:37:05> [TSimMgr_Client.LogEventRecv] <0031> CPID_UDP_PLATFORM_MOVE
<17 Jul 2026 11:37:13> [TSimMgr_Client.LogEventRecv] <0031> CPID_UDP_PLATFORM_MOVE
<17 Jul 2026 11:37:13> [TSimMgr_Client.LogEventRecv] <0031> CPID_UDP_PLATFORM_MOVE
<17 Jul 2026 11:37:13> [TSimMgr_Client.LogEventRecv] <0031> CPID_UDP_PLATFORM_MOVE
<17 Jul 2026 11:37:13> [TSimMgr_Client.LogEventRecv] <0031> CPID_UDP_PLATFORM_MOVE
<17 Jul 2026 11:37:13> [TSimMgr_Client.LogEventRecv] <0031> CPID_UDP_PLATFORM_MOVE
<17 Jul 2026 11:37:13> [TSimMgr_Client.LogEventRecv] <0031> CPID_UDP_PLATFORM_MOVE
<17 Jul 2026 11:37:13> [TSimMgr_Client.LogEventRecv] <0031> CPID_UDP_PLATFORM_MOVE
<17 Jul 2026 11:37:13> [TSimMgr_Client.LogEventRecv] <0031> CPID_UDP_PLATFORM_MOVE
<17 Jul 2026 11:37:13> [TSimMgr_Client.LogEventRecv] <0031> CPID_UDP_PLATFORM_MOVE
<17 Jul 2026 11:37:21> [TSimMgr_Client.LogEventRecv] <0031> CPID_UDP_PLATFORM_MOVE
<17 Jul 2026 11:37:21> [TSimMgr_Client.LogEventRecv] <0031> CPID_UDP_PLATFORM_MOVE
<17 Jul 2026 11:37:21> [TSimMgr_Client.LogEventRecv] <0031> CPID_UDP_PLATFORM_MOVE
<17 Jul 2026 11:37:21> [TSimMgr_Client.LogEventRecv] <0031> CPID_UDP_PLATFORM_MOVE
<17 Jul 2026 11:37:21> [TSimMgr_Client.LogEventRecv] <0031> CPID_UDP_PLATFORM_MOVE
<17 Jul 2026 11:37:21> [TSimMgr_Client.LogEventRecv] <0031> CPID_UDP_PLATFORM_MOVE
<17 Jul 2026 11:37:21> [TSimMgr_Client.LogEventRecv] <0031> CPID_UDP_PLATFORM_MOVE
<17 Jul 2026 11:37:21> [TSimMgr_Client.LogEventRecv] <0031> CPID_UDP_PLATFORM_MOVE
<17 Jul 2026 11:37:21> [TSimMgr_Client.LogEventRecv] <0031> CPID_UDP_PLATFORM_MOVE
<17 Jul 2026 11:37:29> [TSimMgr_Client.LogEventRecv] <0031> CPID_UDP_PLATFORM_MOVE
<17 Jul 2026 11:37:29> [TSimMgr_Client.LogEventRecv] <0031> CPID_UDP_PLATFORM_MOVE
<17 Jul 2026 11:37:29> [TSimMgr_Client.LogEventRecv] <0031> CPID_UDP_PLATFORM_MOVE
<17 Jul 2026 11:37:29> [TSimMgr_Client.LogEventRecv] <0031> CPID_UDP_PLATFORM_MOVE
<17 Jul 2026 11:37:29> [TSimMgr_Client.LogEventRecv] <0031> CPID_UDP_PLATFORM_MOVE
<17 Jul 2026 11:37:29> [TSimMgr_Client.LogEventRecv] <0031> CPID_UDP_PLATFORM_MOVE
<17 Jul 2026 11:37:29> [TSimMgr_Client.LogEventRecv] <0031> CPID_UDP_PLATFORM_MOVE
<17 Jul 2026 11:37:29> [TSimMgr_Client.LogEventRecv] <0031> CPID_UDP_PLATFORM_MOVE
<17 Jul 2026 11:37:29> [TSimMgr_Client.LogEventRecv] <0031> CPID_UDP_PLATFORM_MOVE
<17 Jul 2026 11:37:36> [TSimMgr_Client.LogEventRecv] <0031> CPID_UDP_PLATFORM_MOVE
<17 Jul 2026 11:37:36> [TSimMgr_Client.LogEventRecv] <0031> CPID_UDP_PLATFORM_MOVE
<17 Jul 2026 11:37:36> [TSimMgr_Client.LogEventRecv] <0031> CPID_UDP_PLATFORM_MOVE
<17 Jul 2026 11:37:36> [TSimMgr_Client.LogEventRecv] <0031> CPID_UDP_PLATFORM_MOVE
<17 Jul 2026 11:37:36> [TSimMgr_Client.LogEventRecv] <0031> CPID_UDP_PLATFORM_MOVE
<17 Jul 2026 11:37:36> [TSimMgr_Client.LogEventRecv] <0031> CPID_UDP_PLATFORM_MOVE
<17 Jul 2026 11:37:36> [TSimMgr_Client.LogEventRecv] <0031> CPID_UDP_PLATFORM_MOVE
<17 Jul 2026 11:37:36> [TSimMgr_Client.LogEventRecv] <0031> CPID_UDP_PLATFORM_MOVE
<17 Jul 2026 11:37:36> [TSimMgr_Client.LogEventRecv] <0031> CPID_UDP_PLATFORM_MOVE
<17 Jul 2026 11:37:45> [TSimMgr_Client.LogEventRecv] <0031> CPID_UDP_PLATFORM_MOVE
<17 Jul 2026 11:37:45> [TSimMgr_Client.LogEventRecv] <0031> CPID_UDP_PLATFORM_MOVE
<17 Jul 2026 11:37:45> [TSimMgr_Client.LogEventRecv] <0031> CPID_UDP_PLATFORM_MOVE
<17 Jul 2026 11:37:45> [TSimMgr_Client.LogEventRecv] <0031> CPID_UDP_PLATFORM_MOVE
<17 Jul 2026 11:37:45> [TSimMgr_Client.LogEventRecv] <0031> CPID_UDP_PLATFORM_MOVE
<17 Jul 2026 11:37:45> [TSimMgr_Client.LogEventRecv] <0031> CPID_UDP_PLATFORM_MOVE
<17 Jul 2026 11:37:45> [TSimMgr_Client.LogEventRecv] <0031> CPID_UDP_PLATFORM_MOVE
<17 Jul 2026 11:37:45> [TSimMgr_Client.LogEventRecv] <0031> CPID_UDP_PLATFORM_MOVE
<17 Jul 2026 11:37:45> [TSimMgr_Client.LogEventRecv] <0031> CPID_UDP_PLATFORM_MOVE
<17 Jul 2026 11:37:53> [TSimMgr_Client.LogEventRecv] <0031> CPID_UDP_PLATFORM_MOVE
<17 Jul 2026 11:37:53> [TSimMgr_Client.LogEventRecv] <0031> CPID_UDP_PLATFORM_MOVE
<17 Jul 2026 11:37:53> [TSimMgr_Client.LogEventRecv] <0031> CPID_UDP_PLATFORM_MOVE
<17 Jul 2026 11:37:53> [TSimMgr_Client.LogEventRecv] <0031> CPID_UDP_PLATFORM_MOVE
<17 Jul 2026 11:37:53> [TSimMgr_Client.LogEventRecv] <0031> CPID_UDP_PLATFORM_MOVE
<17 Jul 2026 11:37:53> [TSimMgr_Client.LogEventRecv] <0031> CPID_UDP_PLATFORM_MOVE
<17 Jul 2026 11:37:53> [TSimMgr_Client.LogEventRecv] <0031> CPID_UDP_PLATFORM_MOVE
<17 Jul 2026 11:37:53> [TSimMgr_Client.LogEventRecv] <0031> CPID_UDP_PLATFORM_MOVE
<17 Jul 2026 11:37:53> [TSimMgr_Client.LogEventRecv] <0031> CPID_UDP_PLATFORM_MOVE
<17 Jul 2026 11:38:01> [TSimMgr_Client.LogEventRecv] <0031> CPID_UDP_PLATFORM_MOVE
<17 Jul 2026 11:38:01> [TSimMgr_Client.LogEventRecv] <0031> CPID_UDP_PLATFORM_MOVE
<17 Jul 2026 11:38:01> [TSimMgr_Client.LogEventRecv] <0031> CPID_UDP_PLATFORM_MOVE
<17 Jul 2026 11:38:01> [TSimMgr_Client.LogEventRecv] <0031> CPID_UDP_PLATFORM_MOVE
<17 Jul 2026 11:38:01> [TSimMgr_Client.LogEventRecv] <0031> CPID_UDP_PLATFORM_MOVE
<17 Jul 2026 11:38:01> [TSimMgr_Client.LogEventRecv] <0031> CPID_UDP_PLATFORM_MOVE
<17 Jul 2026 11:38:01> [TSimMgr_Client.LogEventRecv] <0031> CPID_UDP_PLATFORM_MOVE
<17 Jul 2026 11:38:01> [TSimMgr_Client.LogEventRecv] <0031> CPID_UDP_PLATFORM_MOVE
<17 Jul 2026 11:38:01> [TSimMgr_Client.LogEventRecv] <0031> CPID_UDP_PLATFORM_MOVE
<17 Jul 2026 11:38:09> [TSimMgr_Client.LogEventRecv] <0031> CPID_UDP_PLATFORM_MOVE
<17 Jul 2026 11:38:09> [TSimMgr_Client.LogEventRecv] <0031> CPID_UDP_PLATFORM_MOVE
<17 Jul 2026 11:38:09> [TSimMgr_Client.LogEventRecv] <0031> CPID_UDP_PLATFORM_MOVE
<17 Jul 2026 11:38:09> [TSimMgr_Client.LogEventRecv] <0031> CPID_UDP_PLATFORM_MOVE
<17 Jul 2026 11:38:09> [TSimMgr_Client.LogEventRecv] <0031> CPID_UDP_PLATFORM_MOVE
<17 Jul 2026 11:38:09> [TSimMgr_Client.LogEventRecv] <0031> CPID_UDP_PLATFORM_MOVE
<17 Jul 2026 11:38:09> [TSimMgr_Client.LogEventRecv] <0031> CPID_UDP_PLATFORM_MOVE
<17 Jul 2026 11:38:09> [TSimMgr_Client.LogEventRecv] <0031> CPID_UDP_PLATFORM_MOVE
<17 Jul 2026 11:38:09> [TSimMgr_Client.LogEventRecv] <0031> CPID_UDP_PLATFORM_MOVE
<17 Jul 2026 11:38:17> [TSimMgr_Client.LogEventRecv] <0031> CPID_UDP_PLATFORM_MOVE
<17 Jul 2026 11:38:17> [TSimMgr_Client.LogEventRecv] <0031> CPID_UDP_PLATFORM_MOVE
<17 Jul 2026 11:38:17> [TSimMgr_Client.LogEventRecv] <0031> CPID_UDP_PLATFORM_MOVE
<17 Jul 2026 11:38:17> [TSimMgr_Client.LogEventRecv] <0031> CPID_UDP_PLATFORM_MOVE
<17 Jul 2026 11:38:17> [TSimMgr_Client.LogEventRecv] <0031> CPID_UDP_PLATFORM_MOVE
<17 Jul 2026 11:38:17> [TSimMgr_Client.LogEventRecv] <0031> CPID_UDP_PLATFORM_MOVE
<17 Jul 2026 11:38:17> [TSimMgr_Client.LogEventRecv] <0031> CPID_UDP_PLATFORM_MOVE
<17 Jul 2026 11:38:17> [TSimMgr_Client.LogEventRecv] <0031> CPID_UDP_PLATFORM_MOVE
<17 Jul 2026 11:38:17> [TSimMgr_Client.LogEventRecv] <0031> CPID_UDP_PLATFORM_MOVE
<17 Jul 2026 11:38:25> [TSimMgr_Client.LogEventRecv] <0031> CPID_UDP_PLATFORM_MOVE
<17 Jul 2026 11:38:25> [TSimMgr_Client.LogEventRecv] <0031> CPID_UDP_PLATFORM_MOVE
<17 Jul 2026 11:38:25> [TSimMgr_Client.LogEventRecv] <0031> CPID_UDP_PLATFORM_MOVE
<17 Jul 2026 11:38:25> [TSimMgr_Client.LogEventRecv] <0031> CPID_UDP_PLATFORM_MOVE
<17 Jul 2026 11:38:25> [TSimMgr_Client.LogEventRecv] <0031> CPID_UDP_PLATFORM_MOVE
<17 Jul 2026 11:38:25> [TSimMgr_Client.LogEventRecv] <0031> CPID_UDP_PLATFORM_MOVE
<17 Jul 2026 11:38:25> [TSimMgr_Client.LogEventRecv] <0031> CPID_UDP_PLATFORM_MOVE
<17 Jul 2026 11:38:25> [TSimMgr_Client.LogEventRecv] <0031> CPID_UDP_PLATFORM_MOVE
<17 Jul 2026 11:38:25> [TSimMgr_Client.LogEventRecv] <0031> CPID_UDP_PLATFORM_MOVE
<17 Jul 2026 11:38:33> [TSimMgr_Client.LogEventRecv] <0031> CPID_UDP_PLATFORM_MOVE
<17 Jul 2026 11:38:33> [TSimMgr_Client.LogEventRecv] <0031> CPID_UDP_PLATFORM_MOVE
<17 Jul 2026 11:38:33> [TSimMgr_Client.LogEventRecv] <0031> CPID_UDP_PLATFORM_MOVE
<17 Jul 2026 11:38:33> [TSimMgr_Client.LogEventRecv] <0031> CPID_UDP_PLATFORM_MOVE
<17 Jul 2026 11:38:33> [TSimMgr_Client.LogEventRecv] <0031> CPID_UDP_PLATFORM_MOVE
<17 Jul 2026 11:38:33> [TSimMgr_Client.LogEventRecv] <0031> CPID_UDP_PLATFORM_MOVE
<17 Jul 2026 11:38:33> [TSimMgr_Client.LogEventRecv] <0031> CPID_UDP_PLATFORM_MOVE
<17 Jul 2026 11:38:33> [TSimMgr_Client.LogEventRecv] <0031> CPID_UDP_PLATFORM_MOVE
<17 Jul 2026 11:38:33> [TSimMgr_Client.LogEventRecv] <0031> CPID_UDP_PLATFORM_MOVE
<17 Jul 2026 11:38:41> [TSimMgr_Client.LogEventRecv] <0031> CPID_UDP_PLATFORM_MOVE
<17 Jul 2026 11:38:41> [TSimMgr_Client.LogEventRecv] <0031> CPID_UDP_PLATFORM_MOVE
<17 Jul 2026 11:38:41> [TSimMgr_Client.LogEventRecv] <0031> CPID_UDP_PLATFORM_MOVE
<17 Jul 2026 11:38:41> [TSimMgr_Client.LogEventRecv] <0031> CPID_UDP_PLATFORM_MOVE
<17 Jul 2026 11:38:41> [TSimMgr_Client.LogEventRecv] <0031> CPID_UDP_PLATFORM_MOVE
<17 Jul 2026 11:38:41> [TSimMgr_Client.LogEventRecv] <0031> CPID_UDP_PLATFORM_MOVE
<17 Jul 2026 11:38:41> [TSimMgr_Client.LogEventRecv] <0031> CPID_UDP_PLATFORM_MOVE
<17 Jul 2026 11:38:41> [TSimMgr_Client.LogEventRecv] <0031> CPID_UDP_PLATFORM_MOVE
<17 Jul 2026 11:38:41> [TSimMgr_Client.LogEventRecv] <0031> CPID_UDP_PLATFORM_MOVE
<17 Jul 2026 11:38:49> [TSimMgr_Client.LogEventRecv] <0031> CPID_UDP_PLATFORM_MOVE
<17 Jul 2026 11:38:49> [TSimMgr_Client.LogEventRecv] <0031> CPID_UDP_PLATFORM_MOVE
<17 Jul 2026 11:38:49> [TSimMgr_Client.LogEventRecv] <0031> CPID_UDP_PLATFORM_MOVE
<17 Jul 2026 11:38:49> [TSimMgr_Client.LogEventRecv] <0031> CPID_UDP_PLATFORM_MOVE
<17 Jul 2026 11:38:49> [TSimMgr_Client.LogEventRecv] <0031> CPID_UDP_PLATFORM_MOVE
<17 Jul 2026 11:38:49> [TSimMgr_Client.LogEventRecv] <0031> CPID_UDP_PLATFORM_MOVE
<17 Jul 2026 11:38:49> [TSimMgr_Client.LogEventRecv] <0031> CPID_UDP_PLATFORM_MOVE
<17 Jul 2026 11:38:49> [TSimMgr_Client.LogEventRecv] <0031> CPID_UDP_PLATFORM_MOVE
<17 Jul 2026 11:38:49> [TSimMgr_Client.LogEventRecv] <0031> CPID_UDP_PLATFORM_MOVE
<17 Jul 2026 11:38:57> [TSimMgr_Client.LogEventRecv] <0031> CPID_UDP_PLATFORM_MOVE
<17 Jul 2026 11:38:57> [TSimMgr_Client.LogEventRecv] <0031> CPID_UDP_PLATFORM_MOVE
<17 Jul 2026 11:38:57> [TSimMgr_Client.LogEventRecv] <0031> CPID_UDP_PLATFORM_MOVE
<17 Jul 2026 11:38:57> [TSimMgr_Client.LogEventRecv] <0031> CPID_UDP_PLATFORM_MOVE
<17 Jul 2026 11:38:57> [TSimMgr_Client.LogEventRecv] <0031> CPID_UDP_PLATFORM_MOVE
<17 Jul 2026 11:38:57> [TSimMgr_Client.LogEventRecv] <0031> CPID_UDP_PLATFORM_MOVE
<17 Jul 2026 11:38:57> [TSimMgr_Client.LogEventRecv] <0031> CPID_UDP_PLATFORM_MOVE
<17 Jul 2026 11:38:57> [TSimMgr_Client.LogEventRecv] <0031> CPID_UDP_PLATFORM_MOVE
<17 Jul 2026 11:38:57> [TSimMgr_Client.LogEventRecv] <0031> CPID_UDP_PLATFORM_MOVE
<17 Jul 2026 11:39:04> [TSimMgr_Client.LogEventRecv] <0031> CPID_UDP_PLATFORM_MOVE
<17 Jul 2026 11:39:04> [TSimMgr_Client.LogEventRecv] <0031> CPID_UDP_PLATFORM_MOVE
<17 Jul 2026 11:39:04> [TSimMgr_Client.LogEventRecv] <0031> CPID_UDP_PLATFORM_MOVE
<17 Jul 2026 11:39:04> [TSimMgr_Client.LogEventRecv] <0031> CPID_UDP_PLATFORM_MOVE
<17 Jul 2026 11:39:04> [TSimMgr_Client.LogEventRecv] <0031> CPID_UDP_PLATFORM_MOVE
<17 Jul 2026 11:39:04> [TSimMgr_Client.LogEventRecv] <0031> CPID_UDP_PLATFORM_MOVE
<17 Jul 2026 11:39:04> [TSimMgr_Client.LogEventRecv] <0031> CPID_UDP_PLATFORM_MOVE
<17 Jul 2026 11:39:04> [TSimMgr_Client.LogEventRecv] <0031> CPID_UDP_PLATFORM_MOVE
<17 Jul 2026 11:39:04> [TSimMgr_Client.LogEventRecv] <0031> CPID_UDP_PLATFORM_MOVE
<17 Jul 2026 11:39:13> [TSimMgr_Client.LogEventRecv] <0031> CPID_UDP_PLATFORM_MOVE
<17 Jul 2026 11:39:13> [TSimMgr_Client.LogEventRecv] <0031> CPID_UDP_PLATFORM_MOVE
<17 Jul 2026 11:39:13> [TSimMgr_Client.LogEventRecv] <0031> CPID_UDP_PLATFORM_MOVE
<17 Jul 2026 11:39:13> [TSimMgr_Client.LogEventRecv] <0031> CPID_UDP_PLATFORM_MOVE
<17 Jul 2026 11:39:13> [TSimMgr_Client.LogEventRecv] <0031> CPID_UDP_PLATFORM_MOVE
<17 Jul 2026 11:39:13> [TSimMgr_Client.LogEventRecv] <0031> CPID_UDP_PLATFORM_MOVE
<17 Jul 2026 11:39:13> [TSimMgr_Client.LogEventRecv] <0031> CPID_UDP_PLATFORM_MOVE
<17 Jul 2026 11:39:13> [TSimMgr_Client.LogEventRecv] <0031> CPID_UDP_PLATFORM_MOVE
<17 Jul 2026 11:39:13> [TSimMgr_Client.LogEventRecv] <0031> CPID_UDP_PLATFORM_MOVE
<17 Jul 2026 11:39:20> [TSimMgr_Client.LogEventRecv] <0031> CPID_UDP_PLATFORM_MOVE
<17 Jul 2026 11:39:20> [TSimMgr_Client.LogEventRecv] <0031> CPID_UDP_PLATFORM_MOVE
<17 Jul 2026 11:39:20> [TSimMgr_Client.LogEventRecv] <0031> CPID_UDP_PLATFORM_MOVE
<17 Jul 2026 11:39:20> [TSimMgr_Client.LogEventRecv] <0031> CPID_UDP_PLATFORM_MOVE
<17 Jul 2026 11:39:20> [TSimMgr_Client.LogEventRecv] <0031> CPID_UDP_PLATFORM_MOVE
<17 Jul 2026 11:39:20> [TSimMgr_Client.LogEventRecv] <0031> CPID_UDP_PLATFORM_MOVE
<17 Jul 2026 11:39:20> [TSimMgr_Client.LogEventRecv] <0031> CPID_UDP_PLATFORM_MOVE
<17 Jul 2026 11:39:21> [TSimMgr_Client.LogEventRecv] <0031> CPID_UDP_PLATFORM_MOVE
<17 Jul 2026 11:39:21> [TSimMgr_Client.LogEventRecv] <0031> CPID_UDP_PLATFORM_MOVE
<17 Jul 2026 11:39:29> [TSimMgr_Client.LogEventRecv] <0031> CPID_UDP_PLATFORM_MOVE
<17 Jul 2026 11:39:29> [TSimMgr_Client.LogEventRecv] <0031> CPID_UDP_PLATFORM_MOVE
<17 Jul 2026 11:39:29> [TSimMgr_Client.LogEventRecv] <0031> CPID_UDP_PLATFORM_MOVE
<17 Jul 2026 11:39:29> [TSimMgr_Client.LogEventRecv] <0031> CPID_UDP_PLATFORM_MOVE
<17 Jul 2026 11:39:29> [TSimMgr_Client.LogEventRecv] <0031> CPID_UDP_PLATFORM_MOVE
<17 Jul 2026 11:39:29> [TSimMgr_Client.LogEventRecv] <0031> CPID_UDP_PLATFORM_MOVE
<17 Jul 2026 11:39:29> [TSimMgr_Client.LogEventRecv] <0031> CPID_UDP_PLATFORM_MOVE
<17 Jul 2026 11:39:29> [TSimMgr_Client.LogEventRecv] <0031> CPID_UDP_PLATFORM_MOVE
<17 Jul 2026 11:39:29> [TSimMgr_Client.LogEventRecv] <0031> CPID_UDP_PLATFORM_MOVE
<17 Jul 2026 11:39:37> [TSimMgr_Client.LogEventRecv] <0031> CPID_UDP_PLATFORM_MOVE
<17 Jul 2026 11:39:37> [TSimMgr_Client.LogEventRecv] <0031> CPID_UDP_PLATFORM_MOVE
<17 Jul 2026 11:39:37> [TSimMgr_Client.LogEventRecv] <0031> CPID_UDP_PLATFORM_MOVE
<17 Jul 2026 11:39:37> [TSimMgr_Client.LogEventRecv] <0031> CPID_UDP_PLATFORM_MOVE
<17 Jul 2026 11:39:37> [TSimMgr_Client.LogEventRecv] <0031> CPID_UDP_PLATFORM_MOVE
<17 Jul 2026 11:39:37> [TSimMgr_Client.LogEventRecv] <0031> CPID_UDP_PLATFORM_MOVE
<17 Jul 2026 11:39:37> [TSimMgr_Client.LogEventRecv] <0031> CPID_UDP_PLATFORM_MOVE
<17 Jul 2026 11:39:37> [TSimMgr_Client.LogEventRecv] <0031> CPID_UDP_PLATFORM_MOVE
<17 Jul 2026 11:39:37> [TSimMgr_Client.LogEventRecv] <0031> CPID_UDP_PLATFORM_MOVE
<17 Jul 2026 11:39:45> [TSimMgr_Client.LogEventRecv] <0031> CPID_UDP_PLATFORM_MOVE
<17 Jul 2026 11:39:45> [TSimMgr_Client.LogEventRecv] <0031> CPID_UDP_PLATFORM_MOVE
<17 Jul 2026 11:39:45> [TSimMgr_Client.LogEventRecv] <0031> CPID_UDP_PLATFORM_MOVE
<17 Jul 2026 11:39:45> [TSimMgr_Client.LogEventRecv] <0031> CPID_UDP_PLATFORM_MOVE
<17 Jul 2026 11:39:45> [TSimMgr_Client.LogEventRecv] <0031> CPID_UDP_PLATFORM_MOVE
<17 Jul 2026 11:39:45> [TSimMgr_Client.LogEventRecv] <0031> CPID_UDP_PLATFORM_MOVE
<17 Jul 2026 11:39:45> [TSimMgr_Client.LogEventRecv] <0031> CPID_UDP_PLATFORM_MOVE
<17 Jul 2026 11:39:45> [TSimMgr_Client.LogEventRecv] <0031> CPID_UDP_PLATFORM_MOVE
<17 Jul 2026 11:39:45> [TSimMgr_Client.LogEventRecv] <0031> CPID_UDP_PLATFORM_MOVE
<17 Jul 2026 11:39:53> [TSimMgr_Client.LogEventRecv] <0031> CPID_UDP_PLATFORM_MOVE
<17 Jul 2026 11:39:53> [TSimMgr_Client.LogEventRecv] <0031> CPID_UDP_PLATFORM_MOVE
<17 Jul 2026 11:39:53> [TSimMgr_Client.LogEventRecv] <0031> CPID_UDP_PLATFORM_MOVE
<17 Jul 2026 11:39:53> [TSimMgr_Client.LogEventRecv] <0031> CPID_UDP_PLATFORM_MOVE
<17 Jul 2026 11:39:53> [TSimMgr_Client.LogEventRecv] <0031> CPID_UDP_PLATFORM_MOVE
<17 Jul 2026 11:39:53> [TSimMgr_Client.LogEventRecv] <0031> CPID_UDP_PLATFORM_MOVE
<17 Jul 2026 11:39:53> [TSimMgr_Client.LogEventRecv] <0031> CPID_UDP_PLATFORM_MOVE
<17 Jul 2026 11:39:53> [TSimMgr_Client.LogEventRecv] <0031> CPID_UDP_PLATFORM_MOVE
<17 Jul 2026 11:39:53> [TSimMgr_Client.LogEventRecv] <0031> CPID_UDP_PLATFORM_MOVE
<17 Jul 2026 11:40:01> [TSimMgr_Client.LogEventRecv] <0031> CPID_UDP_PLATFORM_MOVE
<17 Jul 2026 11:40:01> [TSimMgr_Client.LogEventRecv] <0031> CPID_UDP_PLATFORM_MOVE
<17 Jul 2026 11:40:01> [TSimMgr_Client.LogEventRecv] <0031> CPID_UDP_PLATFORM_MOVE
<17 Jul 2026 11:40:01> [TSimMgr_Client.LogEventRecv] <0031> CPID_UDP_PLATFORM_MOVE
<17 Jul 2026 11:40:01> [TSimMgr_Client.LogEventRecv] <0031> CPID_UDP_PLATFORM_MOVE
<17 Jul 2026 11:40:01> [TSimMgr_Client.LogEventRecv] <0031> CPID_UDP_PLATFORM_MOVE
<17 Jul 2026 11:40:01> [TSimMgr_Client.LogEventRecv] <0031> CPID_UDP_PLATFORM_MOVE
<17 Jul 2026 11:40:01> [TSimMgr_Client.LogEventRecv] <0031> CPID_UDP_PLATFORM_MOVE
<17 Jul 2026 11:40:01> [TSimMgr_Client.LogEventRecv] <0031> CPID_UDP_PLATFORM_MOVE
<17 Jul 2026 11:40:09> [TSimMgr_Client.LogEventRecv] <0031> CPID_UDP_PLATFORM_MOVE
<17 Jul 2026 11:40:09> [TSimMgr_Client.LogEventRecv] <0031> CPID_UDP_PLATFORM_MOVE
<17 Jul 2026 11:40:09> [TSimMgr_Client.LogEventRecv] <0031> CPID_UDP_PLATFORM_MOVE
<17 Jul 2026 11:40:09> [TSimMgr_Client.LogEventRecv] <0031> CPID_UDP_PLATFORM_MOVE
<17 Jul 2026 11:40:09> [TSimMgr_Client.LogEventRecv] <0031> CPID_UDP_PLATFORM_MOVE
<17 Jul 2026 11:40:09> [TSimMgr_Client.LogEventRecv] <0031> CPID_UDP_PLATFORM_MOVE
<17 Jul 2026 11:40:09> [TSimMgr_Client.LogEventRecv] <0031> CPID_UDP_PLATFORM_MOVE
<17 Jul 2026 11:40:09> [TSimMgr_Client.LogEventRecv] <0031> CPID_UDP_PLATFORM_MOVE
<17 Jul 2026 11:40:09> [TSimMgr_Client.LogEventRecv] <0031> CPID_UDP_PLATFORM_MOVE
<17 Jul 2026 11:40:17> [TSimMgr_Client.LogEventRecv] <0031> CPID_UDP_PLATFORM_MOVE
<17 Jul 2026 11:40:17> [TSimMgr_Client.LogEventRecv] <0031> CPID_UDP_PLATFORM_MOVE
<17 Jul 2026 11:40:17> [TSimMgr_Client.LogEventRecv] <0031> CPID_UDP_PLATFORM_MOVE
<17 Jul 2026 11:40:17> [TSimMgr_Client.LogEventRecv] <0031> CPID_UDP_PLATFORM_MOVE
<17 Jul 2026 11:40:17> [TSimMgr_Client.LogEventRecv] <0031> CPID_UDP_PLATFORM_MOVE
<17 Jul 2026 11:40:17> [TSimMgr_Client.LogEventRecv] <0031> CPID_UDP_PLATFORM_MOVE
<17 Jul 2026 11:40:17> [TSimMgr_Client.LogEventRecv] <0031> CPID_UDP_PLATFORM_MOVE
<17 Jul 2026 11:40:17> [TSimMgr_Client.LogEventRecv] <0031> CPID_UDP_PLATFORM_MOVE
<17 Jul 2026 11:40:17> [TSimMgr_Client.LogEventRecv] <0031> CPID_UDP_PLATFORM_MOVE
<17 Jul 2026 11:40:25> [TSimMgr_Client.LogEventRecv] <0031> CPID_UDP_PLATFORM_MOVE
<17 Jul 2026 11:40:25> [TSimMgr_Client.LogEventRecv] <0031> CPID_UDP_PLATFORM_MOVE
<17 Jul 2026 11:40:25> [TSimMgr_Client.LogEventRecv] <0031> CPID_UDP_PLATFORM_MOVE
<17 Jul 2026 11:40:25> [TSimMgr_Client.LogEventRecv] <0031> CPID_UDP_PLATFORM_MOVE
<17 Jul 2026 11:40:25> [TSimMgr_Client.LogEventRecv] <0031> CPID_UDP_PLATFORM_MOVE
<17 Jul 2026 11:40:25> [TSimMgr_Client.LogEventRecv] <0031> CPID_UDP_PLATFORM_MOVE
<17 Jul 2026 11:40:25> [TSimMgr_Client.LogEventRecv] <0031> CPID_UDP_PLATFORM_MOVE
<17 Jul 2026 11:40:25> [TSimMgr_Client.LogEventRecv] <0031> CPID_UDP_PLATFORM_MOVE
<17 Jul 2026 11:40:25> [TSimMgr_Client.LogEventRecv] <0031> CPID_UDP_PLATFORM_MOVE
<17 Jul 2026 11:40:33> [TSimMgr_Client.LogEventRecv] <0031> CPID_UDP_PLATFORM_MOVE
<17 Jul 2026 11:40:33> [TSimMgr_Client.LogEventRecv] <0031> CPID_UDP_PLATFORM_MOVE
<17 Jul 2026 11:40:33> [TSimMgr_Client.LogEventRecv] <0031> CPID_UDP_PLATFORM_MOVE
<17 Jul 2026 11:40:33> [TSimMgr_Client.LogEventRecv] <0031> CPID_UDP_PLATFORM_MOVE
<17 Jul 2026 11:40:33> [TSimMgr_Client.LogEventRecv] <0031> CPID_UDP_PLATFORM_MOVE
<17 Jul 2026 11:40:33> [TSimMgr_Client.LogEventRecv] <0031> CPID_UDP_PLATFORM_MOVE
<17 Jul 2026 11:40:33> [TSimMgr_Client.LogEventRecv] <0031> CPID_UDP_PLATFORM_MOVE
<17 Jul 2026 11:40:33> [TSimMgr_Client.LogEventRecv] <0031> CPID_UDP_PLATFORM_MOVE
<17 Jul 2026 11:40:33> [TSimMgr_Client.LogEventRecv] <0031> CPID_UDP_PLATFORM_MOVE
<17 Jul 2026 11:40:41> [TSimMgr_Client.LogEventRecv] <0031> CPID_UDP_PLATFORM_MOVE
<17 Jul 2026 11:40:41> [TSimMgr_Client.LogEventRecv] <0031> CPID_UDP_PLATFORM_MOVE
<17 Jul 2026 11:40:41> [TSimMgr_Client.LogEventRecv] <0031> CPID_UDP_PLATFORM_MOVE
<17 Jul 2026 11:40:41> [TSimMgr_Client.LogEventRecv] <0031> CPID_UDP_PLATFORM_MOVE
<17 Jul 2026 11:40:41> [TSimMgr_Client.LogEventRecv] <0031> CPID_UDP_PLATFORM_MOVE
<17 Jul 2026 11:40:41> [TSimMgr_Client.LogEventRecv] <0031> CPID_UDP_PLATFORM_MOVE
<17 Jul 2026 11:40:41> [TSimMgr_Client.LogEventRecv] <0031> CPID_UDP_PLATFORM_MOVE
<17 Jul 2026 11:40:41> [TSimMgr_Client.LogEventRecv] <0031> CPID_UDP_PLATFORM_MOVE
<17 Jul 2026 11:40:41> [TSimMgr_Client.LogEventRecv] <0031> CPID_UDP_PLATFORM_MOVE
<17 Jul 2026 11:40:49> [TSimMgr_Client.LogEventRecv] <0031> CPID_UDP_PLATFORM_MOVE
<17 Jul 2026 11:40:49> [TSimMgr_Client.LogEventRecv] <0031> CPID_UDP_PLATFORM_MOVE
<17 Jul 2026 11:40:49> [TSimMgr_Client.LogEventRecv] <0031> CPID_UDP_PLATFORM_MOVE
<17 Jul 2026 11:40:49> [TSimMgr_Client.LogEventRecv] <0031> CPID_UDP_PLATFORM_MOVE
<17 Jul 2026 11:40:49> [TSimMgr_Client.LogEventRecv] <0031> CPID_UDP_PLATFORM_MOVE
<17 Jul 2026 11:40:49> [TSimMgr_Client.LogEventRecv] <0031> CPID_UDP_PLATFORM_MOVE
<17 Jul 2026 11:40:49> [TSimMgr_Client.LogEventRecv] <0031> CPID_UDP_PLATFORM_MOVE
<17 Jul 2026 11:40:49> [TSimMgr_Client.LogEventRecv] <0031> CPID_UDP_PLATFORM_MOVE
<17 Jul 2026 11:40:49> [TSimMgr_Client.LogEventRecv] <0031> CPID_UDP_PLATFORM_MOVE
<17 Jul 2026 11:40:57> [TSimMgr_Client.LogEventRecv] <0031> CPID_UDP_PLATFORM_MOVE
<17 Jul 2026 11:40:57> [TSimMgr_Client.LogEventRecv] <0031> CPID_UDP_PLATFORM_MOVE
<17 Jul 2026 11:40:57> [TSimMgr_Client.LogEventRecv] <0031> CPID_UDP_PLATFORM_MOVE
<17 Jul 2026 11:40:57> [TSimMgr_Client.LogEventRecv] <0031> CPID_UDP_PLATFORM_MOVE
<17 Jul 2026 11:40:57> [TSimMgr_Client.LogEventRecv] <0031> CPID_UDP_PLATFORM_MOVE
<17 Jul 2026 11:40:57> [TSimMgr_Client.LogEventRecv] <0031> CPID_UDP_PLATFORM_MOVE
<17 Jul 2026 11:40:57> [TSimMgr_Client.LogEventRecv] <0031> CPID_UDP_PLATFORM_MOVE
<17 Jul 2026 11:40:57> [TSimMgr_Client.LogEventRecv] <0031> CPID_UDP_PLATFORM_MOVE
<17 Jul 2026 11:40:57> [TSimMgr_Client.LogEventRecv] <0031> CPID_UDP_PLATFORM_MOVE
<17 Jul 2026 11:41:05> [TSimMgr_Client.LogEventRecv] <0031> CPID_UDP_PLATFORM_MOVE
<17 Jul 2026 11:41:05> [TSimMgr_Client.LogEventRecv] <0031> CPID_UDP_PLATFORM_MOVE
<17 Jul 2026 11:41:05> [TSimMgr_Client.LogEventRecv] <0031> CPID_UDP_PLATFORM_MOVE
<17 Jul 2026 11:41:05> [TSimMgr_Client.LogEventRecv] <0031> CPID_UDP_PLATFORM_MOVE
<17 Jul 2026 11:41:05> [TSimMgr_Client.LogEventRecv] <0031> CPID_UDP_PLATFORM_MOVE
<17 Jul 2026 11:41:05> [TSimMgr_Client.LogEventRecv] <0031> CPID_UDP_PLATFORM_MOVE
<17 Jul 2026 11:41:05> [TSimMgr_Client.LogEventRecv] <0031> CPID_UDP_PLATFORM_MOVE
<17 Jul 2026 11:41:05> [TSimMgr_Client.LogEventRecv] <0031> CPID_UDP_PLATFORM_MOVE
<17 Jul 2026 11:41:05> [TSimMgr_Client.LogEventRecv] <0031> CPID_UDP_PLATFORM_MOVE
<17 Jul 2026 11:41:13> [TSimMgr_Client.LogEventRecv] <0031> CPID_UDP_PLATFORM_MOVE
<17 Jul 2026 11:41:13> [TSimMgr_Client.LogEventRecv] <0031> CPID_UDP_PLATFORM_MOVE
<17 Jul 2026 11:41:13> [TSimMgr_Client.LogEventRecv] <0031> CPID_UDP_PLATFORM_MOVE
<17 Jul 2026 11:41:13> [TSimMgr_Client.LogEventRecv] <0031> CPID_UDP_PLATFORM_MOVE
<17 Jul 2026 11:41:13> [TSimMgr_Client.LogEventRecv] <0031> CPID_UDP_PLATFORM_MOVE
<17 Jul 2026 11:41:13> [TSimMgr_Client.LogEventRecv] <0031> CPID_UDP_PLATFORM_MOVE
<17 Jul 2026 11:41:13> [TSimMgr_Client.LogEventRecv] <0031> CPID_UDP_PLATFORM_MOVE
<17 Jul 2026 11:41:13> [TSimMgr_Client.LogEventRecv] <0031> CPID_UDP_PLATFORM_MOVE
<17 Jul 2026 11:41:13> [TSimMgr_Client.LogEventRecv] <0031> CPID_UDP_PLATFORM_MOVE
<17 Jul 2026 11:41:21> [TSimMgr_Client.LogEventRecv] <0031> CPID_UDP_PLATFORM_MOVE
<17 Jul 2026 11:41:21> [TSimMgr_Client.LogEventRecv] <0031> CPID_UDP_PLATFORM_MOVE
<17 Jul 2026 11:41:21> [TSimMgr_Client.LogEventRecv] <0031> CPID_UDP_PLATFORM_MOVE
<17 Jul 2026 11:41:21> [TSimMgr_Client.LogEventRecv] <0031> CPID_UDP_PLATFORM_MOVE
<17 Jul 2026 11:41:21> [TSimMgr_Client.LogEventRecv] <0031> CPID_UDP_PLATFORM_MOVE
<17 Jul 2026 11:41:21> [TSimMgr_Client.LogEventRecv] <0031> CPID_UDP_PLATFORM_MOVE
<17 Jul 2026 11:41:21> [TSimMgr_Client.LogEventRecv] <0031> CPID_UDP_PLATFORM_MOVE
<17 Jul 2026 11:41:21> [TSimMgr_Client.LogEventRecv] <0031> CPID_UDP_PLATFORM_MOVE
<17 Jul 2026 11:41:21> [TSimMgr_Client.LogEventRecv] <0031> CPID_UDP_PLATFORM_MOVE
<17 Jul 2026 11:41:29> [TSimMgr_Client.LogEventRecv] <0031> CPID_UDP_PLATFORM_MOVE
<17 Jul 2026 11:41:29> [TSimMgr_Client.LogEventRecv] <0031> CPID_UDP_PLATFORM_MOVE
<17 Jul 2026 11:41:29> [TSimMgr_Client.LogEventRecv] <0031> CPID_UDP_PLATFORM_MOVE
<17 Jul 2026 11:41:29> [TSimMgr_Client.LogEventRecv] <0031> CPID_UDP_PLATFORM_MOVE
<17 Jul 2026 11:41:29> [TSimMgr_Client.LogEventRecv] <0031> CPID_UDP_PLATFORM_MOVE
<17 Jul 2026 11:41:29> [TSimMgr_Client.LogEventRecv] <0031> CPID_UDP_PLATFORM_MOVE
<17 Jul 2026 11:41:29> [TSimMgr_Client.LogEventRecv] <0031> CPID_UDP_PLATFORM_MOVE
<17 Jul 2026 11:41:29> [TSimMgr_Client.LogEventRecv] <0031> CPID_UDP_PLATFORM_MOVE
<17 Jul 2026 11:41:29> [TSimMgr_Client.LogEventRecv] <0031> CPID_UDP_PLATFORM_MOVE
<17 Jul 2026 11:41:37> [TSimMgr_Client.LogEventRecv] <0031> CPID_UDP_PLATFORM_MOVE
<17 Jul 2026 11:41:37> [TSimMgr_Client.LogEventRecv] <0031> CPID_UDP_PLATFORM_MOVE
<17 Jul 2026 11:41:37> [TSimMgr_Client.LogEventRecv] <0031> CPID_UDP_PLATFORM_MOVE
<17 Jul 2026 11:41:37> [TSimMgr_Client.LogEventRecv] <0031> CPID_UDP_PLATFORM_MOVE
<17 Jul 2026 11:41:37> [TSimMgr_Client.LogEventRecv] <0031> CPID_UDP_PLATFORM_MOVE
<17 Jul 2026 11:41:37> [TSimMgr_Client.LogEventRecv] <0031> CPID_UDP_PLATFORM_MOVE
<17 Jul 2026 11:41:37> [TSimMgr_Client.LogEventRecv] <0031> CPID_UDP_PLATFORM_MOVE
<17 Jul 2026 11:41:37> [TSimMgr_Client.LogEventRecv] <0031> CPID_UDP_PLATFORM_MOVE
<17 Jul 2026 11:41:37> [TSimMgr_Client.LogEventRecv] <0031> CPID_UDP_PLATFORM_MOVE
<17 Jul 2026 11:41:45> [TSimMgr_Client.LogEventRecv] <0031> CPID_UDP_PLATFORM_MOVE
<17 Jul 2026 11:41:45> [TSimMgr_Client.LogEventRecv] <0031> CPID_UDP_PLATFORM_MOVE
<17 Jul 2026 11:41:45> [TSimMgr_Client.LogEventRecv] <0031> CPID_UDP_PLATFORM_MOVE
<17 Jul 2026 11:41:45> [TSimMgr_Client.LogEventRecv] <0031> CPID_UDP_PLATFORM_MOVE
<17 Jul 2026 11:41:45> [TSimMgr_Client.LogEventRecv] <0031> CPID_UDP_PLATFORM_MOVE
<17 Jul 2026 11:41:45> [TSimMgr_Client.LogEventRecv] <0031> CPID_UDP_PLATFORM_MOVE
<17 Jul 2026 11:41:45> [TSimMgr_Client.LogEventRecv] <0031> CPID_UDP_PLATFORM_MOVE
<17 Jul 2026 11:41:45> [TSimMgr_Client.LogEventRecv] <0031> CPID_UDP_PLATFORM_MOVE
<17 Jul 2026 11:41:45> [TSimMgr_Client.LogEventRecv] <0031> CPID_UDP_PLATFORM_MOVE
<17 Jul 2026 11:41:53> [TSimMgr_Client.LogEventRecv] <0031> CPID_UDP_PLATFORM_MOVE
<17 Jul 2026 11:41:53> [TSimMgr_Client.LogEventRecv] <0031> CPID_UDP_PLATFORM_MOVE
<17 Jul 2026 11:41:53> [TSimMgr_Client.LogEventRecv] <0031> CPID_UDP_PLATFORM_MOVE
<17 Jul 2026 11:41:53> [TSimMgr_Client.LogEventRecv] <0031> CPID_UDP_PLATFORM_MOVE
<17 Jul 2026 11:41:53> [TSimMgr_Client.LogEventRecv] <0031> CPID_UDP_PLATFORM_MOVE
<17 Jul 2026 11:41:53> [TSimMgr_Client.LogEventRecv] <0031> CPID_UDP_PLATFORM_MOVE
<17 Jul 2026 11:41:53> [TSimMgr_Client.LogEventRecv] <0031> CPID_UDP_PLATFORM_MOVE
<17 Jul 2026 11:41:53> [TSimMgr_Client.LogEventRecv] <0031> CPID_UDP_PLATFORM_MOVE
<17 Jul 2026 11:41:53> [TSimMgr_Client.LogEventRecv] <0031> CPID_UDP_PLATFORM_MOVE
<17 Jul 2026 11:42:01> [TSimMgr_Client.LogEventRecv] <0031> CPID_UDP_PLATFORM_MOVE
<17 Jul 2026 11:42:01> [TSimMgr_Client.LogEventRecv] <0031> CPID_UDP_PLATFORM_MOVE
<17 Jul 2026 11:42:01> [TSimMgr_Client.LogEventRecv] <0031> CPID_UDP_PLATFORM_MOVE
<17 Jul 2026 11:42:01> [TSimMgr_Client.LogEventRecv] <0031> CPID_UDP_PLATFORM_MOVE
<17 Jul 2026 11:42:01> [TSimMgr_Client.LogEventRecv] <0031> CPID_UDP_PLATFORM_MOVE
<17 Jul 2026 11:42:01> [TSimMgr_Client.LogEventRecv] <0031> CPID_UDP_PLATFORM_MOVE
<17 Jul 2026 11:42:01> [TSimMgr_Client.LogEventRecv] <0031> CPID_UDP_PLATFORM_MOVE
<17 Jul 2026 11:42:01> [TSimMgr_Client.LogEventRecv] <0031> CPID_UDP_PLATFORM_MOVE
<17 Jul 2026 11:42:01> [TSimMgr_Client.LogEventRecv] <0031> CPID_UDP_PLATFORM_MOVE
<17 Jul 2026 11:42:09> [TSimMgr_Client.LogEventRecv] <0031> CPID_UDP_PLATFORM_MOVE
<17 Jul 2026 11:42:09> [TSimMgr_Client.LogEventRecv] <0031> CPID_UDP_PLATFORM_MOVE
<17 Jul 2026 11:42:09> [TSimMgr_Client.LogEventRecv] <0031> CPID_UDP_PLATFORM_MOVE
<17 Jul 2026 11:42:09> [TSimMgr_Client.LogEventRecv] <0031> CPID_UDP_PLATFORM_MOVE
<17 Jul 2026 11:42:09> [TSimMgr_Client.LogEventRecv] <0031> CPID_UDP_PLATFORM_MOVE
<17 Jul 2026 11:42:09> [TSimMgr_Client.LogEventRecv] <0031> CPID_UDP_PLATFORM_MOVE
<17 Jul 2026 11:42:09> [TSimMgr_Client.LogEventRecv] <0031> CPID_UDP_PLATFORM_MOVE
<17 Jul 2026 11:42:09> [TSimMgr_Client.LogEventRecv] <0031> CPID_UDP_PLATFORM_MOVE
<17 Jul 2026 11:42:09> [TSimMgr_Client.LogEventRecv] <0031> CPID_UDP_PLATFORM_MOVE
<17 Jul 2026 11:42:17> [TSimMgr_Client.LogEventRecv] <0031> CPID_UDP_PLATFORM_MOVE
<17 Jul 2026 11:42:17> [TSimMgr_Client.LogEventRecv] <0031> CPID_UDP_PLATFORM_MOVE
<17 Jul 2026 11:42:17> [TSimMgr_Client.LogEventRecv] <0031> CPID_UDP_PLATFORM_MOVE
<17 Jul 2026 11:42:17> [TSimMgr_Client.LogEventRecv] <0031> CPID_UDP_PLATFORM_MOVE
<17 Jul 2026 11:42:17> [TSimMgr_Client.LogEventRecv] <0031> CPID_UDP_PLATFORM_MOVE
<17 Jul 2026 11:42:17> [TSimMgr_Client.LogEventRecv] <0031> CPID_UDP_PLATFORM_MOVE
<17 Jul 2026 11:42:17> [TSimMgr_Client.LogEventRecv] <0031> CPID_UDP_PLATFORM_MOVE
<17 Jul 2026 11:42:17> [TSimMgr_Client.LogEventRecv] <0031> CPID_UDP_PLATFORM_MOVE
<17 Jul 2026 11:42:17> [TSimMgr_Client.LogEventRecv] <0031> CPID_UDP_PLATFORM_MOVE
<17 Jul 2026 11:42:25> [TSimMgr_Client.LogEventRecv] <0031> CPID_UDP_PLATFORM_MOVE
<17 Jul 2026 11:42:25> [TSimMgr_Client.LogEventRecv] <0031> CPID_UDP_PLATFORM_MOVE
<17 Jul 2026 11:42:25> [TSimMgr_Client.LogEventRecv] <0031> CPID_UDP_PLATFORM_MOVE
<17 Jul 2026 11:42:25> [TSimMgr_Client.LogEventRecv] <0031> CPID_UDP_PLATFORM_MOVE
<17 Jul 2026 11:42:25> [TSimMgr_Client.LogEventRecv] <0031> CPID_UDP_PLATFORM_MOVE
<17 Jul 2026 11:42:25> [TSimMgr_Client.LogEventRecv] <0031> CPID_UDP_PLATFORM_MOVE
<17 Jul 2026 11:42:25> [TSimMgr_Client.LogEventRecv] <0031> CPID_UDP_PLATFORM_MOVE
<17 Jul 2026 11:42:25> [TSimMgr_Client.LogEventRecv] <0031> CPID_UDP_PLATFORM_MOVE
<17 Jul 2026 11:42:25> [TSimMgr_Client.LogEventRecv] <0031> CPID_UDP_PLATFORM_MOVE
<17 Jul 2026 11:42:33> [TSimMgr_Client.LogEventRecv] <0031> CPID_UDP_PLATFORM_MOVE
<17 Jul 2026 11:42:33> [TSimMgr_Client.LogEventRecv] <0031> CPID_UDP_PLATFORM_MOVE
<17 Jul 2026 11:42:33> [TSimMgr_Client.LogEventRecv] <0031> CPID_UDP_PLATFORM_MOVE
<17 Jul 2026 11:42:33> [TSimMgr_Client.LogEventRecv] <0031> CPID_UDP_PLATFORM_MOVE
<17 Jul 2026 11:42:33> [TSimMgr_Client.LogEventRecv] <0031> CPID_UDP_PLATFORM_MOVE
<17 Jul 2026 11:42:33> [TSimMgr_Client.LogEventRecv] <0031> CPID_UDP_PLATFORM_MOVE
<17 Jul 2026 11:42:33> [TSimMgr_Client.LogEventRecv] <0031> CPID_UDP_PLATFORM_MOVE
<17 Jul 2026 11:42:33> [TSimMgr_Client.LogEventRecv] <0031> CPID_UDP_PLATFORM_MOVE
<17 Jul 2026 11:42:33> [TSimMgr_Client.LogEventRecv] <0031> CPID_UDP_PLATFORM_MOVE
<17 Jul 2026 11:42:41> [TSimMgr_Client.LogEventRecv] <0031> CPID_UDP_PLATFORM_MOVE
<17 Jul 2026 11:42:41> [TSimMgr_Client.LogEventRecv] <0031> CPID_UDP_PLATFORM_MOVE
<17 Jul 2026 11:42:41> [TSimMgr_Client.LogEventRecv] <0031> CPID_UDP_PLATFORM_MOVE
<17 Jul 2026 11:42:41> [TSimMgr_Client.LogEventRecv] <0031> CPID_UDP_PLATFORM_MOVE
<17 Jul 2026 11:42:41> [TSimMgr_Client.LogEventRecv] <0031> CPID_UDP_PLATFORM_MOVE
<17 Jul 2026 11:42:41> [TSimMgr_Client.LogEventRecv] <0031> CPID_UDP_PLATFORM_MOVE
<17 Jul 2026 11:42:41> [TSimMgr_Client.LogEventRecv] <0031> CPID_UDP_PLATFORM_MOVE
<17 Jul 2026 11:42:41> [TSimMgr_Client.LogEventRecv] <0031> CPID_UDP_PLATFORM_MOVE
<17 Jul 2026 11:42:41> [TSimMgr_Client.LogEventRecv] <0031> CPID_UDP_PLATFORM_MOVE
<17 Jul 2026 11:42:49> [TSimMgr_Client.LogEventRecv] <0031> CPID_UDP_PLATFORM_MOVE
<17 Jul 2026 11:42:49> [TSimMgr_Client.LogEventRecv] <0031> CPID_UDP_PLATFORM_MOVE
<17 Jul 2026 11:42:49> [TSimMgr_Client.LogEventRecv] <0031> CPID_UDP_PLATFORM_MOVE
<17 Jul 2026 11:42:49> [TSimMgr_Client.LogEventRecv] <0031> CPID_UDP_PLATFORM_MOVE
<17 Jul 2026 11:42:49> [TSimMgr_Client.LogEventRecv] <0031> CPID_UDP_PLATFORM_MOVE
<17 Jul 2026 11:42:57> [TSimMgr_Client.LogEventRecv] <0031> CPID_UDP_PLATFORM_MOVE
<17 Jul 2026 11:42:57> [TSimMgr_Client.LogEventRecv] <0031> CPID_UDP_PLATFORM_MOVE
<17 Jul 2026 11:42:57> [TSimMgr_Client.LogEventRecv] <0031> CPID_UDP_PLATFORM_MOVE
<17 Jul 2026 11:42:57> [TSimMgr_Client.LogEventRecv] <0031> CPID_UDP_PLATFORM_MOVE
<17 Jul 2026 11:42:57> [TSimMgr_Client.LogEventRecv] <0031> CPID_UDP_PLATFORM_MOVE
<17 Jul 2026 11:42:57> [TSimMgr_Client.LogEventRecv] <0031> CPID_UDP_PLATFORM_MOVE
<17 Jul 2026 11:42:57> [TSimMgr_Client.LogEventRecv] <0031> CPID_UDP_PLATFORM_MOVE
<17 Jul 2026 11:42:57> [TSimMgr_Client.LogEventRecv] <0031> CPID_UDP_PLATFORM_MOVE
<17 Jul 2026 11:42:57> [TSimMgr_Client.LogEventRecv] <0031> CPID_UDP_PLATFORM_MOVE
<17 Jul 2026 11:43:05> [TSimMgr_Client.LogEventRecv] <0031> CPID_UDP_PLATFORM_MOVE
<17 Jul 2026 11:43:05> [TSimMgr_Client.LogEventRecv] <0031> CPID_UDP_PLATFORM_MOVE
<17 Jul 2026 11:43:05> [TSimMgr_Client.LogEventRecv] <0031> CPID_UDP_PLATFORM_MOVE
<17 Jul 2026 11:43:05> [TSimMgr_Client.LogEventRecv] <0031> CPID_UDP_PLATFORM_MOVE
<17 Jul 2026 11:43:05> [TSimMgr_Client.LogEventRecv] <0031> CPID_UDP_PLATFORM_MOVE
<17 Jul 2026 11:43:05> [TSimMgr_Client.LogEventRecv] <0031> CPID_UDP_PLATFORM_MOVE
<17 Jul 2026 11:43:05> [TSimMgr_Client.LogEventRecv] <0031> CPID_UDP_PLATFORM_MOVE
<17 Jul 2026 11:43:05> [TSimMgr_Client.LogEventRecv] <0031> CPID_UDP_PLATFORM_MOVE
<17 Jul 2026 11:43:05> [TSimMgr_Client.LogEventRecv] <0031> CPID_UDP_PLATFORM_MOVE
<17 Jul 2026 11:43:13> [TSimMgr_Client.LogEventRecv] <0031> CPID_UDP_PLATFORM_MOVE
<17 Jul 2026 11:43:13> [TSimMgr_Client.LogEventRecv] <0031> CPID_UDP_PLATFORM_MOVE
<17 Jul 2026 11:43:13> [TSimMgr_Client.LogEventRecv] <0031> CPID_UDP_PLATFORM_MOVE
<17 Jul 2026 11:43:13> [TSimMgr_Client.LogEventRecv] <0031> CPID_UDP_PLATFORM_MOVE
<17 Jul 2026 11:43:13> [TSimMgr_Client.LogEventRecv] <0031> CPID_UDP_PLATFORM_MOVE
<17 Jul 2026 11:43:13> [TSimMgr_Client.LogEventRecv] <0031> CPID_UDP_PLATFORM_MOVE
<17 Jul 2026 11:43:13> [TSimMgr_Client.LogEventRecv] <0031> CPID_UDP_PLATFORM_MOVE
<17 Jul 2026 11:43:13> [TSimMgr_Client.LogEventRecv] <0031> CPID_UDP_PLATFORM_MOVE
<17 Jul 2026 11:43:13> [TSimMgr_Client.LogEventRecv] <0031> CPID_UDP_PLATFORM_MOVE
<17 Jul 2026 11:43:21> [TSimMgr_Client.LogEventRecv] <0031> CPID_UDP_PLATFORM_MOVE
<17 Jul 2026 11:43:21> [TSimMgr_Client.LogEventRecv] <0031> CPID_UDP_PLATFORM_MOVE
<17 Jul 2026 11:43:21> [TSimMgr_Client.LogEventRecv] <0031> CPID_UDP_PLATFORM_MOVE
<17 Jul 2026 11:43:21> [TSimMgr_Client.LogEventRecv] <0031> CPID_UDP_PLATFORM_MOVE
<17 Jul 2026 11:43:21> [TSimMgr_Client.LogEventRecv] <0031> CPID_UDP_PLATFORM_MOVE
<17 Jul 2026 11:43:21> [TSimMgr_Client.LogEventRecv] <0031> CPID_UDP_PLATFORM_MOVE
<17 Jul 2026 11:43:21> [TSimMgr_Client.LogEventRecv] <0031> CPID_UDP_PLATFORM_MOVE
<17 Jul 2026 11:43:21> [TSimMgr_Client.LogEventRecv] <0031> CPID_UDP_PLATFORM_MOVE
<17 Jul 2026 11:43:21> [TSimMgr_Client.LogEventRecv] <0031> CPID_UDP_PLATFORM_MOVE
<17 Jul 2026 11:43:29> [TSimMgr_Client.LogEventRecv] <0031> CPID_UDP_PLATFORM_MOVE
<17 Jul 2026 11:43:29> [TSimMgr_Client.LogEventRecv] <0031> CPID_UDP_PLATFORM_MOVE
<17 Jul 2026 11:43:29> [TSimMgr_Client.LogEventRecv] <0031> CPID_UDP_PLATFORM_MOVE
<17 Jul 2026 11:43:29> [TSimMgr_Client.LogEventRecv] <0031> CPID_UDP_PLATFORM_MOVE
<17 Jul 2026 11:43:29> [TSimMgr_Client.LogEventRecv] <0031> CPID_UDP_PLATFORM_MOVE
<17 Jul 2026 11:43:29> [TSimMgr_Client.LogEventRecv] <0031> CPID_UDP_PLATFORM_MOVE
<17 Jul 2026 11:43:29> [TSimMgr_Client.LogEventRecv] <0031> CPID_UDP_PLATFORM_MOVE
<17 Jul 2026 11:43:29> [TSimMgr_Client.LogEventRecv] <0031> CPID_UDP_PLATFORM_MOVE
<17 Jul 2026 11:43:29> [TSimMgr_Client.LogEventRecv] <0031> CPID_UDP_PLATFORM_MOVE
<17 Jul 2026 11:43:37> [TSimMgr_Client.LogEventRecv] <0031> CPID_UDP_PLATFORM_MOVE
<17 Jul 2026 11:43:37> [TSimMgr_Client.LogEventRecv] <0031> CPID_UDP_PLATFORM_MOVE
<17 Jul 2026 11:43:37> [TSimMgr_Client.LogEventRecv] <0031> CPID_UDP_PLATFORM_MOVE
<17 Jul 2026 11:43:37> [TSimMgr_Client.LogEventRecv] <0031> CPID_UDP_PLATFORM_MOVE
<17 Jul 2026 11:43:37> [TSimMgr_Client.LogEventRecv] <0031> CPID_UDP_PLATFORM_MOVE
<17 Jul 2026 11:43:37> [TSimMgr_Client.LogEventRecv] <0031> CPID_UDP_PLATFORM_MOVE
<17 Jul 2026 11:43:37> [TSimMgr_Client.LogEventRecv] <0031> CPID_UDP_PLATFORM_MOVE
<17 Jul 2026 11:43:37> [TSimMgr_Client.LogEventRecv] <0031> CPID_UDP_PLATFORM_MOVE
<17 Jul 2026 11:43:37> [TSimMgr_Client.LogEventRecv] <0031> CPID_UDP_PLATFORM_MOVE
<17 Jul 2026 11:43:44> [TSimMgr_Client.LogEventRecv] <0031> CPID_UDP_PLATFORM_MOVE
<17 Jul 2026 11:43:44> [TSimMgr_Client.LogEventRecv] <0031> CPID_UDP_PLATFORM_MOVE
<17 Jul 2026 11:43:44> [TSimMgr_Client.LogEventRecv] <0031> CPID_UDP_PLATFORM_MOVE
<17 Jul 2026 11:43:44> [TSimMgr_Client.LogEventRecv] <0031> CPID_UDP_PLATFORM_MOVE
<17 Jul 2026 11:43:44> [TSimMgr_Client.LogEventRecv] <0031> CPID_UDP_PLATFORM_MOVE
<17 Jul 2026 11:43:44> [TSimMgr_Client.LogEventRecv] <0031> CPID_UDP_PLATFORM_MOVE
<17 Jul 2026 11:43:44> [TSimMgr_Client.LogEventRecv] <0031> CPID_UDP_PLATFORM_MOVE
<17 Jul 2026 11:43:44> [TSimMgr_Client.LogEventRecv] <0031> CPID_UDP_PLATFORM_MOVE
<17 Jul 2026 11:43:53> [TSimMgr_Client.LogEventRecv] <0031> CPID_UDP_PLATFORM_MOVE
<17 Jul 2026 11:43:53> [TSimMgr_Client.LogEventRecv] <0031> CPID_UDP_PLATFORM_MOVE
<17 Jul 2026 11:43:53> [TSimMgr_Client.LogEventRecv] <0031> CPID_UDP_PLATFORM_MOVE
<17 Jul 2026 11:43:53> [TSimMgr_Client.LogEventRecv] <0031> CPID_UDP_PLATFORM_MOVE
<17 Jul 2026 11:43:53> [TSimMgr_Client.LogEventRecv] <0031> CPID_UDP_PLATFORM_MOVE
<17 Jul 2026 11:43:53> [TSimMgr_Client.LogEventRecv] <0031> CPID_UDP_PLATFORM_MOVE
<17 Jul 2026 11:43:53> [TSimMgr_Client.LogEventRecv] <0031> CPID_UDP_PLATFORM_MOVE
<17 Jul 2026 11:43:53> [TSimMgr_Client.LogEventRecv] <0031> CPID_UDP_PLATFORM_MOVE
<17 Jul 2026 11:43:53> [TSimMgr_Client.LogEventRecv] <0031> CPID_UDP_PLATFORM_MOVE
<17 Jul 2026 11:44:01> [TSimMgr_Client.LogEventRecv] <0031> CPID_UDP_PLATFORM_MOVE
<17 Jul 2026 11:44:01> [TSimMgr_Client.LogEventRecv] <0031> CPID_UDP_PLATFORM_MOVE
<17 Jul 2026 11:44:01> [TSimMgr_Client.LogEventRecv] <0031> CPID_UDP_PLATFORM_MOVE
<17 Jul 2026 11:44:01> [TSimMgr_Client.LogEventRecv] <0031> CPID_UDP_PLATFORM_MOVE
<17 Jul 2026 11:44:01> [TSimMgr_Client.LogEventRecv] <0031> CPID_UDP_PLATFORM_MOVE
<17 Jul 2026 11:44:01> [TSimMgr_Client.LogEventRecv] <0031> CPID_UDP_PLATFORM_MOVE
<17 Jul 2026 11:44:01> [TSimMgr_Client.LogEventRecv] <0031> CPID_UDP_PLATFORM_MOVE
<17 Jul 2026 11:44:01> [TSimMgr_Client.LogEventRecv] <0031> CPID_UDP_PLATFORM_MOVE
<17 Jul 2026 11:44:01> [TSimMgr_Client.LogEventRecv] <0031> CPID_UDP_PLATFORM_MOVE
<17 Jul 2026 11:44:09> [TSimMgr_Client.LogEventRecv] <0031> CPID_UDP_PLATFORM_MOVE
<17 Jul 2026 11:44:09> [TSimMgr_Client.LogEventRecv] <0031> CPID_UDP_PLATFORM_MOVE
<17 Jul 2026 11:44:09> [TSimMgr_Client.LogEventRecv] <0031> CPID_UDP_PLATFORM_MOVE
<17 Jul 2026 11:44:09> [TSimMgr_Client.LogEventRecv] <0031> CPID_UDP_PLATFORM_MOVE
<17 Jul 2026 11:44:09> [TSimMgr_Client.LogEventRecv] <0031> CPID_UDP_PLATFORM_MOVE
<17 Jul 2026 11:44:09> [TSimMgr_Client.LogEventRecv] <0031> CPID_UDP_PLATFORM_MOVE
<17 Jul 2026 11:44:09> [TSimMgr_Client.LogEventRecv] <0031> CPID_UDP_PLATFORM_MOVE
<17 Jul 2026 11:44:09> [TSimMgr_Client.LogEventRecv] <0031> CPID_UDP_PLATFORM_MOVE
<17 Jul 2026 11:44:09> [TSimMgr_Client.LogEventRecv] <0031> CPID_UDP_PLATFORM_MOVE
<17 Jul 2026 11:44:17> [TSimMgr_Client.LogEventRecv] <0031> CPID_UDP_PLATFORM_MOVE
<17 Jul 2026 11:44:17> [TSimMgr_Client.LogEventRecv] <0031> CPID_UDP_PLATFORM_MOVE
<17 Jul 2026 11:44:17> [TSimMgr_Client.LogEventRecv] <0031> CPID_UDP_PLATFORM_MOVE
<17 Jul 2026 11:44:17> [TSimMgr_Client.LogEventRecv] <0031> CPID_UDP_PLATFORM_MOVE
<17 Jul 2026 11:44:17> [TSimMgr_Client.LogEventRecv] <0031> CPID_UDP_PLATFORM_MOVE
<17 Jul 2026 11:44:17> [TSimMgr_Client.LogEventRecv] <0031> CPID_UDP_PLATFORM_MOVE
<17 Jul 2026 11:44:17> [TSimMgr_Client.LogEventRecv] <0031> CPID_UDP_PLATFORM_MOVE
<17 Jul 2026 11:44:17> [TSimMgr_Client.LogEventRecv] <0031> CPID_UDP_PLATFORM_MOVE
<17 Jul 2026 11:44:17> [TSimMgr_Client.LogEventRecv] <0031> CPID_UDP_PLATFORM_MOVE
<17 Jul 2026 11:44:25> [TSimMgr_Client.LogEventRecv] <0031> CPID_UDP_PLATFORM_MOVE
<17 Jul 2026 11:44:25> [TSimMgr_Client.LogEventRecv] <0031> CPID_UDP_PLATFORM_MOVE
<17 Jul 2026 11:44:25> [TSimMgr_Client.LogEventRecv] <0031> CPID_UDP_PLATFORM_MOVE
<17 Jul 2026 11:44:25> [TSimMgr_Client.LogEventRecv] <0031> CPID_UDP_PLATFORM_MOVE
<17 Jul 2026 11:44:25> [TSimMgr_Client.LogEventRecv] <0031> CPID_UDP_PLATFORM_MOVE
<17 Jul 2026 11:44:25> [TSimMgr_Client.LogEventRecv] <0031> CPID_UDP_PLATFORM_MOVE
<17 Jul 2026 11:44:25> [TSimMgr_Client.LogEventRecv] <0031> CPID_UDP_PLATFORM_MOVE
<17 Jul 2026 11:44:25> [TSimMgr_Client.LogEventRecv] <0031> CPID_UDP_PLATFORM_MOVE
<17 Jul 2026 11:44:25> [TSimMgr_Client.LogEventRecv] <0031> CPID_UDP_PLATFORM_MOVE
<17 Jul 2026 11:44:33> [TSimMgr_Client.LogEventRecv] <0031> CPID_UDP_PLATFORM_MOVE
<17 Jul 2026 11:44:33> [TSimMgr_Client.LogEventRecv] <0031> CPID_UDP_PLATFORM_MOVE
<17 Jul 2026 11:44:33> [TSimMgr_Client.LogEventRecv] <0031> CPID_UDP_PLATFORM_MOVE
<17 Jul 2026 11:44:33> [TSimMgr_Client.LogEventRecv] <0031> CPID_UDP_PLATFORM_MOVE
<17 Jul 2026 11:44:33> [TSimMgr_Client.LogEventRecv] <0031> CPID_UDP_PLATFORM_MOVE
<17 Jul 2026 11:44:33> [TSimMgr_Client.LogEventRecv] <0031> CPID_UDP_PLATFORM_MOVE
<17 Jul 2026 11:44:33> [TSimMgr_Client.LogEventRecv] <0031> CPID_UDP_PLATFORM_MOVE
<17 Jul 2026 11:44:33> [TSimMgr_Client.LogEventRecv] <0031> CPID_UDP_PLATFORM_MOVE
<17 Jul 2026 11:44:33> [TSimMgr_Client.LogEventRecv] <0031> CPID_UDP_PLATFORM_MOVE
<17 Jul 2026 11:44:41> [TSimMgr_Client.LogEventRecv] <0031> CPID_UDP_PLATFORM_MOVE
<17 Jul 2026 11:44:41> [TSimMgr_Client.LogEventRecv] <0031> CPID_UDP_PLATFORM_MOVE
<17 Jul 2026 11:44:41> [TSimMgr_Client.LogEventRecv] <0031> CPID_UDP_PLATFORM_MOVE
<17 Jul 2026 11:44:41> [TSimMgr_Client.LogEventRecv] <0031> CPID_UDP_PLATFORM_MOVE
<17 Jul 2026 11:44:41> [TSimMgr_Client.LogEventRecv] <0031> CPID_UDP_PLATFORM_MOVE
<17 Jul 2026 11:44:41> [TSimMgr_Client.LogEventRecv] <0031> CPID_UDP_PLATFORM_MOVE
<17 Jul 2026 11:44:41> [TSimMgr_Client.LogEventRecv] <0031> CPID_UDP_PLATFORM_MOVE
<17 Jul 2026 11:44:41> [TSimMgr_Client.LogEventRecv] <0031> CPID_UDP_PLATFORM_MOVE
<17 Jul 2026 11:44:41> [TSimMgr_Client.LogEventRecv] <0031> CPID_UDP_PLATFORM_MOVE
<17 Jul 2026 11:44:49> [TSimMgr_Client.LogEventRecv] <0031> CPID_UDP_PLATFORM_MOVE
<17 Jul 2026 11:44:49> [TSimMgr_Client.LogEventRecv] <0031> CPID_UDP_PLATFORM_MOVE
<17 Jul 2026 11:44:49> [TSimMgr_Client.LogEventRecv] <0031> CPID_UDP_PLATFORM_MOVE
<17 Jul 2026 11:44:49> [TSimMgr_Client.LogEventRecv] <0031> CPID_UDP_PLATFORM_MOVE
<17 Jul 2026 11:44:49> [TSimMgr_Client.LogEventRecv] <0031> CPID_UDP_PLATFORM_MOVE
<17 Jul 2026 11:44:49> [TSimMgr_Client.LogEventRecv] <0031> CPID_UDP_PLATFORM_MOVE
<17 Jul 2026 11:44:49> [TSimMgr_Client.LogEventRecv] <0031> CPID_UDP_PLATFORM_MOVE
<17 Jul 2026 11:44:49> [TSimMgr_Client.LogEventRecv] <0031> CPID_UDP_PLATFORM_MOVE
<17 Jul 2026 11:44:49> [TSimMgr_Client.LogEventRecv] <0031> CPID_UDP_PLATFORM_MOVE
<17 Jul 2026 11:44:56> [TSimMgr_Client.LogEventRecv] <0031> CPID_UDP_PLATFORM_MOVE
<17 Jul 2026 11:44:56> [TSimMgr_Client.LogEventRecv] <0031> CPID_UDP_PLATFORM_MOVE
<17 Jul 2026 11:44:56> [TSimMgr_Client.LogEventRecv] <0031> CPID_UDP_PLATFORM_MOVE
<17 Jul 2026 11:44:56> [TSimMgr_Client.LogEventRecv] <0031> CPID_UDP_PLATFORM_MOVE
<17 Jul 2026 11:44:56> [TSimMgr_Client.LogEventRecv] <0031> CPID_UDP_PLATFORM_MOVE
<17 Jul 2026 11:44:56> [TSimMgr_Client.LogEventRecv] <0031> CPID_UDP_PLATFORM_MOVE
<17 Jul 2026 11:44:56> [TSimMgr_Client.LogEventRecv] <0031> CPID_UDP_PLATFORM_MOVE
<17 Jul 2026 11:44:56> [TSimMgr_Client.LogEventRecv] <0031> CPID_UDP_PLATFORM_MOVE
<17 Jul 2026 11:44:56> [TSimMgr_Client.LogEventRecv] <0031> CPID_UDP_PLATFORM_MOVE
<17 Jul 2026 11:45:05> [TSimMgr_Client.LogEventRecv] <0031> CPID_UDP_PLATFORM_MOVE
<17 Jul 2026 11:45:05> [TSimMgr_Client.LogEventRecv] <0031> CPID_UDP_PLATFORM_MOVE
<17 Jul 2026 11:45:05> [TSimMgr_Client.LogEventRecv] <0031> CPID_UDP_PLATFORM_MOVE
<17 Jul 2026 11:45:05> [TSimMgr_Client.LogEventRecv] <0031> CPID_UDP_PLATFORM_MOVE
<17 Jul 2026 11:45:05> [TSimMgr_Client.LogEventRecv] <0031> CPID_UDP_PLATFORM_MOVE
<17 Jul 2026 11:45:05> [TSimMgr_Client.LogEventRecv] <0031> CPID_UDP_PLATFORM_MOVE
<17 Jul 2026 11:45:05> [TSimMgr_Client.LogEventRecv] <0031> CPID_UDP_PLATFORM_MOVE
<17 Jul 2026 11:45:05> [TSimMgr_Client.LogEventRecv] <0031> CPID_UDP_PLATFORM_MOVE
<17 Jul 2026 11:45:05> [TSimMgr_Client.LogEventRecv] <0031> CPID_UDP_PLATFORM_MOVE
<17 Jul 2026 11:45:12> [TSimMgr_Client.LogEventRecv] <0031> CPID_UDP_PLATFORM_MOVE
<17 Jul 2026 11:45:12> [TSimMgr_Client.LogEventRecv] <0031> CPID_UDP_PLATFORM_MOVE
<17 Jul 2026 11:45:12> [TSimMgr_Client.LogEventRecv] <0031> CPID_UDP_PLATFORM_MOVE
<17 Jul 2026 11:45:12> [TSimMgr_Client.LogEventRecv] <0031> CPID_UDP_PLATFORM_MOVE
<17 Jul 2026 11:45:12> [TSimMgr_Client.LogEventRecv] <0031> CPID_UDP_PLATFORM_MOVE
<17 Jul 2026 11:45:12> [TSimMgr_Client.LogEventRecv] <0031> CPID_UDP_PLATFORM_MOVE
<17 Jul 2026 11:45:12> [TSimMgr_Client.LogEventRecv] <0031> CPID_UDP_PLATFORM_MOVE
<17 Jul 2026 11:45:12> [TSimMgr_Client.LogEventRecv] <0031> CPID_UDP_PLATFORM_MOVE
<17 Jul 2026 11:45:12> [TSimMgr_Client.LogEventRecv] <0031> CPID_UDP_PLATFORM_MOVE
<17 Jul 2026 11:45:21> [TSimMgr_Client.LogEventRecv] <0031> CPID_UDP_PLATFORM_MOVE
<17 Jul 2026 11:45:21> [TSimMgr_Client.LogEventRecv] <0031> CPID_UDP_PLATFORM_MOVE
<17 Jul 2026 11:45:21> [TSimMgr_Client.LogEventRecv] <0031> CPID_UDP_PLATFORM_MOVE
<17 Jul 2026 11:45:21> [TSimMgr_Client.LogEventRecv] <0031> CPID_UDP_PLATFORM_MOVE
<17 Jul 2026 11:45:21> [TSimMgr_Client.LogEventRecv] <0031> CPID_UDP_PLATFORM_MOVE
<17 Jul 2026 11:45:21> [TSimMgr_Client.LogEventRecv] <0031> CPID_UDP_PLATFORM_MOVE
<17 Jul 2026 11:45:21> [TSimMgr_Client.LogEventRecv] <0031> CPID_UDP_PLATFORM_MOVE
<17 Jul 2026 11:45:29> [TSimMgr_Client.LogEventRecv] <0031> CPID_UDP_PLATFORM_MOVE
<17 Jul 2026 11:45:29> [TSimMgr_Client.LogEventRecv] <0031> CPID_UDP_PLATFORM_MOVE
<17 Jul 2026 11:45:29> [TSimMgr_Client.LogEventRecv] <0031> CPID_UDP_PLATFORM_MOVE
<17 Jul 2026 11:45:29> [TSimMgr_Client.LogEventRecv] <0031> CPID_UDP_PLATFORM_MOVE
<17 Jul 2026 11:45:29> [TSimMgr_Client.LogEventRecv] <0031> CPID_UDP_PLATFORM_MOVE
<17 Jul 2026 11:45:29> [TSimMgr_Client.LogEventRecv] <0031> CPID_UDP_PLATFORM_MOVE
<17 Jul 2026 11:45:29> [TSimMgr_Client.LogEventRecv] <0031> CPID_UDP_PLATFORM_MOVE
<17 Jul 2026 11:45:29> [TSimMgr_Client.LogEventRecv] <0031> CPID_UDP_PLATFORM_MOVE
<17 Jul 2026 11:45:29> [TSimMgr_Client.LogEventRecv] <0031> CPID_UDP_PLATFORM_MOVE
<17 Jul 2026 11:45:36> [TSimMgr_Client.LogEventRecv] <0031> CPID_UDP_PLATFORM_MOVE
<17 Jul 2026 11:45:36> [TSimMgr_Client.LogEventRecv] <0031> CPID_UDP_PLATFORM_MOVE
<17 Jul 2026 11:45:36> [TSimMgr_Client.LogEventRecv] <0031> CPID_UDP_PLATFORM_MOVE
<17 Jul 2026 11:45:36> [TSimMgr_Client.LogEventRecv] <0031> CPID_UDP_PLATFORM_MOVE
<17 Jul 2026 11:45:36> [TSimMgr_Client.LogEventRecv] <0031> CPID_UDP_PLATFORM_MOVE
<17 Jul 2026 11:45:36> [TSimMgr_Client.LogEventRecv] <0031> CPID_UDP_PLATFORM_MOVE
<17 Jul 2026 11:45:36> [TSimMgr_Client.LogEventRecv] <0031> CPID_UDP_PLATFORM_MOVE
<17 Jul 2026 11:45:36> [TSimMgr_Client.LogEventRecv] <0031> CPID_UDP_PLATFORM_MOVE
<17 Jul 2026 11:45:36> [TSimMgr_Client.LogEventRecv] <0031> CPID_UDP_PLATFORM_MOVE
<17 Jul 2026 11:45:45> [TSimMgr_Client.LogEventRecv] <0031> CPID_UDP_PLATFORM_MOVE
<17 Jul 2026 11:45:45> [TSimMgr_Client.LogEventRecv] <0031> CPID_UDP_PLATFORM_MOVE
<17 Jul 2026 11:45:45> [TSimMgr_Client.LogEventRecv] <0031> CPID_UDP_PLATFORM_MOVE
<17 Jul 2026 11:45:45> [TSimMgr_Client.LogEventRecv] <0031> CPID_UDP_PLATFORM_MOVE
<17 Jul 2026 11:45:45> [TSimMgr_Client.LogEventRecv] <0031> CPID_UDP_PLATFORM_MOVE
<17 Jul 2026 11:45:45> [TSimMgr_Client.LogEventRecv] <0031> CPID_UDP_PLATFORM_MOVE
<17 Jul 2026 11:45:45> [TSimMgr_Client.LogEventRecv] <0031> CPID_UDP_PLATFORM_MOVE
<17 Jul 2026 11:45:45> [TSimMgr_Client.LogEventRecv] <0031> CPID_UDP_PLATFORM_MOVE
<17 Jul 2026 11:45:45> [TSimMgr_Client.LogEventRecv] <0031> CPID_UDP_PLATFORM_MOVE
<17 Jul 2026 11:45:53> [TSimMgr_Client.LogEventRecv] <0031> CPID_UDP_PLATFORM_MOVE
<17 Jul 2026 11:45:53> [TSimMgr_Client.LogEventRecv] <0031> CPID_UDP_PLATFORM_MOVE
<17 Jul 2026 11:45:53> [TSimMgr_Client.LogEventRecv] <0031> CPID_UDP_PLATFORM_MOVE
<17 Jul 2026 11:45:53> [TSimMgr_Client.LogEventRecv] <0031> CPID_UDP_PLATFORM_MOVE
<17 Jul 2026 11:45:53> [TSimMgr_Client.LogEventRecv] <0031> CPID_UDP_PLATFORM_MOVE
<17 Jul 2026 11:45:53> [TSimMgr_Client.LogEventRecv] <0031> CPID_UDP_PLATFORM_MOVE
<17 Jul 2026 11:45:53> [TSimMgr_Client.LogEventRecv] <0031> CPID_UDP_PLATFORM_MOVE
<17 Jul 2026 11:45:53> [TSimMgr_Client.LogEventRecv] <0031> CPID_UDP_PLATFORM_MOVE
<17 Jul 2026 11:45:53> [TSimMgr_Client.LogEventRecv] <0031> CPID_UDP_PLATFORM_MOVE
<17 Jul 2026 11:46:01> [TSimMgr_Client.LogEventRecv] <0031> CPID_UDP_PLATFORM_MOVE
<17 Jul 2026 11:46:01> [TSimMgr_Client.LogEventRecv] <0031> CPID_UDP_PLATFORM_MOVE
<17 Jul 2026 11:46:01> [TSimMgr_Client.LogEventRecv] <0031> CPID_UDP_PLATFORM_MOVE
<17 Jul 2026 11:46:01> [TSimMgr_Client.LogEventRecv] <0031> CPID_UDP_PLATFORM_MOVE
<17 Jul 2026 11:46:01> [TSimMgr_Client.LogEventRecv] <0031> CPID_UDP_PLATFORM_MOVE
<17 Jul 2026 11:46:01> [TSimMgr_Client.LogEventRecv] <0031> CPID_UDP_PLATFORM_MOVE
<17 Jul 2026 11:46:01> [TSimMgr_Client.LogEventRecv] <0031> CPID_UDP_PLATFORM_MOVE
<17 Jul 2026 11:46:01> [TSimMgr_Client.LogEventRecv] <0031> CPID_UDP_PLATFORM_MOVE
<17 Jul 2026 11:46:01> [TSimMgr_Client.LogEventRecv] <0031> CPID_UDP_PLATFORM_MOVE
<17 Jul 2026 11:46:09> [TSimMgr_Client.LogEventRecv] <0031> CPID_UDP_PLATFORM_MOVE
<17 Jul 2026 11:46:09> [TSimMgr_Client.LogEventRecv] <0031> CPID_UDP_PLATFORM_MOVE
<17 Jul 2026 11:46:09> [TSimMgr_Client.LogEventRecv] <0031> CPID_UDP_PLATFORM_MOVE
<17 Jul 2026 11:46:09> [TSimMgr_Client.LogEventRecv] <0031> CPID_UDP_PLATFORM_MOVE
<17 Jul 2026 11:46:09> [TSimMgr_Client.LogEventRecv] <0031> CPID_UDP_PLATFORM_MOVE
<17 Jul 2026 11:46:09> [TSimMgr_Client.LogEventRecv] <0031> CPID_UDP_PLATFORM_MOVE
<17 Jul 2026 11:46:09> [TSimMgr_Client.LogEventRecv] <0031> CPID_UDP_PLATFORM_MOVE
<17 Jul 2026 11:46:09> [TSimMgr_Client.LogEventRecv] <0031> CPID_UDP_PLATFORM_MOVE
<17 Jul 2026 11:46:09> [TSimMgr_Client.LogEventRecv] <0031> CPID_UDP_PLATFORM_MOVE
<17 Jul 2026 11:46:17> [TSimMgr_Client.LogEventRecv] <0031> CPID_UDP_PLATFORM_MOVE
<17 Jul 2026 11:46:17> [TSimMgr_Client.LogEventRecv] <0031> CPID_UDP_PLATFORM_MOVE
<17 Jul 2026 11:46:17> [TSimMgr_Client.LogEventRecv] <0031> CPID_UDP_PLATFORM_MOVE
<17 Jul 2026 11:46:17> [TSimMgr_Client.LogEventRecv] <0031> CPID_UDP_PLATFORM_MOVE
<17 Jul 2026 11:46:17> [TSimMgr_Client.LogEventRecv] <0031> CPID_UDP_PLATFORM_MOVE
<17 Jul 2026 11:46:17> [TSimMgr_Client.LogEventRecv] <0031> CPID_UDP_PLATFORM_MOVE
<17 Jul 2026 11:46:17> [TSimMgr_Client.LogEventRecv] <0031> CPID_UDP_PLATFORM_MOVE
<17 Jul 2026 11:46:17> [TSimMgr_Client.LogEventRecv] <0031> CPID_UDP_PLATFORM_MOVE
<17 Jul 2026 11:46:17> [TSimMgr_Client.LogEventRecv] <0031> CPID_UDP_PLATFORM_MOVE
<17 Jul 2026 11:46:24> [TSimMgr_Client.LogEventRecv] <0031> CPID_UDP_PLATFORM_MOVE
<17 Jul 2026 11:46:24> [TSimMgr_Client.LogEventRecv] <0031> CPID_UDP_PLATFORM_MOVE
<17 Jul 2026 11:46:24> [TSimMgr_Client.LogEventRecv] <0031> CPID_UDP_PLATFORM_MOVE
<17 Jul 2026 11:46:24> [TSimMgr_Client.LogEventRecv] <0031> CPID_UDP_PLATFORM_MOVE
<17 Jul 2026 11:46:24> [TSimMgr_Client.LogEventRecv] <0031> CPID_UDP_PLATFORM_MOVE
<17 Jul 2026 11:46:24> [TSimMgr_Client.LogEventRecv] <0031> CPID_UDP_PLATFORM_MOVE
<17 Jul 2026 11:46:24> [TSimMgr_Client.LogEventRecv] <0031> CPID_UDP_PLATFORM_MOVE
<17 Jul 2026 11:46:24> [TSimMgr_Client.LogEventRecv] <0031> CPID_UDP_PLATFORM_MOVE
<17 Jul 2026 11:46:24> [TSimMgr_Client.LogEventRecv] <0031> CPID_UDP_PLATFORM_MOVE
<17 Jul 2026 11:46:33> [TSimMgr_Client.LogEventRecv] <0031> CPID_UDP_PLATFORM_MOVE
<17 Jul 2026 11:46:33> [TSimMgr_Client.LogEventRecv] <0031> CPID_UDP_PLATFORM_MOVE
<17 Jul 2026 11:46:33> [TSimMgr_Client.LogEventRecv] <0031> CPID_UDP_PLATFORM_MOVE
<17 Jul 2026 11:46:33> [TSimMgr_Client.LogEventRecv] <0031> CPID_UDP_PLATFORM_MOVE
<17 Jul 2026 11:46:33> [TSimMgr_Client.LogEventRecv] <0031> CPID_UDP_PLATFORM_MOVE
<17 Jul 2026 11:46:33> [TSimMgr_Client.LogEventRecv] <0031> CPID_UDP_PLATFORM_MOVE
<17 Jul 2026 11:46:33> [TSimMgr_Client.LogEventRecv] <0031> CPID_UDP_PLATFORM_MOVE
<17 Jul 2026 11:46:33> [TSimMgr_Client.LogEventRecv] <0031> CPID_UDP_PLATFORM_MOVE
<17 Jul 2026 11:46:33> [TSimMgr_Client.LogEventRecv] <0031> CPID_UDP_PLATFORM_MOVE
<17 Jul 2026 11:46:41> [TSimMgr_Client.LogEventRecv] <0031> CPID_UDP_PLATFORM_MOVE
<17 Jul 2026 11:46:41> [TSimMgr_Client.LogEventRecv] <0031> CPID_UDP_PLATFORM_MOVE
<17 Jul 2026 11:46:41> [TSimMgr_Client.LogEventRecv] <0031> CPID_UDP_PLATFORM_MOVE
<17 Jul 2026 11:46:41> [TSimMgr_Client.LogEventRecv] <0031> CPID_UDP_PLATFORM_MOVE
<17 Jul 2026 11:46:41> [TSimMgr_Client.LogEventRecv] <0031> CPID_UDP_PLATFORM_MOVE
<17 Jul 2026 11:46:41> [TSimMgr_Client.LogEventRecv] <0031> CPID_UDP_PLATFORM_MOVE
<17 Jul 2026 11:46:41> [TSimMgr_Client.LogEventRecv] <0031> CPID_UDP_PLATFORM_MOVE
<17 Jul 2026 11:46:41> [TSimMgr_Client.LogEventRecv] <0031> CPID_UDP_PLATFORM_MOVE
<17 Jul 2026 11:46:41> [TSimMgr_Client.LogEventRecv] <0031> CPID_UDP_PLATFORM_MOVE
<17 Jul 2026 11:46:48> [TSimMgr_Client.LogEventRecv] <0031> CPID_UDP_PLATFORM_MOVE
<17 Jul 2026 11:46:48> [TSimMgr_Client.LogEventRecv] <0031> CPID_UDP_PLATFORM_MOVE
<17 Jul 2026 11:46:48> [TSimMgr_Client.LogEventRecv] <0031> CPID_UDP_PLATFORM_MOVE
<17 Jul 2026 11:46:48> [TSimMgr_Client.LogEventRecv] <0031> CPID_UDP_PLATFORM_MOVE
<17 Jul 2026 11:46:48> [TSimMgr_Client.LogEventRecv] <0031> CPID_UDP_PLATFORM_MOVE
<17 Jul 2026 11:46:48> [TSimMgr_Client.LogEventRecv] <0031> CPID_UDP_PLATFORM_MOVE
<17 Jul 2026 11:46:48> [TSimMgr_Client.LogEventRecv] <0031> CPID_UDP_PLATFORM_MOVE
<17 Jul 2026 11:46:48> [TSimMgr_Client.LogEventRecv] <0031> CPID_UDP_PLATFORM_MOVE
<17 Jul 2026 11:46:48> [TSimMgr_Client.LogEventRecv] <0031> CPID_UDP_PLATFORM_MOVE
<17 Jul 2026 11:46:57> [TSimMgr_Client.LogEventRecv] <0031> CPID_UDP_PLATFORM_MOVE
<17 Jul 2026 11:46:57> [TSimMgr_Client.LogEventRecv] <0031> CPID_UDP_PLATFORM_MOVE
<17 Jul 2026 11:46:57> [TSimMgr_Client.LogEventRecv] <0031> CPID_UDP_PLATFORM_MOVE
<17 Jul 2026 11:46:57> [TSimMgr_Client.LogEventRecv] <0031> CPID_UDP_PLATFORM_MOVE
<17 Jul 2026 11:46:57> [TSimMgr_Client.LogEventRecv] <0031> CPID_UDP_PLATFORM_MOVE
<17 Jul 2026 11:46:57> [TSimMgr_Client.LogEventRecv] <0031> CPID_UDP_PLATFORM_MOVE
<17 Jul 2026 11:46:57> [TSimMgr_Client.LogEventRecv] <0031> CPID_UDP_PLATFORM_MOVE
<17 Jul 2026 11:46:57> [TSimMgr_Client.LogEventRecv] <0031> CPID_UDP_PLATFORM_MOVE
<17 Jul 2026 11:46:57> [TSimMgr_Client.LogEventRecv] <0031> CPID_UDP_PLATFORM_MOVE
<17 Jul 2026 11:47:05> [TSimMgr_Client.LogEventRecv] <0031> CPID_UDP_PLATFORM_MOVE
<17 Jul 2026 11:47:05> [TSimMgr_Client.LogEventRecv] <0031> CPID_UDP_PLATFORM_MOVE
<17 Jul 2026 11:47:05> [TSimMgr_Client.LogEventRecv] <0031> CPID_UDP_PLATFORM_MOVE
<17 Jul 2026 11:47:05> [TSimMgr_Client.LogEventRecv] <0031> CPID_UDP_PLATFORM_MOVE
<17 Jul 2026 11:47:05> [TSimMgr_Client.LogEventRecv] <0031> CPID_UDP_PLATFORM_MOVE
<17 Jul 2026 11:47:05> [TSimMgr_Client.LogEventRecv] <0031> CPID_UDP_PLATFORM_MOVE
<17 Jul 2026 11:47:05> [TSimMgr_Client.LogEventRecv] <0031> CPID_UDP_PLATFORM_MOVE
<17 Jul 2026 11:47:05> [TSimMgr_Client.LogEventRecv] <0031> CPID_UDP_PLATFORM_MOVE
<17 Jul 2026 11:47:05> [TSimMgr_Client.LogEventRecv] <0031> CPID_UDP_PLATFORM_MOVE
<17 Jul 2026 11:47:13> [TSimMgr_Client.LogEventRecv] <0031> CPID_UDP_PLATFORM_MOVE
<17 Jul 2026 11:47:13> [TSimMgr_Client.LogEventRecv] <0031> CPID_UDP_PLATFORM_MOVE
<17 Jul 2026 11:47:13> [TSimMgr_Client.LogEventRecv] <0031> CPID_UDP_PLATFORM_MOVE
<17 Jul 2026 11:47:13> [TSimMgr_Client.LogEventRecv] <0031> CPID_UDP_PLATFORM_MOVE
<17 Jul 2026 11:47:13> [TSimMgr_Client.LogEventRecv] <0031> CPID_UDP_PLATFORM_MOVE
<17 Jul 2026 11:47:13> [TSimMgr_Client.LogEventRecv] <0031> CPID_UDP_PLATFORM_MOVE
<17 Jul 2026 11:47:13> [TSimMgr_Client.LogEventRecv] <0031> CPID_UDP_PLATFORM_MOVE
<17 Jul 2026 11:47:13> [TSimMgr_Client.LogEventRecv] <0031> CPID_UDP_PLATFORM_MOVE
<17 Jul 2026 11:47:13> [TSimMgr_Client.LogEventRecv] <0031> CPID_UDP_PLATFORM_MOVE
<17 Jul 2026 11:47:21> [TSimMgr_Client.LogEventRecv] <0031> CPID_UDP_PLATFORM_MOVE
<17 Jul 2026 11:47:21> [TSimMgr_Client.LogEventRecv] <0031> CPID_UDP_PLATFORM_MOVE
<17 Jul 2026 11:47:21> [TSimMgr_Client.LogEventRecv] <0031> CPID_UDP_PLATFORM_MOVE
<17 Jul 2026 11:47:21> [TSimMgr_Client.LogEventRecv] <0031> CPID_UDP_PLATFORM_MOVE
<17 Jul 2026 11:47:21> [TSimMgr_Client.LogEventRecv] <0031> CPID_UDP_PLATFORM_MOVE
<17 Jul 2026 11:47:21> [TSimMgr_Client.LogEventRecv] <0031> CPID_UDP_PLATFORM_MOVE
<17 Jul 2026 11:47:21> [TSimMgr_Client.LogEventRecv] <0031> CPID_UDP_PLATFORM_MOVE
<17 Jul 2026 11:47:21> [TSimMgr_Client.LogEventRecv] <0031> CPID_UDP_PLATFORM_MOVE
<17 Jul 2026 11:47:21> [TSimMgr_Client.LogEventRecv] <0031> CPID_UDP_PLATFORM_MOVE
<17 Jul 2026 11:47:29> [TSimMgr_Client.LogEventRecv] <0031> CPID_UDP_PLATFORM_MOVE
<17 Jul 2026 11:47:29> [TSimMgr_Client.LogEventRecv] <0031> CPID_UDP_PLATFORM_MOVE
<17 Jul 2026 11:47:29> [TSimMgr_Client.LogEventRecv] <0031> CPID_UDP_PLATFORM_MOVE
<17 Jul 2026 11:47:29> [TSimMgr_Client.LogEventRecv] <0031> CPID_UDP_PLATFORM_MOVE
<17 Jul 2026 11:47:29> [TSimMgr_Client.LogEventRecv] <0031> CPID_UDP_PLATFORM_MOVE
<17 Jul 2026 11:47:29> [TSimMgr_Client.LogEventRecv] <0031> CPID_UDP_PLATFORM_MOVE
<17 Jul 2026 11:47:29> [TSimMgr_Client.LogEventRecv] <0031> CPID_UDP_PLATFORM_MOVE
<17 Jul 2026 11:47:29> [TSimMgr_Client.LogEventRecv] <0031> CPID_UDP_PLATFORM_MOVE
<17 Jul 2026 11:47:29> [TSimMgr_Client.LogEventRecv] <0031> CPID_UDP_PLATFORM_MOVE
<17 Jul 2026 11:47:37> [TSimMgr_Client.LogEventRecv] <0031> CPID_UDP_PLATFORM_MOVE
<17 Jul 2026 11:47:37> [TSimMgr_Client.LogEventRecv] <0031> CPID_UDP_PLATFORM_MOVE
<17 Jul 2026 11:47:37> [TSimMgr_Client.LogEventRecv] <0031> CPID_UDP_PLATFORM_MOVE
<17 Jul 2026 11:47:37> [TSimMgr_Client.LogEventRecv] <0031> CPID_UDP_PLATFORM_MOVE
<17 Jul 2026 11:47:37> [TSimMgr_Client.LogEventRecv] <0031> CPID_UDP_PLATFORM_MOVE
<17 Jul 2026 11:47:37> [TSimMgr_Client.LogEventRecv] <0031> CPID_UDP_PLATFORM_MOVE
<17 Jul 2026 11:47:37> [TSimMgr_Client.LogEventRecv] <0031> CPID_UDP_PLATFORM_MOVE
<17 Jul 2026 11:47:37> [TSimMgr_Client.LogEventRecv] <0031> CPID_UDP_PLATFORM_MOVE
<17 Jul 2026 11:47:37> [TSimMgr_Client.LogEventRecv] <0031> CPID_UDP_PLATFORM_MOVE
<17 Jul 2026 11:47:44> [TSimMgr_Client.LogEventRecv] <0031> CPID_UDP_PLATFORM_MOVE
<17 Jul 2026 11:47:44> [TSimMgr_Client.LogEventRecv] <0031> CPID_UDP_PLATFORM_MOVE
<17 Jul 2026 11:47:44> [TSimMgr_Client.LogEventRecv] <0031> CPID_UDP_PLATFORM_MOVE
<17 Jul 2026 11:47:44> [TSimMgr_Client.LogEventRecv] <0031> CPID_UDP_PLATFORM_MOVE
<17 Jul 2026 11:47:44> [TSimMgr_Client.LogEventRecv] <0031> CPID_UDP_PLATFORM_MOVE
<17 Jul 2026 11:47:44> [TSimMgr_Client.LogEventRecv] <0031> CPID_UDP_PLATFORM_MOVE
<17 Jul 2026 11:47:44> [TSimMgr_Client.LogEventRecv] <0031> CPID_UDP_PLATFORM_MOVE
<17 Jul 2026 11:47:44> [TSimMgr_Client.LogEventRecv] <0031> CPID_UDP_PLATFORM_MOVE
<17 Jul 2026 11:47:44> [TSimMgr_Client.LogEventRecv] <0031> CPID_UDP_PLATFORM_MOVE
<17 Jul 2026 11:47:53> [TSimMgr_Client.LogEventRecv] <0031> CPID_UDP_PLATFORM_MOVE
<17 Jul 2026 11:47:53> [TSimMgr_Client.LogEventRecv] <0031> CPID_UDP_PLATFORM_MOVE
<17 Jul 2026 11:47:53> [TSimMgr_Client.LogEventRecv] <0031> CPID_UDP_PLATFORM_MOVE
<17 Jul 2026 11:47:53> [TSimMgr_Client.LogEventRecv] <0031> CPID_UDP_PLATFORM_MOVE
<17 Jul 2026 11:47:53> [TSimMgr_Client.LogEventRecv] <0031> CPID_UDP_PLATFORM_MOVE
<17 Jul 2026 11:47:53> [TSimMgr_Client.LogEventRecv] <0031> CPID_UDP_PLATFORM_MOVE
<17 Jul 2026 11:47:53> [TSimMgr_Client.LogEventRecv] <0031> CPID_UDP_PLATFORM_MOVE
<17 Jul 2026 11:47:53> [TSimMgr_Client.LogEventRecv] <0031> CPID_UDP_PLATFORM_MOVE
<17 Jul 2026 11:47:53> [TSimMgr_Client.LogEventRecv] <0031> CPID_UDP_PLATFORM_MOVE
<17 Jul 2026 11:48:01> [TSimMgr_Client.LogEventRecv] <0031> CPID_UDP_PLATFORM_MOVE
<17 Jul 2026 11:48:01> [TSimMgr_Client.LogEventRecv] <0031> CPID_UDP_PLATFORM_MOVE
<17 Jul 2026 11:48:01> [TSimMgr_Client.LogEventRecv] <0031> CPID_UDP_PLATFORM_MOVE
<17 Jul 2026 11:48:01> [TSimMgr_Client.LogEventRecv] <0031> CPID_UDP_PLATFORM_MOVE
<17 Jul 2026 11:48:01> [TSimMgr_Client.LogEventRecv] <0031> CPID_UDP_PLATFORM_MOVE
<17 Jul 2026 11:48:01> [TSimMgr_Client.LogEventRecv] <0031> CPID_UDP_PLATFORM_MOVE
<17 Jul 2026 11:48:01> [TSimMgr_Client.LogEventRecv] <0031> CPID_UDP_PLATFORM_MOVE
<17 Jul 2026 11:48:01> [TSimMgr_Client.LogEventRecv] <0031> CPID_UDP_PLATFORM_MOVE
<17 Jul 2026 11:48:01> [TSimMgr_Client.LogEventRecv] <0031> CPID_UDP_PLATFORM_MOVE
<17 Jul 2026 11:48:09> [TSimMgr_Client.LogEventRecv] <0031> CPID_UDP_PLATFORM_MOVE
<17 Jul 2026 11:48:09> [TSimMgr_Client.LogEventRecv] <0031> CPID_UDP_PLATFORM_MOVE
<17 Jul 2026 11:48:09> [TSimMgr_Client.LogEventRecv] <0031> CPID_UDP_PLATFORM_MOVE
<17 Jul 2026 11:48:09> [TSimMgr_Client.LogEventRecv] <0031> CPID_UDP_PLATFORM_MOVE
<17 Jul 2026 11:48:09> [TSimMgr_Client.LogEventRecv] <0031> CPID_UDP_PLATFORM_MOVE
<17 Jul 2026 11:48:09> [TSimMgr_Client.LogEventRecv] <0031> CPID_UDP_PLATFORM_MOVE
<17 Jul 2026 11:48:09> [TSimMgr_Client.LogEventRecv] <0031> CPID_UDP_PLATFORM_MOVE
<17 Jul 2026 11:48:09> [TSimMgr_Client.LogEventRecv] <0031> CPID_UDP_PLATFORM_MOVE
<17 Jul 2026 11:48:09> [TSimMgr_Client.LogEventRecv] <0031> CPID_UDP_PLATFORM_MOVE
<17 Jul 2026 11:48:17> [TSimMgr_Client.LogEventRecv] <0031> CPID_UDP_PLATFORM_MOVE
<17 Jul 2026 11:48:17> [TSimMgr_Client.LogEventRecv] <0031> CPID_UDP_PLATFORM_MOVE
<17 Jul 2026 11:48:17> [TSimMgr_Client.LogEventRecv] <0031> CPID_UDP_PLATFORM_MOVE
<17 Jul 2026 11:48:17> [TSimMgr_Client.LogEventRecv] <0031> CPID_UDP_PLATFORM_MOVE
<17 Jul 2026 11:48:17> [TSimMgr_Client.LogEventRecv] <0031> CPID_UDP_PLATFORM_MOVE
<17 Jul 2026 11:48:17> [TSimMgr_Client.LogEventRecv] <0031> CPID_UDP_PLATFORM_MOVE
<17 Jul 2026 11:48:17> [TSimMgr_Client.LogEventRecv] <0031> CPID_UDP_PLATFORM_MOVE
<17 Jul 2026 11:48:17> [TSimMgr_Client.LogEventRecv] <0031> CPID_UDP_PLATFORM_MOVE
<17 Jul 2026 11:48:17> [TSimMgr_Client.LogEventRecv] <0031> CPID_UDP_PLATFORM_MOVE
<17 Jul 2026 11:48:25> [TSimMgr_Client.LogEventRecv] <0031> CPID_UDP_PLATFORM_MOVE
<17 Jul 2026 11:48:25> [TSimMgr_Client.LogEventRecv] <0031> CPID_UDP_PLATFORM_MOVE
<17 Jul 2026 11:48:25> [TSimMgr_Client.LogEventRecv] <0031> CPID_UDP_PLATFORM_MOVE
<17 Jul 2026 11:48:25> [TSimMgr_Client.LogEventRecv] <0031> CPID_UDP_PLATFORM_MOVE
<17 Jul 2026 11:48:25> [TSimMgr_Client.LogEventRecv] <0031> CPID_UDP_PLATFORM_MOVE
<17 Jul 2026 11:48:25> [TSimMgr_Client.LogEventRecv] <0031> CPID_UDP_PLATFORM_MOVE
<17 Jul 2026 11:48:25> [TSimMgr_Client.LogEventRecv] <0031> CPID_UDP_PLATFORM_MOVE
<17 Jul 2026 11:48:25> [TSimMgr_Client.LogEventRecv] <0031> CPID_UDP_PLATFORM_MOVE
<17 Jul 2026 11:48:25> [TSimMgr_Client.LogEventRecv] <0031> CPID_UDP_PLATFORM_MOVE
<17 Jul 2026 11:48:33> [TSimMgr_Client.LogEventRecv] <0031> CPID_UDP_PLATFORM_MOVE
<17 Jul 2026 11:48:33> [TSimMgr_Client.LogEventRecv] <0031> CPID_UDP_PLATFORM_MOVE
<17 Jul 2026 11:48:33> [TSimMgr_Client.LogEventRecv] <0031> CPID_UDP_PLATFORM_MOVE
<17 Jul 2026 11:48:33> [TSimMgr_Client.LogEventRecv] <0031> CPID_UDP_PLATFORM_MOVE
<17 Jul 2026 11:48:33> [TSimMgr_Client.LogEventRecv] <0031> CPID_UDP_PLATFORM_MOVE
<17 Jul 2026 11:48:33> [TSimMgr_Client.LogEventRecv] <0031> CPID_UDP_PLATFORM_MOVE
<17 Jul 2026 11:48:33> [TSimMgr_Client.LogEventRecv] <0031> CPID_UDP_PLATFORM_MOVE
<17 Jul 2026 11:48:33> [TSimMgr_Client.LogEventRecv] <0031> CPID_UDP_PLATFORM_MOVE
<17 Jul 2026 11:48:33> [TSimMgr_Client.LogEventRecv] <0031> CPID_UDP_PLATFORM_MOVE
<17 Jul 2026 11:48:40> [TSimMgr_Client.LogEventRecv] <0031> CPID_UDP_PLATFORM_MOVE
<17 Jul 2026 11:48:40> [TSimMgr_Client.LogEventRecv] <0031> CPID_UDP_PLATFORM_MOVE
<17 Jul 2026 11:48:40> [TSimMgr_Client.LogEventRecv] <0031> CPID_UDP_PLATFORM_MOVE
<17 Jul 2026 11:48:40> [TSimMgr_Client.LogEventRecv] <0031> CPID_UDP_PLATFORM_MOVE
<17 Jul 2026 11:48:40> [TSimMgr_Client.LogEventRecv] <0031> CPID_UDP_PLATFORM_MOVE
<17 Jul 2026 11:48:40> [TSimMgr_Client.LogEventRecv] <0031> CPID_UDP_PLATFORM_MOVE
<17 Jul 2026 11:48:40> [TSimMgr_Client.LogEventRecv] <0031> CPID_UDP_PLATFORM_MOVE
<17 Jul 2026 11:48:40> [TSimMgr_Client.LogEventRecv] <0031> CPID_UDP_PLATFORM_MOVE
<17 Jul 2026 11:48:40> [TSimMgr_Client.LogEventRecv] <0031> CPID_UDP_PLATFORM_MOVE
<17 Jul 2026 11:48:49> [TSimMgr_Client.LogEventRecv] <0031> CPID_UDP_PLATFORM_MOVE
<17 Jul 2026 11:48:49> [TSimMgr_Client.LogEventRecv] <0031> CPID_UDP_PLATFORM_MOVE
<17 Jul 2026 11:48:49> [TSimMgr_Client.LogEventRecv] <0031> CPID_UDP_PLATFORM_MOVE
<17 Jul 2026 11:48:49> [TSimMgr_Client.LogEventRecv] <0031> CPID_UDP_PLATFORM_MOVE
<17 Jul 2026 11:48:49> [TSimMgr_Client.LogEventRecv] <0031> CPID_UDP_PLATFORM_MOVE
<17 Jul 2026 11:48:49> [TSimMgr_Client.LogEventRecv] <0031> CPID_UDP_PLATFORM_MOVE
<17 Jul 2026 11:48:49> [TSimMgr_Client.LogEventRecv] <0031> CPID_UDP_PLATFORM_MOVE
<17 Jul 2026 11:48:49> [TSimMgr_Client.LogEventRecv] <0031> CPID_UDP_PLATFORM_MOVE
<17 Jul 2026 11:48:49> [TSimMgr_Client.LogEventRecv] <0031> CPID_UDP_PLATFORM_MOVE
<17 Jul 2026 11:48:57> [TSimMgr_Client.LogEventRecv] <0031> CPID_UDP_PLATFORM_MOVE
<17 Jul 2026 11:48:57> [TSimMgr_Client.LogEventRecv] <0031> CPID_UDP_PLATFORM_MOVE
<17 Jul 2026 11:48:57> [TSimMgr_Client.LogEventRecv] <0031> CPID_UDP_PLATFORM_MOVE
<17 Jul 2026 11:48:57> [TSimMgr_Client.LogEventRecv] <0031> CPID_UDP_PLATFORM_MOVE
<17 Jul 2026 11:48:57> [TSimMgr_Client.LogEventRecv] <0031> CPID_UDP_PLATFORM_MOVE
<17 Jul 2026 11:48:57> [TSimMgr_Client.LogEventRecv] <0031> CPID_UDP_PLATFORM_MOVE
<17 Jul 2026 11:48:57> [TSimMgr_Client.LogEventRecv] <0031> CPID_UDP_PLATFORM_MOVE
<17 Jul 2026 11:48:57> [TSimMgr_Client.LogEventRecv] <0031> CPID_UDP_PLATFORM_MOVE
<17 Jul 2026 11:48:57> [TSimMgr_Client.LogEventRecv] <0031> CPID_UDP_PLATFORM_MOVE
<17 Jul 2026 11:49:04> [TSimMgr_Client.LogEventRecv] <0031> CPID_UDP_PLATFORM_MOVE
<17 Jul 2026 11:49:04> [TSimMgr_Client.LogEventRecv] <0031> CPID_UDP_PLATFORM_MOVE
<17 Jul 2026 11:49:04> [TSimMgr_Client.LogEventRecv] <0031> CPID_UDP_PLATFORM_MOVE
<17 Jul 2026 11:49:04> [TSimMgr_Client.LogEventRecv] <0031> CPID_UDP_PLATFORM_MOVE
<17 Jul 2026 11:49:04> [TSimMgr_Client.LogEventRecv] <0031> CPID_UDP_PLATFORM_MOVE
<17 Jul 2026 11:49:04> [TSimMgr_Client.LogEventRecv] <0031> CPID_UDP_PLATFORM_MOVE
<17 Jul 2026 11:49:04> [TSimMgr_Client.LogEventRecv] <0031> CPID_UDP_PLATFORM_MOVE
<17 Jul 2026 11:49:04> [TSimMgr_Client.LogEventRecv] <0031> CPID_UDP_PLATFORM_MOVE
<17 Jul 2026 11:49:04> [TSimMgr_Client.LogEventRecv] <0031> CPID_UDP_PLATFORM_MOVE
<17 Jul 2026 11:49:12> [TSimMgr_Client.LogEventRecv] <0031> CPID_UDP_PLATFORM_MOVE
<17 Jul 2026 11:49:12> [TSimMgr_Client.LogEventRecv] <0031> CPID_UDP_PLATFORM_MOVE
<17 Jul 2026 11:49:12> [TSimMgr_Client.LogEventRecv] <0031> CPID_UDP_PLATFORM_MOVE
<17 Jul 2026 11:49:12> [TSimMgr_Client.LogEventRecv] <0031> CPID_UDP_PLATFORM_MOVE
<17 Jul 2026 11:49:12> [TSimMgr_Client.LogEventRecv] <0031> CPID_UDP_PLATFORM_MOVE
<17 Jul 2026 11:49:12> [TSimMgr_Client.LogEventRecv] <0031> CPID_UDP_PLATFORM_MOVE
<17 Jul 2026 11:49:12> [TSimMgr_Client.LogEventRecv] <0031> CPID_UDP_PLATFORM_MOVE
<17 Jul 2026 11:49:12> [TSimMgr_Client.LogEventRecv] <0031> CPID_UDP_PLATFORM_MOVE
<17 Jul 2026 11:49:12> [TSimMgr_Client.LogEventRecv] <0031> CPID_UDP_PLATFORM_MOVE
<17 Jul 2026 11:49:20> [TSimMgr_Client.LogEventRecv] <0031> CPID_UDP_PLATFORM_MOVE
<17 Jul 2026 11:49:20> [TSimMgr_Client.LogEventRecv] <0031> CPID_UDP_PLATFORM_MOVE
<17 Jul 2026 11:49:20> [TSimMgr_Client.LogEventRecv] <0031> CPID_UDP_PLATFORM_MOVE
<17 Jul 2026 11:49:20> [TSimMgr_Client.LogEventRecv] <0031> CPID_UDP_PLATFORM_MOVE
<17 Jul 2026 11:49:20> [TSimMgr_Client.LogEventRecv] <0031> CPID_UDP_PLATFORM_MOVE
<17 Jul 2026 11:49:20> [TSimMgr_Client.LogEventRecv] <0031> CPID_UDP_PLATFORM_MOVE
<17 Jul 2026 11:49:20> [TSimMgr_Client.LogEventRecv] <0031> CPID_UDP_PLATFORM_MOVE
<17 Jul 2026 11:49:20> [TSimMgr_Client.LogEventRecv] <0031> CPID_UDP_PLATFORM_MOVE
<17 Jul 2026 11:49:20> [TSimMgr_Client.LogEventRecv] <0031> CPID_UDP_PLATFORM_MOVE
<17 Jul 2026 11:49:29> [TSimMgr_Client.LogEventRecv] <0031> CPID_UDP_PLATFORM_MOVE
<17 Jul 2026 11:49:29> [TSimMgr_Client.LogEventRecv] <0031> CPID_UDP_PLATFORM_MOVE
<17 Jul 2026 11:49:29> [TSimMgr_Client.LogEventRecv] <0031> CPID_UDP_PLATFORM_MOVE
<17 Jul 2026 11:49:29> [TSimMgr_Client.LogEventRecv] <0031> CPID_UDP_PLATFORM_MOVE
<17 Jul 2026 11:49:29> [TSimMgr_Client.LogEventRecv] <0031> CPID_UDP_PLATFORM_MOVE
<17 Jul 2026 11:49:29> [TSimMgr_Client.LogEventRecv] <0031> CPID_UDP_PLATFORM_MOVE
<17 Jul 2026 11:49:29> [TSimMgr_Client.LogEventRecv] <0031> CPID_UDP_PLATFORM_MOVE
<17 Jul 2026 11:49:29> [TSimMgr_Client.LogEventRecv] <0031> CPID_UDP_PLATFORM_MOVE
<17 Jul 2026 11:49:29> [TSimMgr_Client.LogEventRecv] <0031> CPID_UDP_PLATFORM_MOVE
<17 Jul 2026 11:49:37> [TSimMgr_Client.LogEventRecv] <0031> CPID_UDP_PLATFORM_MOVE
<17 Jul 2026 11:49:37> [TSimMgr_Client.LogEventRecv] <0031> CPID_UDP_PLATFORM_MOVE
<17 Jul 2026 11:49:37> [TSimMgr_Client.LogEventRecv] <0031> CPID_UDP_PLATFORM_MOVE
<17 Jul 2026 11:49:37> [TSimMgr_Client.LogEventRecv] <0031> CPID_UDP_PLATFORM_MOVE
<17 Jul 2026 11:49:37> [TSimMgr_Client.LogEventRecv] <0031> CPID_UDP_PLATFORM_MOVE
<17 Jul 2026 11:49:37> [TSimMgr_Client.LogEventRecv] <0031> CPID_UDP_PLATFORM_MOVE
<17 Jul 2026 11:49:37> [TSimMgr_Client.LogEventRecv] <0031> CPID_UDP_PLATFORM_MOVE
<17 Jul 2026 11:49:37> [TSimMgr_Client.LogEventRecv] <0031> CPID_UDP_PLATFORM_MOVE
<17 Jul 2026 11:49:37> [TSimMgr_Client.LogEventRecv] <0031> CPID_UDP_PLATFORM_MOVE
<17 Jul 2026 11:49:45> [TSimMgr_Client.LogEventRecv] <0031> CPID_UDP_PLATFORM_MOVE
<17 Jul 2026 11:49:45> [TSimMgr_Client.LogEventRecv] <0031> CPID_UDP_PLATFORM_MOVE
<17 Jul 2026 11:49:45> [TSimMgr_Client.LogEventRecv] <0031> CPID_UDP_PLATFORM_MOVE
<17 Jul 2026 11:49:45> [TSimMgr_Client.LogEventRecv] <0031> CPID_UDP_PLATFORM_MOVE
<17 Jul 2026 11:49:45> [TSimMgr_Client.LogEventRecv] <0031> CPID_UDP_PLATFORM_MOVE
<17 Jul 2026 11:49:45> [TSimMgr_Client.LogEventRecv] <0031> CPID_UDP_PLATFORM_MOVE
<17 Jul 2026 11:49:45> [TSimMgr_Client.LogEventRecv] <0031> CPID_UDP_PLATFORM_MOVE
<17 Jul 2026 11:49:45> [TSimMgr_Client.LogEventRecv] <0031> CPID_UDP_PLATFORM_MOVE
<17 Jul 2026 11:49:45> [TSimMgr_Client.LogEventRecv] <0031> CPID_UDP_PLATFORM_MOVE
<17 Jul 2026 11:49:53> [TSimMgr_Client.LogEventRecv] <0031> CPID_UDP_PLATFORM_MOVE
<17 Jul 2026 11:49:53> [TSimMgr_Client.LogEventRecv] <0031> CPID_UDP_PLATFORM_MOVE
<17 Jul 2026 11:49:53> [TSimMgr_Client.LogEventRecv] <0031> CPID_UDP_PLATFORM_MOVE
<17 Jul 2026 11:49:53> [TSimMgr_Client.LogEventRecv] <0031> CPID_UDP_PLATFORM_MOVE
<17 Jul 2026 11:49:53> [TSimMgr_Client.LogEventRecv] <0031> CPID_UDP_PLATFORM_MOVE
<17 Jul 2026 11:49:53> [TSimMgr_Client.LogEventRecv] <0031> CPID_UDP_PLATFORM_MOVE
<17 Jul 2026 11:49:53> [TSimMgr_Client.LogEventRecv] <0031> CPID_UDP_PLATFORM_MOVE
<17 Jul 2026 11:49:53> [TSimMgr_Client.LogEventRecv] <0031> CPID_UDP_PLATFORM_MOVE
<17 Jul 2026 11:49:53> [TSimMgr_Client.LogEventRecv] <0031> CPID_UDP_PLATFORM_MOVE
<17 Jul 2026 11:50:01> [TSimMgr_Client.LogEventRecv] <0031> CPID_UDP_PLATFORM_MOVE
<17 Jul 2026 11:50:01> [TSimMgr_Client.LogEventRecv] <0031> CPID_UDP_PLATFORM_MOVE
<17 Jul 2026 11:50:01> [TSimMgr_Client.LogEventRecv] <0031> CPID_UDP_PLATFORM_MOVE
<17 Jul 2026 11:50:01> [TSimMgr_Client.LogEventRecv] <0031> CPID_UDP_PLATFORM_MOVE
<17 Jul 2026 11:50:01> [TSimMgr_Client.LogEventRecv] <0031> CPID_UDP_PLATFORM_MOVE
<17 Jul 2026 11:50:01> [TSimMgr_Client.LogEventRecv] <0031> CPID_UDP_PLATFORM_MOVE
<17 Jul 2026 11:50:01> [TSimMgr_Client.LogEventRecv] <0031> CPID_UDP_PLATFORM_MOVE
<17 Jul 2026 11:50:01> [TSimMgr_Client.LogEventRecv] <0031> CPID_UDP_PLATFORM_MOVE
<17 Jul 2026 11:50:01> [TSimMgr_Client.LogEventRecv] <0031> CPID_UDP_PLATFORM_MOVE
<17 Jul 2026 11:50:09> [TSimMgr_Client.LogEventRecv] <0031> CPID_UDP_PLATFORM_MOVE
<17 Jul 2026 11:50:09> [TSimMgr_Client.LogEventRecv] <0031> CPID_UDP_PLATFORM_MOVE
<17 Jul 2026 11:50:09> [TSimMgr_Client.LogEventRecv] <0031> CPID_UDP_PLATFORM_MOVE
<17 Jul 2026 11:50:09> [TSimMgr_Client.LogEventRecv] <0031> CPID_UDP_PLATFORM_MOVE
<17 Jul 2026 11:50:09> [TSimMgr_Client.LogEventRecv] <0031> CPID_UDP_PLATFORM_MOVE
<17 Jul 2026 11:50:09> [TSimMgr_Client.LogEventRecv] <0031> CPID_UDP_PLATFORM_MOVE
<17 Jul 2026 11:50:09> [TSimMgr_Client.LogEventRecv] <0031> CPID_UDP_PLATFORM_MOVE
<17 Jul 2026 11:50:09> [TSimMgr_Client.LogEventRecv] <0031> CPID_UDP_PLATFORM_MOVE
<17 Jul 2026 11:50:09> [TSimMgr_Client.LogEventRecv] <0031> CPID_UDP_PLATFORM_MOVE
<17 Jul 2026 11:50:17> [TSimMgr_Client.LogEventRecv] <0031> CPID_UDP_PLATFORM_MOVE
<17 Jul 2026 11:50:17> [TSimMgr_Client.LogEventRecv] <0031> CPID_UDP_PLATFORM_MOVE
<17 Jul 2026 11:50:17> [TSimMgr_Client.LogEventRecv] <0031> CPID_UDP_PLATFORM_MOVE
<17 Jul 2026 11:50:17> [TSimMgr_Client.LogEventRecv] <0031> CPID_UDP_PLATFORM_MOVE
<17 Jul 2026 11:50:17> [TSimMgr_Client.LogEventRecv] <0031> CPID_UDP_PLATFORM_MOVE
<17 Jul 2026 11:50:17> [TSimMgr_Client.LogEventRecv] <0031> CPID_UDP_PLATFORM_MOVE
<17 Jul 2026 11:50:25> [TSimMgr_Client.LogEventRecv] <0031> CPID_UDP_PLATFORM_MOVE
<17 Jul 2026 11:50:25> [TSimMgr_Client.LogEventRecv] <0031> CPID_UDP_PLATFORM_MOVE
<17 Jul 2026 11:50:25> [TSimMgr_Client.LogEventRecv] <0031> CPID_UDP_PLATFORM_MOVE
<17 Jul 2026 11:50:25> [TSimMgr_Client.LogEventRecv] <0031> CPID_UDP_PLATFORM_MOVE
<17 Jul 2026 11:50:25> [TSimMgr_Client.LogEventRecv] <0031> CPID_UDP_PLATFORM_MOVE
<17 Jul 2026 11:50:25> [TSimMgr_Client.LogEventRecv] <0031> CPID_UDP_PLATFORM_MOVE
<17 Jul 2026 11:50:25> [TSimMgr_Client.LogEventRecv] <0031> CPID_UDP_PLATFORM_MOVE
<17 Jul 2026 11:50:25> [TSimMgr_Client.LogEventRecv] <0031> CPID_UDP_PLATFORM_MOVE
<17 Jul 2026 11:50:25> [TSimMgr_Client.LogEventRecv] <0031> CPID_UDP_PLATFORM_MOVE
<17 Jul 2026 11:50:33> [TSimMgr_Client.LogEventRecv] <0031> CPID_UDP_PLATFORM_MOVE
<17 Jul 2026 11:50:33> [TSimMgr_Client.LogEventRecv] <0031> CPID_UDP_PLATFORM_MOVE
<17 Jul 2026 11:50:33> [TSimMgr_Client.LogEventRecv] <0031> CPID_UDP_PLATFORM_MOVE
<17 Jul 2026 11:50:33> [TSimMgr_Client.LogEventRecv] <0031> CPID_UDP_PLATFORM_MOVE
<17 Jul 2026 11:50:33> [TSimMgr_Client.LogEventRecv] <0031> CPID_UDP_PLATFORM_MOVE
<17 Jul 2026 11:50:33> [TSimMgr_Client.LogEventRecv] <0031> CPID_UDP_PLATFORM_MOVE
<17 Jul 2026 11:50:33> [TSimMgr_Client.LogEventRecv] <0031> CPID_UDP_PLATFORM_MOVE
<17 Jul 2026 11:50:33> [TSimMgr_Client.LogEventRecv] <0031> CPID_UDP_PLATFORM_MOVE
<17 Jul 2026 11:50:33> [TSimMgr_Client.LogEventRecv] <0031> CPID_UDP_PLATFORM_MOVE
<17 Jul 2026 11:50:41> [TSimMgr_Client.LogEventRecv] <0031> CPID_UDP_PLATFORM_MOVE
<17 Jul 2026 11:50:41> [TSimMgr_Client.LogEventRecv] <0031> CPID_UDP_PLATFORM_MOVE
<17 Jul 2026 11:50:41> [TSimMgr_Client.LogEventRecv] <0031> CPID_UDP_PLATFORM_MOVE
<17 Jul 2026 11:50:41> [TSimMgr_Client.LogEventRecv] <0031> CPID_UDP_PLATFORM_MOVE
<17 Jul 2026 11:50:41> [TSimMgr_Client.LogEventRecv] <0031> CPID_UDP_PLATFORM_MOVE
<17 Jul 2026 11:50:41> [TSimMgr_Client.LogEventRecv] <0031> CPID_UDP_PLATFORM_MOVE
<17 Jul 2026 11:50:41> [TSimMgr_Client.LogEventRecv] <0031> CPID_UDP_PLATFORM_MOVE
<17 Jul 2026 11:50:41> [TSimMgr_Client.LogEventRecv] <0031> CPID_UDP_PLATFORM_MOVE
<17 Jul 2026 11:50:41> [TSimMgr_Client.LogEventRecv] <0031> CPID_UDP_PLATFORM_MOVE
<17 Jul 2026 11:50:49> [TSimMgr_Client.LogEventRecv] <0031> CPID_UDP_PLATFORM_MOVE
<17 Jul 2026 11:50:49> [TSimMgr_Client.LogEventRecv] <0031> CPID_UDP_PLATFORM_MOVE
<17 Jul 2026 11:50:49> [TSimMgr_Client.LogEventRecv] <0031> CPID_UDP_PLATFORM_MOVE
<17 Jul 2026 11:50:49> [TSimMgr_Client.LogEventRecv] <0031> CPID_UDP_PLATFORM_MOVE
<17 Jul 2026 11:50:49> [TSimMgr_Client.LogEventRecv] <0031> CPID_UDP_PLATFORM_MOVE
<17 Jul 2026 11:50:49> [TSimMgr_Client.LogEventRecv] <0031> CPID_UDP_PLATFORM_MOVE
<17 Jul 2026 11:50:49> [TSimMgr_Client.LogEventRecv] <0031> CPID_UDP_PLATFORM_MOVE
<17 Jul 2026 11:50:49> [TSimMgr_Client.LogEventRecv] <0031> CPID_UDP_PLATFORM_MOVE
<17 Jul 2026 11:50:49> [TSimMgr_Client.LogEventRecv] <0031> CPID_UDP_PLATFORM_MOVE
<17 Jul 2026 11:50:56> [TSimMgr_Client.LogEventRecv] <0031> CPID_UDP_PLATFORM_MOVE
<17 Jul 2026 11:50:56> [TSimMgr_Client.LogEventRecv] <0031> CPID_UDP_PLATFORM_MOVE
<17 Jul 2026 11:50:56> [TSimMgr_Client.LogEventRecv] <0031> CPID_UDP_PLATFORM_MOVE
<17 Jul 2026 11:50:56> [TSimMgr_Client.LogEventRecv] <0031> CPID_UDP_PLATFORM_MOVE
<17 Jul 2026 11:50:56> [TSimMgr_Client.LogEventRecv] <0031> CPID_UDP_PLATFORM_MOVE
<17 Jul 2026 11:50:56> [TSimMgr_Client.LogEventRecv] <0031> CPID_UDP_PLATFORM_MOVE
<17 Jul 2026 11:50:56> [TSimMgr_Client.LogEventRecv] <0031> CPID_UDP_PLATFORM_MOVE
<17 Jul 2026 11:50:56> [TSimMgr_Client.LogEventRecv] <0031> CPID_UDP_PLATFORM_MOVE
<17 Jul 2026 11:50:56> [TSimMgr_Client.LogEventRecv] <0031> CPID_UDP_PLATFORM_MOVE
<17 Jul 2026 11:51:05> [TSimMgr_Client.LogEventRecv] <0031> CPID_UDP_PLATFORM_MOVE
<17 Jul 2026 11:51:05> [TSimMgr_Client.LogEventRecv] <0031> CPID_UDP_PLATFORM_MOVE
<17 Jul 2026 11:51:05> [TSimMgr_Client.LogEventRecv] <0031> CPID_UDP_PLATFORM_MOVE
<17 Jul 2026 11:51:05> [TSimMgr_Client.LogEventRecv] <0031> CPID_UDP_PLATFORM_MOVE
<17 Jul 2026 11:51:05> [TSimMgr_Client.LogEventRecv] <0031> CPID_UDP_PLATFORM_MOVE
<17 Jul 2026 11:51:05> [TSimMgr_Client.LogEventRecv] <0031> CPID_UDP_PLATFORM_MOVE
<17 Jul 2026 11:51:05> [TSimMgr_Client.LogEventRecv] <0031> CPID_UDP_PLATFORM_MOVE
<17 Jul 2026 11:51:05> [TSimMgr_Client.LogEventRecv] <0031> CPID_UDP_PLATFORM_MOVE
<17 Jul 2026 11:51:05> [TSimMgr_Client.LogEventRecv] <0031> CPID_UDP_PLATFORM_MOVE
<17 Jul 2026 11:51:13> [TSimMgr_Client.LogEventRecv] <0031> CPID_UDP_PLATFORM_MOVE
<17 Jul 2026 11:51:13> [TSimMgr_Client.LogEventRecv] <0031> CPID_UDP_PLATFORM_MOVE
<17 Jul 2026 11:51:13> [TSimMgr_Client.LogEventRecv] <0031> CPID_UDP_PLATFORM_MOVE
<17 Jul 2026 11:51:13> [TSimMgr_Client.LogEventRecv] <0031> CPID_UDP_PLATFORM_MOVE
<17 Jul 2026 11:51:13> [TSimMgr_Client.LogEventRecv] <0031> CPID_UDP_PLATFORM_MOVE
<17 Jul 2026 11:51:13> [TSimMgr_Client.LogEventRecv] <0031> CPID_UDP_PLATFORM_MOVE
<17 Jul 2026 11:51:13> [TSimMgr_Client.LogEventRecv] <0031> CPID_UDP_PLATFORM_MOVE
<17 Jul 2026 11:51:13> [TSimMgr_Client.LogEventRecv] <0031> CPID_UDP_PLATFORM_MOVE
<17 Jul 2026 11:51:13> [TSimMgr_Client.LogEventRecv] <0031> CPID_UDP_PLATFORM_MOVE
<17 Jul 2026 11:51:20> [TSimMgr_Client.LogEventRecv] <0031> CPID_UDP_PLATFORM_MOVE
<17 Jul 2026 11:51:20> [TSimMgr_Client.LogEventRecv] <0031> CPID_UDP_PLATFORM_MOVE
<17 Jul 2026 11:51:20> [TSimMgr_Client.LogEventRecv] <0031> CPID_UDP_PLATFORM_MOVE
<17 Jul 2026 11:51:20> [TSimMgr_Client.LogEventRecv] <0031> CPID_UDP_PLATFORM_MOVE
<17 Jul 2026 11:51:20> [TSimMgr_Client.LogEventRecv] <0031> CPID_UDP_PLATFORM_MOVE
<17 Jul 2026 11:51:20> [TSimMgr_Client.LogEventRecv] <0031> CPID_UDP_PLATFORM_MOVE
<17 Jul 2026 11:51:20> [TSimMgr_Client.LogEventRecv] <0031> CPID_UDP_PLATFORM_MOVE
<17 Jul 2026 11:51:20> [TSimMgr_Client.LogEventRecv] <0031> CPID_UDP_PLATFORM_MOVE
<17 Jul 2026 11:51:20> [TSimMgr_Client.LogEventRecv] <0031> CPID_UDP_PLATFORM_MOVE
<17 Jul 2026 11:51:29> [TSimMgr_Client.LogEventRecv] <0031> CPID_UDP_PLATFORM_MOVE
<17 Jul 2026 11:51:29> [TSimMgr_Client.LogEventRecv] <0031> CPID_UDP_PLATFORM_MOVE
<17 Jul 2026 11:51:29> [TSimMgr_Client.LogEventRecv] <0031> CPID_UDP_PLATFORM_MOVE
<17 Jul 2026 11:51:29> [TSimMgr_Client.LogEventRecv] <0031> CPID_UDP_PLATFORM_MOVE
<17 Jul 2026 11:51:29> [TSimMgr_Client.LogEventRecv] <0031> CPID_UDP_PLATFORM_MOVE
<17 Jul 2026 11:51:29> [TSimMgr_Client.LogEventRecv] <0031> CPID_UDP_PLATFORM_MOVE
<17 Jul 2026 11:51:29> [TSimMgr_Client.LogEventRecv] <0031> CPID_UDP_PLATFORM_MOVE
<17 Jul 2026 11:51:29> [TSimMgr_Client.LogEventRecv] <0031> CPID_UDP_PLATFORM_MOVE
<17 Jul 2026 11:51:29> [TSimMgr_Client.LogEventRecv] <0031> CPID_UDP_PLATFORM_MOVE
<17 Jul 2026 11:51:36> [TSimMgr_Client.LogEventRecv] <0031> CPID_UDP_PLATFORM_MOVE
<17 Jul 2026 11:51:36> [TSimMgr_Client.LogEventRecv] <0031> CPID_UDP_PLATFORM_MOVE
<17 Jul 2026 11:51:36> [TSimMgr_Client.LogEventRecv] <0031> CPID_UDP_PLATFORM_MOVE
<17 Jul 2026 11:51:36> [TSimMgr_Client.LogEventRecv] <0031> CPID_UDP_PLATFORM_MOVE
<17 Jul 2026 11:51:36> [TSimMgr_Client.LogEventRecv] <0031> CPID_UDP_PLATFORM_MOVE
<17 Jul 2026 11:51:36> [TSimMgr_Client.LogEventRecv] <0031> CPID_UDP_PLATFORM_MOVE
<17 Jul 2026 11:51:36> [TSimMgr_Client.LogEventRecv] <0031> CPID_UDP_PLATFORM_MOVE
<17 Jul 2026 11:51:36> [TSimMgr_Client.LogEventRecv] <0031> CPID_UDP_PLATFORM_MOVE
<17 Jul 2026 11:51:36> [TSimMgr_Client.LogEventRecv] <0031> CPID_UDP_PLATFORM_MOVE
<17 Jul 2026 11:51:45> [TSimMgr_Client.LogEventRecv] <0031> CPID_UDP_PLATFORM_MOVE
<17 Jul 2026 11:51:45> [TSimMgr_Client.LogEventRecv] <0031> CPID_UDP_PLATFORM_MOVE
<17 Jul 2026 11:51:45> [TSimMgr_Client.LogEventRecv] <0031> CPID_UDP_PLATFORM_MOVE
<17 Jul 2026 11:51:45> [TSimMgr_Client.LogEventRecv] <0031> CPID_UDP_PLATFORM_MOVE
<17 Jul 2026 11:51:45> [TSimMgr_Client.LogEventRecv] <0031> CPID_UDP_PLATFORM_MOVE
<17 Jul 2026 11:51:45> [TSimMgr_Client.LogEventRecv] <0031> CPID_UDP_PLATFORM_MOVE
<17 Jul 2026 11:51:45> [TSimMgr_Client.LogEventRecv] <0031> CPID_UDP_PLATFORM_MOVE
<17 Jul 2026 11:51:45> [TSimMgr_Client.LogEventRecv] <0031> CPID_UDP_PLATFORM_MOVE
<17 Jul 2026 11:51:45> [TSimMgr_Client.LogEventRecv] <0031> CPID_UDP_PLATFORM_MOVE
<17 Jul 2026 11:51:53> [TSimMgr_Client.LogEventRecv] <0031> CPID_UDP_PLATFORM_MOVE
<17 Jul 2026 11:51:53> [TSimMgr_Client.LogEventRecv] <0031> CPID_UDP_PLATFORM_MOVE
<17 Jul 2026 11:51:53> [TSimMgr_Client.LogEventRecv] <0031> CPID_UDP_PLATFORM_MOVE
<17 Jul 2026 11:51:53> [TSimMgr_Client.LogEventRecv] <0031> CPID_UDP_PLATFORM_MOVE
<17 Jul 2026 11:51:53> [TSimMgr_Client.LogEventRecv] <0031> CPID_UDP_PLATFORM_MOVE
<17 Jul 2026 11:51:53> [TSimMgr_Client.LogEventRecv] <0031> CPID_UDP_PLATFORM_MOVE
<17 Jul 2026 11:51:53> [TSimMgr_Client.LogEventRecv] <0031> CPID_UDP_PLATFORM_MOVE
<17 Jul 2026 11:51:53> [TSimMgr_Client.LogEventRecv] <0031> CPID_UDP_PLATFORM_MOVE
<17 Jul 2026 11:51:53> [TSimMgr_Client.LogEventRecv] <0031> CPID_UDP_PLATFORM_MOVE
<17 Jul 2026 11:52:01> [TSimMgr_Client.LogEventRecv] <0031> CPID_UDP_PLATFORM_MOVE
<17 Jul 2026 11:52:01> [TSimMgr_Client.LogEventRecv] <0031> CPID_UDP_PLATFORM_MOVE
<17 Jul 2026 11:52:01> [TSimMgr_Client.LogEventRecv] <0031> CPID_UDP_PLATFORM_MOVE
<17 Jul 2026 11:52:01> [TSimMgr_Client.LogEventRecv] <0031> CPID_UDP_PLATFORM_MOVE
<17 Jul 2026 11:52:01> [TSimMgr_Client.LogEventRecv] <0031> CPID_UDP_PLATFORM_MOVE
<17 Jul 2026 11:52:01> [TSimMgr_Client.LogEventRecv] <0031> CPID_UDP_PLATFORM_MOVE
<17 Jul 2026 11:52:01> [TSimMgr_Client.LogEventRecv] <0031> CPID_UDP_PLATFORM_MOVE
<17 Jul 2026 11:52:01> [TSimMgr_Client.LogEventRecv] <0031> CPID_UDP_PLATFORM_MOVE
<17 Jul 2026 11:52:01> [TSimMgr_Client.LogEventRecv] <0031> CPID_UDP_PLATFORM_MOVE
<17 Jul 2026 11:52:08> [TSimMgr_Client.LogEventRecv] <0031> CPID_UDP_PLATFORM_MOVE
<17 Jul 2026 11:52:08> [TSimMgr_Client.LogEventRecv] <0031> CPID_UDP_PLATFORM_MOVE
<17 Jul 2026 11:52:08> [TSimMgr_Client.LogEventRecv] <0031> CPID_UDP_PLATFORM_MOVE
<17 Jul 2026 11:52:08> [TSimMgr_Client.LogEventRecv] <0031> CPID_UDP_PLATFORM_MOVE
<17 Jul 2026 11:52:08> [TSimMgr_Client.LogEventRecv] <0031> CPID_UDP_PLATFORM_MOVE
<17 Jul 2026 11:52:08> [TSimMgr_Client.LogEventRecv] <0031> CPID_UDP_PLATFORM_MOVE
<17 Jul 2026 11:52:08> [TSimMgr_Client.LogEventRecv] <0031> CPID_UDP_PLATFORM_MOVE
<17 Jul 2026 11:52:08> [TSimMgr_Client.LogEventRecv] <0031> CPID_UDP_PLATFORM_MOVE
<17 Jul 2026 11:52:08> [TSimMgr_Client.LogEventRecv] <0031> CPID_UDP_PLATFORM_MOVE
<17 Jul 2026 11:52:17> [TSimMgr_Client.LogEventRecv] <0031> CPID_UDP_PLATFORM_MOVE
<17 Jul 2026 11:52:17> [TSimMgr_Client.LogEventRecv] <0031> CPID_UDP_PLATFORM_MOVE
<17 Jul 2026 11:52:17> [TSimMgr_Client.LogEventRecv] <0031> CPID_UDP_PLATFORM_MOVE
<17 Jul 2026 11:52:17> [TSimMgr_Client.LogEventRecv] <0031> CPID_UDP_PLATFORM_MOVE
<17 Jul 2026 11:52:17> [TSimMgr_Client.LogEventRecv] <0031> CPID_UDP_PLATFORM_MOVE
<17 Jul 2026 11:52:17> [TSimMgr_Client.LogEventRecv] <0031> CPID_UDP_PLATFORM_MOVE
<17 Jul 2026 11:52:17> [TSimMgr_Client.LogEventRecv] <0031> CPID_UDP_PLATFORM_MOVE
<17 Jul 2026 11:52:17> [TSimMgr_Client.LogEventRecv] <0031> CPID_UDP_PLATFORM_MOVE
<17 Jul 2026 11:52:17> [TSimMgr_Client.LogEventRecv] <0031> CPID_UDP_PLATFORM_MOVE
<17 Jul 2026 11:52:25> [TSimMgr_Client.LogEventRecv] <0031> CPID_UDP_PLATFORM_MOVE
<17 Jul 2026 11:52:25> [TSimMgr_Client.LogEventRecv] <0031> CPID_UDP_PLATFORM_MOVE
<17 Jul 2026 11:52:25> [TSimMgr_Client.LogEventRecv] <0031> CPID_UDP_PLATFORM_MOVE
<17 Jul 2026 11:52:25> [TSimMgr_Client.LogEventRecv] <0031> CPID_UDP_PLATFORM_MOVE
<17 Jul 2026 11:52:25> [TSimMgr_Client.LogEventRecv] <0031> CPID_UDP_PLATFORM_MOVE
<17 Jul 2026 11:52:25> [TSimMgr_Client.LogEventRecv] <0031> CPID_UDP_PLATFORM_MOVE
<17 Jul 2026 11:52:25> [TSimMgr_Client.LogEventRecv] <0031> CPID_UDP_PLATFORM_MOVE
<17 Jul 2026 11:52:25> [TSimMgr_Client.LogEventRecv] <0031> CPID_UDP_PLATFORM_MOVE
<17 Jul 2026 11:52:25> [TSimMgr_Client.LogEventRecv] <0031> CPID_UDP_PLATFORM_MOVE
<17 Jul 2026 11:52:33> [TSimMgr_Client.LogEventRecv] <0031> CPID_UDP_PLATFORM_MOVE
<17 Jul 2026 11:52:33> [TSimMgr_Client.LogEventRecv] <0031> CPID_UDP_PLATFORM_MOVE
<17 Jul 2026 11:52:33> [TSimMgr_Client.LogEventRecv] <0031> CPID_UDP_PLATFORM_MOVE
<17 Jul 2026 11:52:33> [TSimMgr_Client.LogEventRecv] <0031> CPID_UDP_PLATFORM_MOVE
<17 Jul 2026 11:52:33> [TSimMgr_Client.LogEventRecv] <0031> CPID_UDP_PLATFORM_MOVE
<17 Jul 2026 11:52:33> [TSimMgr_Client.LogEventRecv] <0031> CPID_UDP_PLATFORM_MOVE
<17 Jul 2026 11:52:33> [TSimMgr_Client.LogEventRecv] <0031> CPID_UDP_PLATFORM_MOVE
<17 Jul 2026 11:52:33> [TSimMgr_Client.LogEventRecv] <0031> CPID_UDP_PLATFORM_MOVE
<17 Jul 2026 11:52:33> [TSimMgr_Client.LogEventRecv] <0031> CPID_UDP_PLATFORM_MOVE
<17 Jul 2026 11:52:41> [TSimMgr_Client.LogEventRecv] <0031> CPID_UDP_PLATFORM_MOVE
<17 Jul 2026 11:52:41> [TSimMgr_Client.LogEventRecv] <0031> CPID_UDP_PLATFORM_MOVE
<17 Jul 2026 11:52:41> [TSimMgr_Client.LogEventRecv] <0031> CPID_UDP_PLATFORM_MOVE
<17 Jul 2026 11:52:41> [TSimMgr_Client.LogEventRecv] <0031> CPID_UDP_PLATFORM_MOVE
<17 Jul 2026 11:52:41> [TSimMgr_Client.LogEventRecv] <0031> CPID_UDP_PLATFORM_MOVE
<17 Jul 2026 11:52:41> [TSimMgr_Client.LogEventRecv] <0031> CPID_UDP_PLATFORM_MOVE
<17 Jul 2026 11:52:41> [TSimMgr_Client.LogEventRecv] <0031> CPID_UDP_PLATFORM_MOVE
<17 Jul 2026 11:52:41> [TSimMgr_Client.LogEventRecv] <0031> CPID_UDP_PLATFORM_MOVE
<17 Jul 2026 11:52:41> [TSimMgr_Client.LogEventRecv] <0031> CPID_UDP_PLATFORM_MOVE
<17 Jul 2026 11:52:49> [TSimMgr_Client.LogEventRecv] <0031> CPID_UDP_PLATFORM_MOVE
<17 Jul 2026 11:52:49> [TSimMgr_Client.LogEventRecv] <0031> CPID_UDP_PLATFORM_MOVE
<17 Jul 2026 11:52:49> [TSimMgr_Client.LogEventRecv] <0031> CPID_UDP_PLATFORM_MOVE
<17 Jul 2026 11:52:49> [TSimMgr_Client.LogEventRecv] <0031> CPID_UDP_PLATFORM_MOVE
<17 Jul 2026 11:52:49> [TSimMgr_Client.LogEventRecv] <0031> CPID_UDP_PLATFORM_MOVE
<17 Jul 2026 11:52:49> [TSimMgr_Client.LogEventRecv] <0031> CPID_UDP_PLATFORM_MOVE
<17 Jul 2026 11:52:49> [TSimMgr_Client.LogEventRecv] <0031> CPID_UDP_PLATFORM_MOVE
<17 Jul 2026 11:52:49> [TSimMgr_Client.LogEventRecv] <0031> CPID_UDP_PLATFORM_MOVE
<17 Jul 2026 11:52:49> [TSimMgr_Client.LogEventRecv] <0031> CPID_UDP_PLATFORM_MOVE
<17 Jul 2026 11:52:57> [TSimMgr_Client.LogEventRecv] <0031> CPID_UDP_PLATFORM_MOVE
<17 Jul 2026 11:52:57> [TSimMgr_Client.LogEventRecv] <0031> CPID_UDP_PLATFORM_MOVE
<17 Jul 2026 11:52:57> [TSimMgr_Client.LogEventRecv] <0031> CPID_UDP_PLATFORM_MOVE
<17 Jul 2026 11:52:57> [TSimMgr_Client.LogEventRecv] <0031> CPID_UDP_PLATFORM_MOVE
<17 Jul 2026 11:52:57> [TSimMgr_Client.LogEventRecv] <0031> CPID_UDP_PLATFORM_MOVE
<17 Jul 2026 11:52:57> [TSimMgr_Client.LogEventRecv] <0031> CPID_UDP_PLATFORM_MOVE
<17 Jul 2026 11:52:57> [TSimMgr_Client.LogEventRecv] <0031> CPID_UDP_PLATFORM_MOVE
<17 Jul 2026 11:52:57> [TSimMgr_Client.LogEventRecv] <0031> CPID_UDP_PLATFORM_MOVE
<17 Jul 2026 11:52:57> [TSimMgr_Client.LogEventRecv] <0031> CPID_UDP_PLATFORM_MOVE
<17 Jul 2026 11:53:05> [TSimMgr_Client.LogEventRecv] <0031> CPID_UDP_PLATFORM_MOVE
<17 Jul 2026 11:53:05> [TSimMgr_Client.LogEventRecv] <0031> CPID_UDP_PLATFORM_MOVE
<17 Jul 2026 11:53:05> [TSimMgr_Client.LogEventRecv] <0031> CPID_UDP_PLATFORM_MOVE
<17 Jul 2026 11:53:05> [TSimMgr_Client.LogEventRecv] <0031> CPID_UDP_PLATFORM_MOVE
<17 Jul 2026 11:53:05> [TSimMgr_Client.LogEventRecv] <0031> CPID_UDP_PLATFORM_MOVE
<17 Jul 2026 11:53:05> [TSimMgr_Client.LogEventRecv] <0031> CPID_UDP_PLATFORM_MOVE
<17 Jul 2026 11:53:05> [TSimMgr_Client.LogEventRecv] <0031> CPID_UDP_PLATFORM_MOVE
<17 Jul 2026 11:53:05> [TSimMgr_Client.LogEventRecv] <0031> CPID_UDP_PLATFORM_MOVE
<17 Jul 2026 11:53:05> [TSimMgr_Client.LogEventRecv] <0031> CPID_UDP_PLATFORM_MOVE
<17 Jul 2026 11:53:13> [TSimMgr_Client.LogEventRecv] <0031> CPID_UDP_PLATFORM_MOVE
<17 Jul 2026 11:53:13> [TSimMgr_Client.LogEventRecv] <0031> CPID_UDP_PLATFORM_MOVE
<17 Jul 2026 11:53:13> [TSimMgr_Client.LogEventRecv] <0031> CPID_UDP_PLATFORM_MOVE
<17 Jul 2026 11:53:13> [TSimMgr_Client.LogEventRecv] <0031> CPID_UDP_PLATFORM_MOVE
<17 Jul 2026 11:53:13> [TSimMgr_Client.LogEventRecv] <0031> CPID_UDP_PLATFORM_MOVE
<17 Jul 2026 11:53:13> [TSimMgr_Client.LogEventRecv] <0031> CPID_UDP_PLATFORM_MOVE
<17 Jul 2026 11:53:13> [TSimMgr_Client.LogEventRecv] <0031> CPID_UDP_PLATFORM_MOVE
<17 Jul 2026 11:53:13> [TSimMgr_Client.LogEventRecv] <0031> CPID_UDP_PLATFORM_MOVE
<17 Jul 2026 11:53:13> [TSimMgr_Client.LogEventRecv] <0031> CPID_UDP_PLATFORM_MOVE
<17 Jul 2026 11:53:21> [TSimMgr_Client.LogEventRecv] <0031> CPID_UDP_PLATFORM_MOVE
<17 Jul 2026 11:53:21> [TSimMgr_Client.LogEventRecv] <0031> CPID_UDP_PLATFORM_MOVE
<17 Jul 2026 11:53:21> [TSimMgr_Client.LogEventRecv] <0031> CPID_UDP_PLATFORM_MOVE
<17 Jul 2026 11:53:21> [TSimMgr_Client.LogEventRecv] <0031> CPID_UDP_PLATFORM_MOVE
<17 Jul 2026 11:53:21> [TSimMgr_Client.LogEventRecv] <0031> CPID_UDP_PLATFORM_MOVE
<17 Jul 2026 11:53:21> [TSimMgr_Client.LogEventRecv] <0031> CPID_UDP_PLATFORM_MOVE
<17 Jul 2026 11:53:21> [TSimMgr_Client.LogEventRecv] <0031> CPID_UDP_PLATFORM_MOVE
<17 Jul 2026 11:53:21> [TSimMgr_Client.LogEventRecv] <0031> CPID_UDP_PLATFORM_MOVE
<17 Jul 2026 11:53:21> [TSimMgr_Client.LogEventRecv] <0031> CPID_UDP_PLATFORM_MOVE
<17 Jul 2026 11:53:29> [TSimMgr_Client.LogEventRecv] <0031> CPID_UDP_PLATFORM_MOVE
<17 Jul 2026 11:53:29> [TSimMgr_Client.LogEventRecv] <0031> CPID_UDP_PLATFORM_MOVE
<17 Jul 2026 11:53:29> [TSimMgr_Client.LogEventRecv] <0031> CPID_UDP_PLATFORM_MOVE
<17 Jul 2026 11:53:29> [TSimMgr_Client.LogEventRecv] <0031> CPID_UDP_PLATFORM_MOVE
<17 Jul 2026 11:53:29> [TSimMgr_Client.LogEventRecv] <0031> CPID_UDP_PLATFORM_MOVE
<17 Jul 2026 11:53:29> [TSimMgr_Client.LogEventRecv] <0031> CPID_UDP_PLATFORM_MOVE
<17 Jul 2026 11:53:29> [TSimMgr_Client.LogEventRecv] <0031> CPID_UDP_PLATFORM_MOVE
<17 Jul 2026 11:53:29> [TSimMgr_Client.LogEventRecv] <0031> CPID_UDP_PLATFORM_MOVE
<17 Jul 2026 11:53:29> [TSimMgr_Client.LogEventRecv] <0031> CPID_UDP_PLATFORM_MOVE
<17 Jul 2026 11:53:37> [TSimMgr_Client.LogEventRecv] <0031> CPID_UDP_PLATFORM_MOVE
<17 Jul 2026 11:53:37> [TSimMgr_Client.LogEventRecv] <0031> CPID_UDP_PLATFORM_MOVE
<17 Jul 2026 11:53:37> [TSimMgr_Client.LogEventRecv] <0031> CPID_UDP_PLATFORM_MOVE
<17 Jul 2026 11:53:37> [TSimMgr_Client.LogEventRecv] <0031> CPID_UDP_PLATFORM_MOVE
<17 Jul 2026 11:53:37> [TSimMgr_Client.LogEventRecv] <0031> CPID_UDP_PLATFORM_MOVE
<17 Jul 2026 11:53:37> [TSimMgr_Client.LogEventRecv] <0031> CPID_UDP_PLATFORM_MOVE
<17 Jul 2026 11:53:37> [TSimMgr_Client.LogEventRecv] <0031> CPID_UDP_PLATFORM_MOVE
<17 Jul 2026 11:53:37> [TSimMgr_Client.LogEventRecv] <0031> CPID_UDP_PLATFORM_MOVE
<17 Jul 2026 11:53:37> [TSimMgr_Client.LogEventRecv] <0031> CPID_UDP_PLATFORM_MOVE
<17 Jul 2026 11:53:45> [TSimMgr_Client.LogEventRecv] <0031> CPID_UDP_PLATFORM_MOVE
<17 Jul 2026 11:53:45> [TSimMgr_Client.LogEventRecv] <0031> CPID_UDP_PLATFORM_MOVE
<17 Jul 2026 11:53:45> [TSimMgr_Client.LogEventRecv] <0031> CPID_UDP_PLATFORM_MOVE
<17 Jul 2026 11:53:45> [TSimMgr_Client.LogEventRecv] <0031> CPID_UDP_PLATFORM_MOVE
<17 Jul 2026 11:53:45> [TSimMgr_Client.LogEventRecv] <0031> CPID_UDP_PLATFORM_MOVE
<17 Jul 2026 11:53:45> [TSimMgr_Client.LogEventRecv] <0031> CPID_UDP_PLATFORM_MOVE
<17 Jul 2026 11:53:45> [TSimMgr_Client.LogEventRecv] <0031> CPID_UDP_PLATFORM_MOVE
<17 Jul 2026 11:53:45> [TSimMgr_Client.LogEventRecv] <0031> CPID_UDP_PLATFORM_MOVE
<17 Jul 2026 11:53:45> [TSimMgr_Client.LogEventRecv] <0031> CPID_UDP_PLATFORM_MOVE
<17 Jul 2026 11:53:53> [TSimMgr_Client.LogEventRecv] <0031> CPID_UDP_PLATFORM_MOVE
<17 Jul 2026 11:53:53> [TSimMgr_Client.LogEventRecv] <0031> CPID_UDP_PLATFORM_MOVE
<17 Jul 2026 11:53:53> [TSimMgr_Client.LogEventRecv] <0031> CPID_UDP_PLATFORM_MOVE
<17 Jul 2026 11:53:53> [TSimMgr_Client.LogEventRecv] <0031> CPID_UDP_PLATFORM_MOVE
<17 Jul 2026 11:53:53> [TSimMgr_Client.LogEventRecv] <0031> CPID_UDP_PLATFORM_MOVE
<17 Jul 2026 11:53:53> [TSimMgr_Client.LogEventRecv] <0031> CPID_UDP_PLATFORM_MOVE
<17 Jul 2026 11:53:53> [TSimMgr_Client.LogEventRecv] <0031> CPID_UDP_PLATFORM_MOVE
<17 Jul 2026 11:53:53> [TSimMgr_Client.LogEventRecv] <0031> CPID_UDP_PLATFORM_MOVE
<17 Jul 2026 11:53:53> [TSimMgr_Client.LogEventRecv] <0031> CPID_UDP_PLATFORM_MOVE
<17 Jul 2026 11:54:01> [TSimMgr_Client.LogEventRecv] <0031> CPID_UDP_PLATFORM_MOVE
<17 Jul 2026 11:54:01> [TSimMgr_Client.LogEventRecv] <0031> CPID_UDP_PLATFORM_MOVE
<17 Jul 2026 11:54:01> [TSimMgr_Client.LogEventRecv] <0031> CPID_UDP_PLATFORM_MOVE
<17 Jul 2026 11:54:01> [TSimMgr_Client.LogEventRecv] <0031> CPID_UDP_PLATFORM_MOVE
<17 Jul 2026 11:54:01> [TSimMgr_Client.LogEventRecv] <0031> CPID_UDP_PLATFORM_MOVE
<17 Jul 2026 11:54:01> [TSimMgr_Client.LogEventRecv] <0031> CPID_UDP_PLATFORM_MOVE
<17 Jul 2026 11:54:01> [TSimMgr_Client.LogEventRecv] <0031> CPID_UDP_PLATFORM_MOVE
<17 Jul 2026 11:54:01> [TSimMgr_Client.LogEventRecv] <0031> CPID_UDP_PLATFORM_MOVE
<17 Jul 2026 11:54:01> [TSimMgr_Client.LogEventRecv] <0031> CPID_UDP_PLATFORM_MOVE
<17 Jul 2026 11:54:09> [TSimMgr_Client.LogEventRecv] <0031> CPID_UDP_PLATFORM_MOVE
<17 Jul 2026 11:54:09> [TSimMgr_Client.LogEventRecv] <0031> CPID_UDP_PLATFORM_MOVE
<17 Jul 2026 11:54:09> [TSimMgr_Client.LogEventRecv] <0031> CPID_UDP_PLATFORM_MOVE
<17 Jul 2026 11:54:09> [TSimMgr_Client.LogEventRecv] <0031> CPID_UDP_PLATFORM_MOVE
<17 Jul 2026 11:54:09> [TSimMgr_Client.LogEventRecv] <0031> CPID_UDP_PLATFORM_MOVE
<17 Jul 2026 11:54:09> [TSimMgr_Client.LogEventRecv] <0031> CPID_UDP_PLATFORM_MOVE
<17 Jul 2026 11:54:09> [TSimMgr_Client.LogEventRecv] <0031> CPID_UDP_PLATFORM_MOVE
<17 Jul 2026 11:54:09> [TSimMgr_Client.LogEventRecv] <0031> CPID_UDP_PLATFORM_MOVE
<17 Jul 2026 11:54:09> [TSimMgr_Client.LogEventRecv] <0031> CPID_UDP_PLATFORM_MOVE
<17 Jul 2026 11:54:17> [TSimMgr_Client.LogEventRecv] <0031> CPID_UDP_PLATFORM_MOVE
<17 Jul 2026 11:54:17> [TSimMgr_Client.LogEventRecv] <0031> CPID_UDP_PLATFORM_MOVE
<17 Jul 2026 11:54:17> [TSimMgr_Client.LogEventRecv] <0031> CPID_UDP_PLATFORM_MOVE
<17 Jul 2026 11:54:17> [TSimMgr_Client.LogEventRecv] <0031> CPID_UDP_PLATFORM_MOVE
<17 Jul 2026 11:54:17> [TSimMgr_Client.LogEventRecv] <0031> CPID_UDP_PLATFORM_MOVE
<17 Jul 2026 11:54:17> [TSimMgr_Client.LogEventRecv] <0031> CPID_UDP_PLATFORM_MOVE
<17 Jul 2026 11:54:17> [TSimMgr_Client.LogEventRecv] <0031> CPID_UDP_PLATFORM_MOVE
<17 Jul 2026 11:54:17> [TSimMgr_Client.LogEventRecv] <0031> CPID_UDP_PLATFORM_MOVE
<17 Jul 2026 11:54:17> [TSimMgr_Client.LogEventRecv] <0031> CPID_UDP_PLATFORM_MOVE
<17 Jul 2026 11:54:25> [TSimMgr_Client.LogEventRecv] <0031> CPID_UDP_PLATFORM_MOVE
<17 Jul 2026 11:54:25> [TSimMgr_Client.LogEventRecv] <0031> CPID_UDP_PLATFORM_MOVE
<17 Jul 2026 11:54:25> [TSimMgr_Client.LogEventRecv] <0031> CPID_UDP_PLATFORM_MOVE
<17 Jul 2026 11:54:25> [TSimMgr_Client.LogEventRecv] <0031> CPID_UDP_PLATFORM_MOVE
<17 Jul 2026 11:54:25> [TSimMgr_Client.LogEventRecv] <0031> CPID_UDP_PLATFORM_MOVE
<17 Jul 2026 11:54:25> [TSimMgr_Client.LogEventRecv] <0031> CPID_UDP_PLATFORM_MOVE
<17 Jul 2026 11:54:25> [TSimMgr_Client.LogEventRecv] <0031> CPID_UDP_PLATFORM_MOVE
<17 Jul 2026 11:54:25> [TSimMgr_Client.LogEventRecv] <0031> CPID_UDP_PLATFORM_MOVE
<17 Jul 2026 11:54:25> [TSimMgr_Client.LogEventRecv] <0031> CPID_UDP_PLATFORM_MOVE
<17 Jul 2026 11:54:33> [TSimMgr_Client.LogEventRecv] <0031> CPID_UDP_PLATFORM_MOVE
<17 Jul 2026 11:54:33> [TSimMgr_Client.LogEventRecv] <0031> CPID_UDP_PLATFORM_MOVE
<17 Jul 2026 11:54:33> [TSimMgr_Client.LogEventRecv] <0031> CPID_UDP_PLATFORM_MOVE
<17 Jul 2026 11:54:33> [TSimMgr_Client.LogEventRecv] <0031> CPID_UDP_PLATFORM_MOVE
<17 Jul 2026 11:54:33> [TSimMgr_Client.LogEventRecv] <0031> CPID_UDP_PLATFORM_MOVE
<17 Jul 2026 11:54:33> [TSimMgr_Client.LogEventRecv] <0031> CPID_UDP_PLATFORM_MOVE
<17 Jul 2026 11:54:33> [TSimMgr_Client.LogEventRecv] <0031> CPID_UDP_PLATFORM_MOVE
<17 Jul 2026 11:54:33> [TSimMgr_Client.LogEventRecv] <0031> CPID_UDP_PLATFORM_MOVE
<17 Jul 2026 11:54:33> [TSimMgr_Client.LogEventRecv] <0031> CPID_UDP_PLATFORM_MOVE
<17 Jul 2026 11:54:41> [TSimMgr_Client.LogEventRecv] <0031> CPID_UDP_PLATFORM_MOVE
<17 Jul 2026 11:54:41> [TSimMgr_Client.LogEventRecv] <0031> CPID_UDP_PLATFORM_MOVE
<17 Jul 2026 11:54:41> [TSimMgr_Client.LogEventRecv] <0031> CPID_UDP_PLATFORM_MOVE
<17 Jul 2026 11:54:41> [TSimMgr_Client.LogEventRecv] <0031> CPID_UDP_PLATFORM_MOVE
<17 Jul 2026 11:54:41> [TSimMgr_Client.LogEventRecv] <0031> CPID_UDP_PLATFORM_MOVE
<17 Jul 2026 11:54:41> [TSimMgr_Client.LogEventRecv] <0031> CPID_UDP_PLATFORM_MOVE
<17 Jul 2026 11:54:41> [TSimMgr_Client.LogEventRecv] <0031> CPID_UDP_PLATFORM_MOVE
<17 Jul 2026 11:54:41> [TSimMgr_Client.LogEventRecv] <0031> CPID_UDP_PLATFORM_MOVE
<17 Jul 2026 11:54:41> [TSimMgr_Client.LogEventRecv] <0031> CPID_UDP_PLATFORM_MOVE
<17 Jul 2026 11:54:49> [TSimMgr_Client.LogEventRecv] <0031> CPID_UDP_PLATFORM_MOVE
<17 Jul 2026 11:54:49> [TSimMgr_Client.LogEventRecv] <0031> CPID_UDP_PLATFORM_MOVE
<17 Jul 2026 11:54:49> [TSimMgr_Client.LogEventRecv] <0031> CPID_UDP_PLATFORM_MOVE
<17 Jul 2026 11:54:49> [TSimMgr_Client.LogEventRecv] <0031> CPID_UDP_PLATFORM_MOVE
<17 Jul 2026 11:54:49> [TSimMgr_Client.LogEventRecv] <0031> CPID_UDP_PLATFORM_MOVE
<17 Jul 2026 11:54:49> [TSimMgr_Client.LogEventRecv] <0031> CPID_UDP_PLATFORM_MOVE
<17 Jul 2026 11:54:49> [TSimMgr_Client.LogEventRecv] <0031> CPID_UDP_PLATFORM_MOVE
<17 Jul 2026 11:54:49> [TSimMgr_Client.LogEventRecv] <0031> CPID_UDP_PLATFORM_MOVE
<17 Jul 2026 11:54:49> [TSimMgr_Client.LogEventRecv] <0031> CPID_UDP_PLATFORM_MOVE
<17 Jul 2026 11:54:57> [TSimMgr_Client.LogEventRecv] <0031> CPID_UDP_PLATFORM_MOVE
<17 Jul 2026 11:54:57> [TSimMgr_Client.LogEventRecv] <0031> CPID_UDP_PLATFORM_MOVE
<17 Jul 2026 11:54:57> [TSimMgr_Client.LogEventRecv] <0031> CPID_UDP_PLATFORM_MOVE
<17 Jul 2026 11:54:57> [TSimMgr_Client.LogEventRecv] <0031> CPID_UDP_PLATFORM_MOVE
<17 Jul 2026 11:54:57> [TSimMgr_Client.LogEventRecv] <0031> CPID_UDP_PLATFORM_MOVE
<17 Jul 2026 11:54:57> [TSimMgr_Client.LogEventRecv] <0031> CPID_UDP_PLATFORM_MOVE
<17 Jul 2026 11:54:57> [TSimMgr_Client.LogEventRecv] <0031> CPID_UDP_PLATFORM_MOVE
<17 Jul 2026 11:54:57> [TSimMgr_Client.LogEventRecv] <0031> CPID_UDP_PLATFORM_MOVE
<17 Jul 2026 11:54:57> [TSimMgr_Client.LogEventRecv] <0031> CPID_UDP_PLATFORM_MOVE
<17 Jul 2026 11:55:05> [TSimMgr_Client.LogEventRecv] <0031> CPID_UDP_PLATFORM_MOVE
<17 Jul 2026 11:55:05> [TSimMgr_Client.LogEventRecv] <0031> CPID_UDP_PLATFORM_MOVE
<17 Jul 2026 11:55:05> [TSimMgr_Client.LogEventRecv] <0031> CPID_UDP_PLATFORM_MOVE
<17 Jul 2026 11:55:05> [TSimMgr_Client.LogEventRecv] <0031> CPID_UDP_PLATFORM_MOVE
<17 Jul 2026 11:55:05> [TSimMgr_Client.LogEventRecv] <0031> CPID_UDP_PLATFORM_MOVE
<17 Jul 2026 11:55:05> [TSimMgr_Client.LogEventRecv] <0031> CPID_UDP_PLATFORM_MOVE
<17 Jul 2026 11:55:05> [TSimMgr_Client.LogEventRecv] <0031> CPID_UDP_PLATFORM_MOVE
<17 Jul 2026 11:55:05> [TSimMgr_Client.LogEventRecv] <0031> CPID_UDP_PLATFORM_MOVE
<17 Jul 2026 11:55:05> [TSimMgr_Client.LogEventRecv] <0031> CPID_UDP_PLATFORM_MOVE
<17 Jul 2026 11:55:13> [TSimMgr_Client.LogEventRecv] <0031> CPID_UDP_PLATFORM_MOVE
<17 Jul 2026 11:55:13> [TSimMgr_Client.LogEventRecv] <0031> CPID_UDP_PLATFORM_MOVE
<17 Jul 2026 11:55:13> [TSimMgr_Client.LogEventRecv] <0031> CPID_UDP_PLATFORM_MOVE
<17 Jul 2026 11:55:13> [TSimMgr_Client.LogEventRecv] <0031> CPID_UDP_PLATFORM_MOVE
<17 Jul 2026 11:55:13> [TSimMgr_Client.LogEventRecv] <0031> CPID_UDP_PLATFORM_MOVE
<17 Jul 2026 11:55:13> [TSimMgr_Client.LogEventRecv] <0031> CPID_UDP_PLATFORM_MOVE
<17 Jul 2026 11:55:13> [TSimMgr_Client.LogEventRecv] <0031> CPID_UDP_PLATFORM_MOVE
<17 Jul 2026 11:55:13> [TSimMgr_Client.LogEventRecv] <0031> CPID_UDP_PLATFORM_MOVE
<17 Jul 2026 11:55:13> [TSimMgr_Client.LogEventRecv] <0031> CPID_UDP_PLATFORM_MOVE
<17 Jul 2026 11:55:21> [TSimMgr_Client.LogEventRecv] <0031> CPID_UDP_PLATFORM_MOVE
<17 Jul 2026 11:55:21> [TSimMgr_Client.LogEventRecv] <0031> CPID_UDP_PLATFORM_MOVE
<17 Jul 2026 11:55:21> [TSimMgr_Client.LogEventRecv] <0031> CPID_UDP_PLATFORM_MOVE
<17 Jul 2026 11:55:21> [TSimMgr_Client.LogEventRecv] <0031> CPID_UDP_PLATFORM_MOVE
<17 Jul 2026 11:55:21> [TSimMgr_Client.LogEventRecv] <0031> CPID_UDP_PLATFORM_MOVE
<17 Jul 2026 11:55:21> [TSimMgr_Client.LogEventRecv] <0031> CPID_UDP_PLATFORM_MOVE
<17 Jul 2026 11:55:21> [TSimMgr_Client.LogEventRecv] <0031> CPID_UDP_PLATFORM_MOVE
<17 Jul 2026 11:55:21> [TSimMgr_Client.LogEventRecv] <0031> CPID_UDP_PLATFORM_MOVE
<17 Jul 2026 11:55:21> [TSimMgr_Client.LogEventRecv] <0031> CPID_UDP_PLATFORM_MOVE
<17 Jul 2026 11:55:29> [TSimMgr_Client.LogEventRecv] <0031> CPID_UDP_PLATFORM_MOVE
<17 Jul 2026 11:55:29> [TSimMgr_Client.LogEventRecv] <0031> CPID_UDP_PLATFORM_MOVE
<17 Jul 2026 11:55:29> [TSimMgr_Client.LogEventRecv] <0031> CPID_UDP_PLATFORM_MOVE
<17 Jul 2026 11:55:29> [TSimMgr_Client.LogEventRecv] <0031> CPID_UDP_PLATFORM_MOVE
<17 Jul 2026 11:55:29> [TSimMgr_Client.LogEventRecv] <0031> CPID_UDP_PLATFORM_MOVE
<17 Jul 2026 11:55:29> [TSimMgr_Client.LogEventRecv] <0031> CPID_UDP_PLATFORM_MOVE
<17 Jul 2026 11:55:29> [TSimMgr_Client.LogEventRecv] <0031> CPID_UDP_PLATFORM_MOVE
<17 Jul 2026 11:55:29> [TSimMgr_Client.LogEventRecv] <0031> CPID_UDP_PLATFORM_MOVE
<17 Jul 2026 11:55:29> [TSimMgr_Client.LogEventRecv] <0031> CPID_UDP_PLATFORM_MOVE
<17 Jul 2026 11:55:37> [TSimMgr_Client.LogEventRecv] <0031> CPID_UDP_PLATFORM_MOVE
<17 Jul 2026 11:55:37> [TSimMgr_Client.LogEventRecv] <0031> CPID_UDP_PLATFORM_MOVE
<17 Jul 2026 11:55:37> [TSimMgr_Client.LogEventRecv] <0031> CPID_UDP_PLATFORM_MOVE
<17 Jul 2026 11:55:37> [TSimMgr_Client.LogEventRecv] <0031> CPID_UDP_PLATFORM_MOVE
<17 Jul 2026 11:55:37> [TSimMgr_Client.LogEventRecv] <0031> CPID_UDP_PLATFORM_MOVE
<17 Jul 2026 11:55:37> [TSimMgr_Client.LogEventRecv] <0031> CPID_UDP_PLATFORM_MOVE
<17 Jul 2026 11:55:37> [TSimMgr_Client.LogEventRecv] <0031> CPID_UDP_PLATFORM_MOVE
<17 Jul 2026 11:55:37> [TSimMgr_Client.LogEventRecv] <0031> CPID_UDP_PLATFORM_MOVE
<17 Jul 2026 11:55:37> [TSimMgr_Client.LogEventRecv] <0031> CPID_UDP_PLATFORM_MOVE
<17 Jul 2026 11:55:45> [TSimMgr_Client.LogEventRecv] <0031> CPID_UDP_PLATFORM_MOVE
<17 Jul 2026 11:55:45> [TSimMgr_Client.LogEventRecv] <0031> CPID_UDP_PLATFORM_MOVE
<17 Jul 2026 11:55:45> [TSimMgr_Client.LogEventRecv] <0031> CPID_UDP_PLATFORM_MOVE
<17 Jul 2026 11:55:45> [TSimMgr_Client.LogEventRecv] <0031> CPID_UDP_PLATFORM_MOVE
<17 Jul 2026 11:55:45> [TSimMgr_Client.LogEventRecv] <0031> CPID_UDP_PLATFORM_MOVE
<17 Jul 2026 11:55:45> [TSimMgr_Client.LogEventRecv] <0031> CPID_UDP_PLATFORM_MOVE
<17 Jul 2026 11:55:45> [TSimMgr_Client.LogEventRecv] <0031> CPID_UDP_PLATFORM_MOVE
<17 Jul 2026 11:55:45> [TSimMgr_Client.LogEventRecv] <0031> CPID_UDP_PLATFORM_MOVE
<17 Jul 2026 11:55:45> [TSimMgr_Client.LogEventRecv] <0031> CPID_UDP_PLATFORM_MOVE
<17 Jul 2026 11:55:53> [TSimMgr_Client.LogEventRecv] <0031> CPID_UDP_PLATFORM_MOVE
<17 Jul 2026 11:55:53> [TSimMgr_Client.LogEventRecv] <0031> CPID_UDP_PLATFORM_MOVE
<17 Jul 2026 11:55:53> [TSimMgr_Client.LogEventRecv] <0031> CPID_UDP_PLATFORM_MOVE
<17 Jul 2026 11:55:53> [TSimMgr_Client.LogEventRecv] <0031> CPID_UDP_PLATFORM_MOVE
<17 Jul 2026 11:55:53> [TSimMgr_Client.LogEventRecv] <0031> CPID_UDP_PLATFORM_MOVE
<17 Jul 2026 11:55:53> [TSimMgr_Client.LogEventRecv] <0031> CPID_UDP_PLATFORM_MOVE
<17 Jul 2026 11:55:53> [TSimMgr_Client.LogEventRecv] <0031> CPID_UDP_PLATFORM_MOVE
<17 Jul 2026 11:55:53> [TSimMgr_Client.LogEventRecv] <0031> CPID_UDP_PLATFORM_MOVE
<17 Jul 2026 11:55:53> [TSimMgr_Client.LogEventRecv] <0031> CPID_UDP_PLATFORM_MOVE
<17 Jul 2026 11:56:01> [TSimMgr_Client.LogEventRecv] <0031> CPID_UDP_PLATFORM_MOVE
<17 Jul 2026 11:56:01> [TSimMgr_Client.LogEventRecv] <0031> CPID_UDP_PLATFORM_MOVE
<17 Jul 2026 11:56:01> [TSimMgr_Client.LogEventRecv] <0031> CPID_UDP_PLATFORM_MOVE
<17 Jul 2026 11:56:01> [TSimMgr_Client.LogEventRecv] <0031> CPID_UDP_PLATFORM_MOVE
<17 Jul 2026 11:56:01> [TSimMgr_Client.LogEventRecv] <0031> CPID_UDP_PLATFORM_MOVE
<17 Jul 2026 11:56:01> [TSimMgr_Client.LogEventRecv] <0031> CPID_UDP_PLATFORM_MOVE
<17 Jul 2026 11:56:01> [TSimMgr_Client.LogEventRecv] <0031> CPID_UDP_PLATFORM_MOVE
<17 Jul 2026 11:56:01> [TSimMgr_Client.LogEventRecv] <0031> CPID_UDP_PLATFORM_MOVE
<17 Jul 2026 11:56:01> [TSimMgr_Client.LogEventRecv] <0031> CPID_UDP_PLATFORM_MOVE
<17 Jul 2026 11:56:09> [TSimMgr_Client.LogEventRecv] <0031> CPID_UDP_PLATFORM_MOVE
<17 Jul 2026 11:56:09> [TSimMgr_Client.LogEventRecv] <0031> CPID_UDP_PLATFORM_MOVE
<17 Jul 2026 11:56:09> [TSimMgr_Client.LogEventRecv] <0031> CPID_UDP_PLATFORM_MOVE
<17 Jul 2026 11:56:09> [TSimMgr_Client.LogEventRecv] <0031> CPID_UDP_PLATFORM_MOVE
<17 Jul 2026 11:56:09> [TSimMgr_Client.LogEventRecv] <0031> CPID_UDP_PLATFORM_MOVE
<17 Jul 2026 11:56:09> [TSimMgr_Client.LogEventRecv] <0031> CPID_UDP_PLATFORM_MOVE
<17 Jul 2026 11:56:09> [TSimMgr_Client.LogEventRecv] <0031> CPID_UDP_PLATFORM_MOVE
<17 Jul 2026 11:56:09> [TSimMgr_Client.LogEventRecv] <0031> CPID_UDP_PLATFORM_MOVE
<17 Jul 2026 11:56:09> [TSimMgr_Client.LogEventRecv] <0031> CPID_UDP_PLATFORM_MOVE
<17 Jul 2026 11:56:17> [TSimMgr_Client.LogEventRecv] <0031> CPID_UDP_PLATFORM_MOVE
<17 Jul 2026 11:56:17> [TSimMgr_Client.LogEventRecv] <0031> CPID_UDP_PLATFORM_MOVE
<17 Jul 2026 11:56:17> [TSimMgr_Client.LogEventRecv] <0031> CPID_UDP_PLATFORM_MOVE
<17 Jul 2026 11:56:17> [TSimMgr_Client.LogEventRecv] <0031> CPID_UDP_PLATFORM_MOVE
<17 Jul 2026 11:56:17> [TSimMgr_Client.LogEventRecv] <0031> CPID_UDP_PLATFORM_MOVE
<17 Jul 2026 11:56:17> [TSimMgr_Client.LogEventRecv] <0031> CPID_UDP_PLATFORM_MOVE
<17 Jul 2026 11:56:17> [TSimMgr_Client.LogEventRecv] <0031> CPID_UDP_PLATFORM_MOVE
<17 Jul 2026 11:56:17> [TSimMgr_Client.LogEventRecv] <0031> CPID_UDP_PLATFORM_MOVE
<17 Jul 2026 11:56:17> [TSimMgr_Client.LogEventRecv] <0031> CPID_UDP_PLATFORM_MOVE
<17 Jul 2026 11:56:25> [TSimMgr_Client.LogEventRecv] <0031> CPID_UDP_PLATFORM_MOVE
<17 Jul 2026 11:56:25> [TSimMgr_Client.LogEventRecv] <0031> CPID_UDP_PLATFORM_MOVE
<17 Jul 2026 11:56:25> [TSimMgr_Client.LogEventRecv] <0031> CPID_UDP_PLATFORM_MOVE
<17 Jul 2026 11:56:25> [TSimMgr_Client.LogEventRecv] <0031> CPID_UDP_PLATFORM_MOVE
<17 Jul 2026 11:56:25> [TSimMgr_Client.LogEventRecv] <0031> CPID_UDP_PLATFORM_MOVE
<17 Jul 2026 11:56:25> [TSimMgr_Client.LogEventRecv] <0031> CPID_UDP_PLATFORM_MOVE
<17 Jul 2026 11:56:25> [TSimMgr_Client.LogEventRecv] <0031> CPID_UDP_PLATFORM_MOVE
<17 Jul 2026 11:56:25> [TSimMgr_Client.LogEventRecv] <0031> CPID_UDP_PLATFORM_MOVE
<17 Jul 2026 11:56:25> [TSimMgr_Client.LogEventRecv] <0031> CPID_UDP_PLATFORM_MOVE
<17 Jul 2026 11:56:33> [TSimMgr_Client.LogEventRecv] <0031> CPID_UDP_PLATFORM_MOVE
<17 Jul 2026 11:56:33> [TSimMgr_Client.LogEventRecv] <0031> CPID_UDP_PLATFORM_MOVE
<17 Jul 2026 11:56:33> [TSimMgr_Client.LogEventRecv] <0031> CPID_UDP_PLATFORM_MOVE
<17 Jul 2026 11:56:33> [TSimMgr_Client.LogEventRecv] <0031> CPID_UDP_PLATFORM_MOVE
<17 Jul 2026 11:56:33> [TSimMgr_Client.LogEventRecv] <0031> CPID_UDP_PLATFORM_MOVE
<17 Jul 2026 11:56:33> [TSimMgr_Client.LogEventRecv] <0031> CPID_UDP_PLATFORM_MOVE
<17 Jul 2026 11:56:33> [TSimMgr_Client.LogEventRecv] <0031> CPID_UDP_PLATFORM_MOVE
<17 Jul 2026 11:56:33> [TSimMgr_Client.LogEventRecv] <0031> CPID_UDP_PLATFORM_MOVE
<17 Jul 2026 11:56:33> [TSimMgr_Client.LogEventRecv] <0031> CPID_UDP_PLATFORM_MOVE
<17 Jul 2026 11:56:41> [TSimMgr_Client.LogEventRecv] <0031> CPID_UDP_PLATFORM_MOVE
<17 Jul 2026 11:56:41> [TSimMgr_Client.LogEventRecv] <0031> CPID_UDP_PLATFORM_MOVE
<17 Jul 2026 11:56:41> [TSimMgr_Client.LogEventRecv] <0031> CPID_UDP_PLATFORM_MOVE
<17 Jul 2026 11:56:41> [TSimMgr_Client.LogEventRecv] <0031> CPID_UDP_PLATFORM_MOVE
<17 Jul 2026 11:56:41> [TSimMgr_Client.LogEventRecv] <0031> CPID_UDP_PLATFORM_MOVE
<17 Jul 2026 11:56:41> [TSimMgr_Client.LogEventRecv] <0031> CPID_UDP_PLATFORM_MOVE
<17 Jul 2026 11:56:41> [TSimMgr_Client.LogEventRecv] <0031> CPID_UDP_PLATFORM_MOVE
<17 Jul 2026 11:56:41> [TSimMgr_Client.LogEventRecv] <0031> CPID_UDP_PLATFORM_MOVE
<17 Jul 2026 11:56:41> [TSimMgr_Client.LogEventRecv] <0031> CPID_UDP_PLATFORM_MOVE
<17 Jul 2026 11:56:49> [TSimMgr_Client.LogEventRecv] <0031> CPID_UDP_PLATFORM_MOVE
<17 Jul 2026 11:56:49> [TSimMgr_Client.LogEventRecv] <0031> CPID_UDP_PLATFORM_MOVE
<17 Jul 2026 11:56:49> [TSimMgr_Client.LogEventRecv] <0031> CPID_UDP_PLATFORM_MOVE
<17 Jul 2026 11:56:49> [TSimMgr_Client.LogEventRecv] <0031> CPID_UDP_PLATFORM_MOVE
<17 Jul 2026 11:56:49> [TSimMgr_Client.LogEventRecv] <0031> CPID_UDP_PLATFORM_MOVE
<17 Jul 2026 11:56:49> [TSimMgr_Client.LogEventRecv] <0031> CPID_UDP_PLATFORM_MOVE
<17 Jul 2026 11:56:49> [TSimMgr_Client.LogEventRecv] <0031> CPID_UDP_PLATFORM_MOVE
<17 Jul 2026 11:56:49> [TSimMgr_Client.LogEventRecv] <0031> CPID_UDP_PLATFORM_MOVE
<17 Jul 2026 11:56:49> [TSimMgr_Client.LogEventRecv] <0031> CPID_UDP_PLATFORM_MOVE
<17 Jul 2026 11:56:56> [TSimMgr_Client.LogEventRecv] <0031> CPID_UDP_PLATFORM_MOVE
<17 Jul 2026 11:56:56> [TSimMgr_Client.LogEventRecv] <0031> CPID_UDP_PLATFORM_MOVE
<17 Jul 2026 11:56:56> [TSimMgr_Client.LogEventRecv] <0031> CPID_UDP_PLATFORM_MOVE
<17 Jul 2026 11:56:56> [TSimMgr_Client.LogEventRecv] <0031> CPID_UDP_PLATFORM_MOVE
<17 Jul 2026 11:56:56> [TSimMgr_Client.LogEventRecv] <0031> CPID_UDP_PLATFORM_MOVE
<17 Jul 2026 11:56:56> [TSimMgr_Client.LogEventRecv] <0031> CPID_UDP_PLATFORM_MOVE
<17 Jul 2026 11:56:56> [TSimMgr_Client.LogEventRecv] <0031> CPID_UDP_PLATFORM_MOVE
<17 Jul 2026 11:56:56> [TSimMgr_Client.LogEventRecv] <0031> CPID_UDP_PLATFORM_MOVE
<17 Jul 2026 11:56:56> [TSimMgr_Client.LogEventRecv] <0031> CPID_UDP_PLATFORM_MOVE
<17 Jul 2026 11:57:05> [TSimMgr_Client.LogEventRecv] <0031> CPID_UDP_PLATFORM_MOVE
<17 Jul 2026 11:57:05> [TSimMgr_Client.LogEventRecv] <0031> CPID_UDP_PLATFORM_MOVE
<17 Jul 2026 11:57:05> [TSimMgr_Client.LogEventRecv] <0031> CPID_UDP_PLATFORM_MOVE
<17 Jul 2026 11:57:05> [TSimMgr_Client.LogEventRecv] <0031> CPID_UDP_PLATFORM_MOVE
<17 Jul 2026 11:57:05> [TSimMgr_Client.LogEventRecv] <0031> CPID_UDP_PLATFORM_MOVE
<17 Jul 2026 11:57:05> [TSimMgr_Client.LogEventRecv] <0031> CPID_UDP_PLATFORM_MOVE
<17 Jul 2026 11:57:05> [TSimMgr_Client.LogEventRecv] <0031> CPID_UDP_PLATFORM_MOVE
<17 Jul 2026 11:57:05> [TSimMgr_Client.LogEventRecv] <0031> CPID_UDP_PLATFORM_MOVE
<17 Jul 2026 11:57:05> [TSimMgr_Client.LogEventRecv] <0031> CPID_UDP_PLATFORM_MOVE
<17 Jul 2026 11:57:13> [TSimMgr_Client.LogEventRecv] <0031> CPID_UDP_PLATFORM_MOVE
<17 Jul 2026 11:57:13> [TSimMgr_Client.LogEventRecv] <0031> CPID_UDP_PLATFORM_MOVE
<17 Jul 2026 11:57:13> [TSimMgr_Client.LogEventRecv] <0031> CPID_UDP_PLATFORM_MOVE
<17 Jul 2026 11:57:13> [TSimMgr_Client.LogEventRecv] <0031> CPID_UDP_PLATFORM_MOVE
<17 Jul 2026 11:57:13> [TSimMgr_Client.LogEventRecv] <0031> CPID_UDP_PLATFORM_MOVE
<17 Jul 2026 11:57:13> [TSimMgr_Client.LogEventRecv] <0031> CPID_UDP_PLATFORM_MOVE
<17 Jul 2026 11:57:13> [TSimMgr_Client.LogEventRecv] <0031> CPID_UDP_PLATFORM_MOVE
<17 Jul 2026 11:57:13> [TSimMgr_Client.LogEventRecv] <0031> CPID_UDP_PLATFORM_MOVE
<17 Jul 2026 11:57:13> [TSimMgr_Client.LogEventRecv] <0031> CPID_UDP_PLATFORM_MOVE
<17 Jul 2026 11:57:20> [TSimMgr_Client.LogEventRecv] <0031> CPID_UDP_PLATFORM_MOVE
<17 Jul 2026 11:57:20> [TSimMgr_Client.LogEventRecv] <0031> CPID_UDP_PLATFORM_MOVE
<17 Jul 2026 11:57:20> [TSimMgr_Client.LogEventRecv] <0031> CPID_UDP_PLATFORM_MOVE
<17 Jul 2026 11:57:20> [TSimMgr_Client.LogEventRecv] <0031> CPID_UDP_PLATFORM_MOVE
<17 Jul 2026 11:57:20> [TSimMgr_Client.LogEventRecv] <0031> CPID_UDP_PLATFORM_MOVE
<17 Jul 2026 11:57:20> [TSimMgr_Client.LogEventRecv] <0031> CPID_UDP_PLATFORM_MOVE
<17 Jul 2026 11:57:20> [TSimMgr_Client.LogEventRecv] <0031> CPID_UDP_PLATFORM_MOVE
<17 Jul 2026 11:57:20> [TSimMgr_Client.LogEventRecv] <0031> CPID_UDP_PLATFORM_MOVE
<17 Jul 2026 11:57:20> [TSimMgr_Client.LogEventRecv] <0031> CPID_UDP_PLATFORM_MOVE
<17 Jul 2026 11:57:29> [TSimMgr_Client.LogEventRecv] <0031> CPID_UDP_PLATFORM_MOVE
<17 Jul 2026 11:57:29> [TSimMgr_Client.LogEventRecv] <0031> CPID_UDP_PLATFORM_MOVE
<17 Jul 2026 11:57:29> [TSimMgr_Client.LogEventRecv] <0031> CPID_UDP_PLATFORM_MOVE
<17 Jul 2026 11:57:29> [TSimMgr_Client.LogEventRecv] <0031> CPID_UDP_PLATFORM_MOVE
<17 Jul 2026 11:57:29> [TSimMgr_Client.LogEventRecv] <0031> CPID_UDP_PLATFORM_MOVE
<17 Jul 2026 11:57:29> [TSimMgr_Client.LogEventRecv] <0031> CPID_UDP_PLATFORM_MOVE
<17 Jul 2026 11:57:29> [TSimMgr_Client.LogEventRecv] <0031> CPID_UDP_PLATFORM_MOVE
<17 Jul 2026 11:57:29> [TSimMgr_Client.LogEventRecv] <0031> CPID_UDP_PLATFORM_MOVE
<17 Jul 2026 11:57:29> [TSimMgr_Client.LogEventRecv] <0031> CPID_UDP_PLATFORM_MOVE
<17 Jul 2026 11:57:36> [TSimMgr_Client.LogEventRecv] <0031> CPID_UDP_PLATFORM_MOVE
<17 Jul 2026 11:57:36> [TSimMgr_Client.LogEventRecv] <0031> CPID_UDP_PLATFORM_MOVE
<17 Jul 2026 11:57:36> [TSimMgr_Client.LogEventRecv] <0031> CPID_UDP_PLATFORM_MOVE
<17 Jul 2026 11:57:36> [TSimMgr_Client.LogEventRecv] <0031> CPID_UDP_PLATFORM_MOVE
<17 Jul 2026 11:57:36> [TSimMgr_Client.LogEventRecv] <0031> CPID_UDP_PLATFORM_MOVE
<17 Jul 2026 11:57:36> [TSimMgr_Client.LogEventRecv] <0031> CPID_UDP_PLATFORM_MOVE
<17 Jul 2026 11:57:37> [TSimMgr_Client.LogEventRecv] <0031> CPID_UDP_PLATFORM_MOVE
<17 Jul 2026 11:57:37> [TSimMgr_Client.LogEventRecv] <0031> CPID_UDP_PLATFORM_MOVE
<17 Jul 2026 11:57:37> [TSimMgr_Client.LogEventRecv] <0031> CPID_UDP_PLATFORM_MOVE
<17 Jul 2026 11:57:45> [TSimMgr_Client.LogEventRecv] <0031> CPID_UDP_PLATFORM_MOVE
<17 Jul 2026 11:57:45> [TSimMgr_Client.LogEventRecv] <0031> CPID_UDP_PLATFORM_MOVE
<17 Jul 2026 11:57:45> [TSimMgr_Client.LogEventRecv] <0031> CPID_UDP_PLATFORM_MOVE
<17 Jul 2026 11:57:45> [TSimMgr_Client.LogEventRecv] <0031> CPID_UDP_PLATFORM_MOVE
<17 Jul 2026 11:57:45> [TSimMgr_Client.LogEventRecv] <0031> CPID_UDP_PLATFORM_MOVE
<17 Jul 2026 11:57:45> [TSimMgr_Client.LogEventRecv] <0031> CPID_UDP_PLATFORM_MOVE
<17 Jul 2026 11:57:45> [TSimMgr_Client.LogEventRecv] <0031> CPID_UDP_PLATFORM_MOVE
<17 Jul 2026 11:57:45> [TSimMgr_Client.LogEventRecv] <0031> CPID_UDP_PLATFORM_MOVE
<17 Jul 2026 11:57:45> [TSimMgr_Client.LogEventRecv] <0031> CPID_UDP_PLATFORM_MOVE
<17 Jul 2026 11:57:53> [TSimMgr_Client.LogEventRecv] <0031> CPID_UDP_PLATFORM_MOVE
<17 Jul 2026 11:57:53> [TSimMgr_Client.LogEventRecv] <0031> CPID_UDP_PLATFORM_MOVE
<17 Jul 2026 11:57:53> [TSimMgr_Client.LogEventRecv] <0031> CPID_UDP_PLATFORM_MOVE
<17 Jul 2026 11:57:53> [TSimMgr_Client.LogEventRecv] <0031> CPID_UDP_PLATFORM_MOVE
<17 Jul 2026 11:57:53> [TSimMgr_Client.LogEventRecv] <0031> CPID_UDP_PLATFORM_MOVE
<17 Jul 2026 11:57:53> [TSimMgr_Client.LogEventRecv] <0031> CPID_UDP_PLATFORM_MOVE
<17 Jul 2026 11:57:53> [TSimMgr_Client.LogEventRecv] <0031> CPID_UDP_PLATFORM_MOVE
<17 Jul 2026 11:57:53> [TSimMgr_Client.LogEventRecv] <0031> CPID_UDP_PLATFORM_MOVE
<17 Jul 2026 11:57:53> [TSimMgr_Client.LogEventRecv] <0031> CPID_UDP_PLATFORM_MOVE
<17 Jul 2026 11:58:00> [TSimMgr_Client.LogEventRecv] <0031> CPID_UDP_PLATFORM_MOVE
<17 Jul 2026 11:58:00> [TSimMgr_Client.LogEventRecv] <0031> CPID_UDP_PLATFORM_MOVE
<17 Jul 2026 11:58:00> [TSimMgr_Client.LogEventRecv] <0031> CPID_UDP_PLATFORM_MOVE
<17 Jul 2026 11:58:00> [TSimMgr_Client.LogEventRecv] <0031> CPID_UDP_PLATFORM_MOVE
<17 Jul 2026 11:58:00> [TSimMgr_Client.LogEventRecv] <0031> CPID_UDP_PLATFORM_MOVE
<17 Jul 2026 11:58:00> [TSimMgr_Client.LogEventRecv] <0031> CPID_UDP_PLATFORM_MOVE
<17 Jul 2026 11:58:00> [TSimMgr_Client.LogEventRecv] <0031> CPID_UDP_PLATFORM_MOVE
<17 Jul 2026 11:58:00> [TSimMgr_Client.LogEventRecv] <0031> CPID_UDP_PLATFORM_MOVE
<17 Jul 2026 11:58:00> [TSimMgr_Client.LogEventRecv] <0031> CPID_UDP_PLATFORM_MOVE
<17 Jul 2026 11:58:08> [TSimMgr_Client.LogEventRecv] <0031> CPID_UDP_PLATFORM_MOVE
<17 Jul 2026 11:58:08> [TSimMgr_Client.LogEventRecv] <0031> CPID_UDP_PLATFORM_MOVE
<17 Jul 2026 11:58:08> [TSimMgr_Client.LogEventRecv] <0031> CPID_UDP_PLATFORM_MOVE
<17 Jul 2026 11:58:08> [TSimMgr_Client.LogEventRecv] <0031> CPID_UDP_PLATFORM_MOVE
<17 Jul 2026 11:58:08> [TSimMgr_Client.LogEventRecv] <0031> CPID_UDP_PLATFORM_MOVE
<17 Jul 2026 11:58:08> [TSimMgr_Client.LogEventRecv] <0031> CPID_UDP_PLATFORM_MOVE
<17 Jul 2026 11:58:08> [TSimMgr_Client.LogEventRecv] <0031> CPID_UDP_PLATFORM_MOVE
<17 Jul 2026 11:58:09> [TSimMgr_Client.LogEventRecv] <0031> CPID_UDP_PLATFORM_MOVE
<17 Jul 2026 11:58:09> [TSimMgr_Client.LogEventRecv] <0031> CPID_UDP_PLATFORM_MOVE
<17 Jul 2026 11:58:16> [TSimMgr_Client.LogEventRecv] <0031> CPID_UDP_PLATFORM_MOVE
<17 Jul 2026 11:58:16> [TSimMgr_Client.LogEventRecv] <0031> CPID_UDP_PLATFORM_MOVE
<17 Jul 2026 11:58:16> [TSimMgr_Client.LogEventRecv] <0031> CPID_UDP_PLATFORM_MOVE
<17 Jul 2026 11:58:16> [TSimMgr_Client.LogEventRecv] <0031> CPID_UDP_PLATFORM_MOVE
<17 Jul 2026 11:58:16> [TSimMgr_Client.LogEventRecv] <0031> CPID_UDP_PLATFORM_MOVE
<17 Jul 2026 11:58:17> [TSimMgr_Client.LogEventRecv] <0031> CPID_UDP_PLATFORM_MOVE
<17 Jul 2026 11:58:17> [TSimMgr_Client.LogEventRecv] <0031> CPID_UDP_PLATFORM_MOVE
<17 Jul 2026 11:58:17> [TSimMgr_Client.LogEventRecv] <0031> CPID_UDP_PLATFORM_MOVE
<17 Jul 2026 11:58:17> [TSimMgr_Client.LogEventRecv] <0031> CPID_UDP_PLATFORM_MOVE
<17 Jul 2026 11:58:25> [TSimMgr_Client.LogEventRecv] <0031> CPID_UDP_PLATFORM_MOVE
<17 Jul 2026 11:58:25> [TSimMgr_Client.LogEventRecv] <0031> CPID_UDP_PLATFORM_MOVE
<17 Jul 2026 11:58:25> [TSimMgr_Client.LogEventRecv] <0031> CPID_UDP_PLATFORM_MOVE
<17 Jul 2026 11:58:25> [TSimMgr_Client.LogEventRecv] <0031> CPID_UDP_PLATFORM_MOVE
<17 Jul 2026 11:58:25> [TSimMgr_Client.LogEventRecv] <0031> CPID_UDP_PLATFORM_MOVE
<17 Jul 2026 11:58:25> [TSimMgr_Client.LogEventRecv] <0031> CPID_UDP_PLATFORM_MOVE
<17 Jul 2026 11:58:25> [TSimMgr_Client.LogEventRecv] <0031> CPID_UDP_PLATFORM_MOVE
<17 Jul 2026 11:58:25> [TSimMgr_Client.LogEventRecv] <0031> CPID_UDP_PLATFORM_MOVE
<17 Jul 2026 11:58:25> [TSimMgr_Client.LogEventRecv] <0031> CPID_UDP_PLATFORM_MOVE
<17 Jul 2026 11:58:33> [TSimMgr_Client.LogEventRecv] <0031> CPID_UDP_PLATFORM_MOVE
<17 Jul 2026 11:58:33> [TSimMgr_Client.LogEventRecv] <0031> CPID_UDP_PLATFORM_MOVE
<17 Jul 2026 11:58:33> [TSimMgr_Client.LogEventRecv] <0031> CPID_UDP_PLATFORM_MOVE
<17 Jul 2026 11:58:33> [TSimMgr_Client.LogEventRecv] <0031> CPID_UDP_PLATFORM_MOVE
<17 Jul 2026 11:58:33> [TSimMgr_Client.LogEventRecv] <0031> CPID_UDP_PLATFORM_MOVE
<17 Jul 2026 11:58:33> [TSimMgr_Client.LogEventRecv] <0031> CPID_UDP_PLATFORM_MOVE
<17 Jul 2026 11:58:33> [TSimMgr_Client.LogEventRecv] <0031> CPID_UDP_PLATFORM_MOVE
<17 Jul 2026 11:58:33> [TSimMgr_Client.LogEventRecv] <0031> CPID_UDP_PLATFORM_MOVE
<17 Jul 2026 11:58:33> [TSimMgr_Client.LogEventRecv] <0031> CPID_UDP_PLATFORM_MOVE
<17 Jul 2026 11:58:41> [TSimMgr_Client.LogEventRecv] <0031> CPID_UDP_PLATFORM_MOVE
<17 Jul 2026 11:58:41> [TSimMgr_Client.LogEventRecv] <0031> CPID_UDP_PLATFORM_MOVE
<17 Jul 2026 11:58:41> [TSimMgr_Client.LogEventRecv] <0031> CPID_UDP_PLATFORM_MOVE
<17 Jul 2026 11:58:41> [TSimMgr_Client.LogEventRecv] <0031> CPID_UDP_PLATFORM_MOVE
<17 Jul 2026 11:58:41> [TSimMgr_Client.LogEventRecv] <0031> CPID_UDP_PLATFORM_MOVE
<17 Jul 2026 11:58:41> [TSimMgr_Client.LogEventRecv] <0031> CPID_UDP_PLATFORM_MOVE
<17 Jul 2026 11:58:41> [TSimMgr_Client.LogEventRecv] <0031> CPID_UDP_PLATFORM_MOVE
<17 Jul 2026 11:58:41> [TSimMgr_Client.LogEventRecv] <0031> CPID_UDP_PLATFORM_MOVE
<17 Jul 2026 11:58:41> [TSimMgr_Client.LogEventRecv] <0031> CPID_UDP_PLATFORM_MOVE
<17 Jul 2026 11:58:49> [TSimMgr_Client.LogEventRecv] <0031> CPID_UDP_PLATFORM_MOVE
<17 Jul 2026 11:58:49> [TSimMgr_Client.LogEventRecv] <0031> CPID_UDP_PLATFORM_MOVE
<17 Jul 2026 11:58:49> [TSimMgr_Client.LogEventRecv] <0031> CPID_UDP_PLATFORM_MOVE
<17 Jul 2026 11:58:49> [TSimMgr_Client.LogEventRecv] <0031> CPID_UDP_PLATFORM_MOVE
<17 Jul 2026 11:58:49> [TSimMgr_Client.LogEventRecv] <0031> CPID_UDP_PLATFORM_MOVE
<17 Jul 2026 11:58:49> [TSimMgr_Client.LogEventRecv] <0031> CPID_UDP_PLATFORM_MOVE
<17 Jul 2026 11:58:49> [TSimMgr_Client.LogEventRecv] <0031> CPID_UDP_PLATFORM_MOVE
<17 Jul 2026 11:58:49> [TSimMgr_Client.LogEventRecv] <0031> CPID_UDP_PLATFORM_MOVE
<17 Jul 2026 11:58:49> [TSimMgr_Client.LogEventRecv] <0031> CPID_UDP_PLATFORM_MOVE
<17 Jul 2026 11:58:57> [TSimMgr_Client.LogEventRecv] <0031> CPID_UDP_PLATFORM_MOVE
<17 Jul 2026 11:58:57> [TSimMgr_Client.LogEventRecv] <0031> CPID_UDP_PLATFORM_MOVE
<17 Jul 2026 11:58:57> [TSimMgr_Client.LogEventRecv] <0031> CPID_UDP_PLATFORM_MOVE
<17 Jul 2026 11:58:57> [TSimMgr_Client.LogEventRecv] <0031> CPID_UDP_PLATFORM_MOVE
<17 Jul 2026 11:58:57> [TSimMgr_Client.LogEventRecv] <0031> CPID_UDP_PLATFORM_MOVE
<17 Jul 2026 11:58:57> [TSimMgr_Client.LogEventRecv] <0031> CPID_UDP_PLATFORM_MOVE
<17 Jul 2026 11:58:57> [TSimMgr_Client.LogEventRecv] <0031> CPID_UDP_PLATFORM_MOVE
<17 Jul 2026 11:58:57> [TSimMgr_Client.LogEventRecv] <0031> CPID_UDP_PLATFORM_MOVE
<17 Jul 2026 11:58:57> [TSimMgr_Client.LogEventRecv] <0031> CPID_UDP_PLATFORM_MOVE
<17 Jul 2026 11:59:05> [TSimMgr_Client.LogEventRecv] <0031> CPID_UDP_PLATFORM_MOVE
<17 Jul 2026 11:59:05> [TSimMgr_Client.LogEventRecv] <0031> CPID_UDP_PLATFORM_MOVE
<17 Jul 2026 11:59:05> [TSimMgr_Client.LogEventRecv] <0031> CPID_UDP_PLATFORM_MOVE
<17 Jul 2026 11:59:05> [TSimMgr_Client.LogEventRecv] <0031> CPID_UDP_PLATFORM_MOVE
<17 Jul 2026 11:59:05> [TSimMgr_Client.LogEventRecv] <0031> CPID_UDP_PLATFORM_MOVE
<17 Jul 2026 11:59:05> [TSimMgr_Client.LogEventRecv] <0031> CPID_UDP_PLATFORM_MOVE
<17 Jul 2026 11:59:05> [TSimMgr_Client.LogEventRecv] <0031> CPID_UDP_PLATFORM_MOVE
<17 Jul 2026 11:59:05> [TSimMgr_Client.LogEventRecv] <0031> CPID_UDP_PLATFORM_MOVE
<17 Jul 2026 11:59:05> [TSimMgr_Client.LogEventRecv] <0031> CPID_UDP_PLATFORM_MOVE
<17 Jul 2026 11:59:13> [TSimMgr_Client.LogEventRecv] <0031> CPID_UDP_PLATFORM_MOVE
<17 Jul 2026 11:59:13> [TSimMgr_Client.LogEventRecv] <0031> CPID_UDP_PLATFORM_MOVE
<17 Jul 2026 11:59:13> [TSimMgr_Client.LogEventRecv] <0031> CPID_UDP_PLATFORM_MOVE
<17 Jul 2026 11:59:13> [TSimMgr_Client.LogEventRecv] <0031> CPID_UDP_PLATFORM_MOVE
<17 Jul 2026 11:59:13> [TSimMgr_Client.LogEventRecv] <0031> CPID_UDP_PLATFORM_MOVE
<17 Jul 2026 11:59:13> [TSimMgr_Client.LogEventRecv] <0031> CPID_UDP_PLATFORM_MOVE
<17 Jul 2026 11:59:13> [TSimMgr_Client.LogEventRecv] <0031> CPID_UDP_PLATFORM_MOVE
<17 Jul 2026 11:59:13> [TSimMgr_Client.LogEventRecv] <0031> CPID_UDP_PLATFORM_MOVE
<17 Jul 2026 11:59:13> [TSimMgr_Client.LogEventRecv] <0031> CPID_UDP_PLATFORM_MOVE
<17 Jul 2026 11:59:21> [TSimMgr_Client.LogEventRecv] <0031> CPID_UDP_PLATFORM_MOVE
<17 Jul 2026 11:59:21> [TSimMgr_Client.LogEventRecv] <0031> CPID_UDP_PLATFORM_MOVE
<17 Jul 2026 11:59:21> [TSimMgr_Client.LogEventRecv] <0031> CPID_UDP_PLATFORM_MOVE
<17 Jul 2026 11:59:21> [TSimMgr_Client.LogEventRecv] <0031> CPID_UDP_PLATFORM_MOVE
<17 Jul 2026 11:59:21> [TSimMgr_Client.LogEventRecv] <0031> CPID_UDP_PLATFORM_MOVE
<17 Jul 2026 11:59:21> [TSimMgr_Client.LogEventRecv] <0031> CPID_UDP_PLATFORM_MOVE
<17 Jul 2026 11:59:21> [TSimMgr_Client.LogEventRecv] <0031> CPID_UDP_PLATFORM_MOVE
<17 Jul 2026 11:59:21> [TSimMgr_Client.LogEventRecv] <0031> CPID_UDP_PLATFORM_MOVE
<17 Jul 2026 11:59:21> [TSimMgr_Client.LogEventRecv] <0031> CPID_UDP_PLATFORM_MOVE
<17 Jul 2026 11:59:29> [TSimMgr_Client.LogEventRecv] <0031> CPID_UDP_PLATFORM_MOVE
<17 Jul 2026 11:59:29> [TSimMgr_Client.LogEventRecv] <0031> CPID_UDP_PLATFORM_MOVE
<17 Jul 2026 11:59:29> [TSimMgr_Client.LogEventRecv] <0031> CPID_UDP_PLATFORM_MOVE
<17 Jul 2026 11:59:29> [TSimMgr_Client.LogEventRecv] <0031> CPID_UDP_PLATFORM_MOVE
<17 Jul 2026 11:59:29> [TSimMgr_Client.LogEventRecv] <0031> CPID_UDP_PLATFORM_MOVE
<17 Jul 2026 11:59:29> [TSimMgr_Client.LogEventRecv] <0031> CPID_UDP_PLATFORM_MOVE
<17 Jul 2026 11:59:29> [TSimMgr_Client.LogEventRecv] <0031> CPID_UDP_PLATFORM_MOVE
<17 Jul 2026 11:59:29> [TSimMgr_Client.LogEventRecv] <0031> CPID_UDP_PLATFORM_MOVE
<17 Jul 2026 11:59:29> [TSimMgr_Client.LogEventRecv] <0031> CPID_UDP_PLATFORM_MOVE
<17 Jul 2026 11:59:36> [TSimMgr_Client.LogEventRecv] <0031> CPID_UDP_PLATFORM_MOVE
<17 Jul 2026 11:59:36> [TSimMgr_Client.LogEventRecv] <0031> CPID_UDP_PLATFORM_MOVE
<17 Jul 2026 11:59:36> [TSimMgr_Client.LogEventRecv] <0031> CPID_UDP_PLATFORM_MOVE
<17 Jul 2026 11:59:36> [TSimMgr_Client.LogEventRecv] <0031> CPID_UDP_PLATFORM_MOVE
<17 Jul 2026 11:59:36> [TSimMgr_Client.LogEventRecv] <0031> CPID_UDP_PLATFORM_MOVE
<17 Jul 2026 11:59:36> [TSimMgr_Client.LogEventRecv] <0031> CPID_UDP_PLATFORM_MOVE
<17 Jul 2026 11:59:36> [TSimMgr_Client.LogEventRecv] <0031> CPID_UDP_PLATFORM_MOVE
<17 Jul 2026 11:59:37> [TSimMgr_Client.LogEventRecv] <0031> CPID_UDP_PLATFORM_MOVE
<17 Jul 2026 11:59:37> [TSimMgr_Client.LogEventRecv] <0031> CPID_UDP_PLATFORM_MOVE
<17 Jul 2026 11:59:45> [TSimMgr_Client.LogEventRecv] <0031> CPID_UDP_PLATFORM_MOVE
<17 Jul 2026 11:59:45> [TSimMgr_Client.LogEventRecv] <0031> CPID_UDP_PLATFORM_MOVE
<17 Jul 2026 11:59:45> [TSimMgr_Client.LogEventRecv] <0031> CPID_UDP_PLATFORM_MOVE
<17 Jul 2026 11:59:45> [TSimMgr_Client.LogEventRecv] <0031> CPID_UDP_PLATFORM_MOVE
<17 Jul 2026 11:59:45> [TSimMgr_Client.LogEventRecv] <0031> CPID_UDP_PLATFORM_MOVE
<17 Jul 2026 11:59:45> [TSimMgr_Client.LogEventRecv] <0031> CPID_UDP_PLATFORM_MOVE
<17 Jul 2026 11:59:45> [TSimMgr_Client.LogEventRecv] <0031> CPID_UDP_PLATFORM_MOVE
<17 Jul 2026 11:59:45> [TSimMgr_Client.LogEventRecv] <0031> CPID_UDP_PLATFORM_MOVE
<17 Jul 2026 11:59:45> [TSimMgr_Client.LogEventRecv] <0031> CPID_UDP_PLATFORM_MOVE
<17 Jul 2026 11:59:52> [TSimMgr_Client.LogEventRecv] <0031> CPID_UDP_PLATFORM_MOVE
<17 Jul 2026 11:59:52> [TSimMgr_Client.LogEventRecv] <0031> CPID_UDP_PLATFORM_MOVE
<17 Jul 2026 11:59:52> [TSimMgr_Client.LogEventRecv] <0031> CPID_UDP_PLATFORM_MOVE
<17 Jul 2026 11:59:52> [TSimMgr_Client.LogEventRecv] <0031> CPID_UDP_PLATFORM_MOVE
<17 Jul 2026 11:59:52> [TSimMgr_Client.LogEventRecv] <0031> CPID_UDP_PLATFORM_MOVE
<17 Jul 2026 11:59:52> [TSimMgr_Client.LogEventRecv] <0031> CPID_UDP_PLATFORM_MOVE
<17 Jul 2026 11:59:52> [TSimMgr_Client.LogEventRecv] <0031> CPID_UDP_PLATFORM_MOVE
<17 Jul 2026 11:59:52> [TSimMgr_Client.LogEventRecv] <0031> CPID_UDP_PLATFORM_MOVE
<17 Jul 2026 11:59:52> [TSimMgr_Client.LogEventRecv] <0031> CPID_UDP_PLATFORM_MOVE
<17 Jul 2026 12:00:01> [TSimMgr_Client.LogEventRecv] <0031> CPID_UDP_PLATFORM_MOVE
<17 Jul 2026 12:00:01> [TSimMgr_Client.LogEventRecv] <0031> CPID_UDP_PLATFORM_MOVE
<17 Jul 2026 12:00:01> [TSimMgr_Client.LogEventRecv] <0031> CPID_UDP_PLATFORM_MOVE
<17 Jul 2026 12:00:01> [TSimMgr_Client.LogEventRecv] <0031> CPID_UDP_PLATFORM_MOVE
<17 Jul 2026 12:00:01> [TSimMgr_Client.LogEventRecv] <0031> CPID_UDP_PLATFORM_MOVE
<17 Jul 2026 12:00:01> [TSimMgr_Client.LogEventRecv] <0031> CPID_UDP_PLATFORM_MOVE
<17 Jul 2026 12:00:01> [TSimMgr_Client.LogEventRecv] <0031> CPID_UDP_PLATFORM_MOVE
<17 Jul 2026 12:00:01> [TSimMgr_Client.LogEventRecv] <0031> CPID_UDP_PLATFORM_MOVE
<17 Jul 2026 12:00:01> [TSimMgr_Client.LogEventRecv] <0031> CPID_UDP_PLATFORM_MOVE
<17 Jul 2026 12:00:09> [TSimMgr_Client.LogEventRecv] <0031> CPID_UDP_PLATFORM_MOVE
<17 Jul 2026 12:00:09> [TSimMgr_Client.LogEventRecv] <0031> CPID_UDP_PLATFORM_MOVE
<17 Jul 2026 12:00:09> [TSimMgr_Client.LogEventRecv] <0031> CPID_UDP_PLATFORM_MOVE
<17 Jul 2026 12:00:09> [TSimMgr_Client.LogEventRecv] <0031> CPID_UDP_PLATFORM_MOVE
<17 Jul 2026 12:00:09> [TSimMgr_Client.LogEventRecv] <0031> CPID_UDP_PLATFORM_MOVE
<17 Jul 2026 12:00:09> [TSimMgr_Client.LogEventRecv] <0031> CPID_UDP_PLATFORM_MOVE
<17 Jul 2026 12:00:09> [TSimMgr_Client.LogEventRecv] <0031> CPID_UDP_PLATFORM_MOVE
<17 Jul 2026 12:00:09> [TSimMgr_Client.LogEventRecv] <0031> CPID_UDP_PLATFORM_MOVE
<17 Jul 2026 12:00:09> [TSimMgr_Client.LogEventRecv] <0031> CPID_UDP_PLATFORM_MOVE
<17 Jul 2026 12:00:17> [TSimMgr_Client.LogEventRecv] <0031> CPID_UDP_PLATFORM_MOVE
<17 Jul 2026 12:00:17> [TSimMgr_Client.LogEventRecv] <0031> CPID_UDP_PLATFORM_MOVE
<17 Jul 2026 12:00:17> [TSimMgr_Client.LogEventRecv] <0031> CPID_UDP_PLATFORM_MOVE
<17 Jul 2026 12:00:17> [TSimMgr_Client.LogEventRecv] <0031> CPID_UDP_PLATFORM_MOVE
<17 Jul 2026 12:00:17> [TSimMgr_Client.LogEventRecv] <0031> CPID_UDP_PLATFORM_MOVE
<17 Jul 2026 12:00:17> [TSimMgr_Client.LogEventRecv] <0031> CPID_UDP_PLATFORM_MOVE
<17 Jul 2026 12:00:17> [TSimMgr_Client.LogEventRecv] <0031> CPID_UDP_PLATFORM_MOVE
<17 Jul 2026 12:00:17> [TSimMgr_Client.LogEventRecv] <0031> CPID_UDP_PLATFORM_MOVE
<17 Jul 2026 12:00:17> [TSimMgr_Client.LogEventRecv] <0031> CPID_UDP_PLATFORM_MOVE
<17 Jul 2026 12:00:25> [TSimMgr_Client.LogEventRecv] <0031> CPID_UDP_PLATFORM_MOVE
<17 Jul 2026 12:00:25> [TSimMgr_Client.LogEventRecv] <0031> CPID_UDP_PLATFORM_MOVE
<17 Jul 2026 12:00:25> [TSimMgr_Client.LogEventRecv] <0031> CPID_UDP_PLATFORM_MOVE
<17 Jul 2026 12:00:25> [TSimMgr_Client.LogEventRecv] <0031> CPID_UDP_PLATFORM_MOVE
<17 Jul 2026 12:00:25> [TSimMgr_Client.LogEventRecv] <0031> CPID_UDP_PLATFORM_MOVE
<17 Jul 2026 12:00:25> [TSimMgr_Client.LogEventRecv] <0031> CPID_UDP_PLATFORM_MOVE
<17 Jul 2026 12:00:25> [TSimMgr_Client.LogEventRecv] <0031> CPID_UDP_PLATFORM_MOVE
<17 Jul 2026 12:00:25> [TSimMgr_Client.LogEventRecv] <0031> CPID_UDP_PLATFORM_MOVE
<17 Jul 2026 12:00:25> [TSimMgr_Client.LogEventRecv] <0031> CPID_UDP_PLATFORM_MOVE
<17 Jul 2026 12:00:33> [TSimMgr_Client.LogEventRecv] <0031> CPID_UDP_PLATFORM_MOVE
<17 Jul 2026 12:00:33> [TSimMgr_Client.LogEventRecv] <0031> CPID_UDP_PLATFORM_MOVE
<17 Jul 2026 12:00:33> [TSimMgr_Client.LogEventRecv] <0031> CPID_UDP_PLATFORM_MOVE
<17 Jul 2026 12:00:33> [TSimMgr_Client.LogEventRecv] <0031> CPID_UDP_PLATFORM_MOVE
<17 Jul 2026 12:00:33> [TSimMgr_Client.LogEventRecv] <0031> CPID_UDP_PLATFORM_MOVE
<17 Jul 2026 12:00:33> [TSimMgr_Client.LogEventRecv] <0031> CPID_UDP_PLATFORM_MOVE
<17 Jul 2026 12:00:33> [TSimMgr_Client.LogEventRecv] <0031> CPID_UDP_PLATFORM_MOVE
<17 Jul 2026 12:00:33> [TSimMgr_Client.LogEventRecv] <0031> CPID_UDP_PLATFORM_MOVE
<17 Jul 2026 12:00:33> [TSimMgr_Client.LogEventRecv] <0031> CPID_UDP_PLATFORM_MOVE
<17 Jul 2026 12:00:40> [TSimMgr_Client.LogEventRecv] <0031> CPID_UDP_PLATFORM_MOVE
<17 Jul 2026 12:00:40> [TSimMgr_Client.LogEventRecv] <0031> CPID_UDP_PLATFORM_MOVE
<17 Jul 2026 12:00:40> [TSimMgr_Client.LogEventRecv] <0031> CPID_UDP_PLATFORM_MOVE
<17 Jul 2026 12:00:40> [TSimMgr_Client.LogEventRecv] <0031> CPID_UDP_PLATFORM_MOVE
<17 Jul 2026 12:00:40> [TSimMgr_Client.LogEventRecv] <0031> CPID_UDP_PLATFORM_MOVE
<17 Jul 2026 12:00:40> [TSimMgr_Client.LogEventRecv] <0031> CPID_UDP_PLATFORM_MOVE
<17 Jul 2026 12:00:40> [TSimMgr_Client.LogEventRecv] <0031> CPID_UDP_PLATFORM_MOVE
<17 Jul 2026 12:00:40> [TSimMgr_Client.LogEventRecv] <0031> CPID_UDP_PLATFORM_MOVE
<17 Jul 2026 12:00:40> [TSimMgr_Client.LogEventRecv] <0031> CPID_UDP_PLATFORM_MOVE
<17 Jul 2026 12:00:49> [TSimMgr_Client.LogEventRecv] <0031> CPID_UDP_PLATFORM_MOVE
<17 Jul 2026 12:00:49> [TSimMgr_Client.LogEventRecv] <0031> CPID_UDP_PLATFORM_MOVE
<17 Jul 2026 12:00:49> [TSimMgr_Client.LogEventRecv] <0031> CPID_UDP_PLATFORM_MOVE
<17 Jul 2026 12:00:49> [TSimMgr_Client.LogEventRecv] <0031> CPID_UDP_PLATFORM_MOVE
<17 Jul 2026 12:00:49> [TSimMgr_Client.LogEventRecv] <0031> CPID_UDP_PLATFORM_MOVE
<17 Jul 2026 12:00:49> [TSimMgr_Client.LogEventRecv] <0031> CPID_UDP_PLATFORM_MOVE
<17 Jul 2026 12:00:49> [TSimMgr_Client.LogEventRecv] <0031> CPID_UDP_PLATFORM_MOVE
<17 Jul 2026 12:00:49> [TSimMgr_Client.LogEventRecv] <0031> CPID_UDP_PLATFORM_MOVE
<17 Jul 2026 12:00:49> [TSimMgr_Client.LogEventRecv] <0031> CPID_UDP_PLATFORM_MOVE
<17 Jul 2026 12:00:56> [TSimMgr_Client.LogEventRecv] <0031> CPID_UDP_PLATFORM_MOVE
<17 Jul 2026 12:00:56> [TSimMgr_Client.LogEventRecv] <0031> CPID_UDP_PLATFORM_MOVE
<17 Jul 2026 12:00:56> [TSimMgr_Client.LogEventRecv] <0031> CPID_UDP_PLATFORM_MOVE
<17 Jul 2026 12:00:56> [TSimMgr_Client.LogEventRecv] <0031> CPID_UDP_PLATFORM_MOVE
<17 Jul 2026 12:00:56> [TSimMgr_Client.LogEventRecv] <0031> CPID_UDP_PLATFORM_MOVE
<17 Jul 2026 12:00:56> [TSimMgr_Client.LogEventRecv] <0031> CPID_UDP_PLATFORM_MOVE
<17 Jul 2026 12:00:56> [TSimMgr_Client.LogEventRecv] <0031> CPID_UDP_PLATFORM_MOVE
<17 Jul 2026 12:00:56> [TSimMgr_Client.LogEventRecv] <0031> CPID_UDP_PLATFORM_MOVE
<17 Jul 2026 12:00:57> [TSimMgr_Client.LogEventRecv] <0031> CPID_UDP_PLATFORM_MOVE
<17 Jul 2026 12:01:05> [TSimMgr_Client.LogEventRecv] <0031> CPID_UDP_PLATFORM_MOVE
<17 Jul 2026 12:01:05> [TSimMgr_Client.LogEventRecv] <0031> CPID_UDP_PLATFORM_MOVE
<17 Jul 2026 12:01:05> [TSimMgr_Client.LogEventRecv] <0031> CPID_UDP_PLATFORM_MOVE
<17 Jul 2026 12:01:05> [TSimMgr_Client.LogEventRecv] <0031> CPID_UDP_PLATFORM_MOVE
<17 Jul 2026 12:01:05> [TSimMgr_Client.LogEventRecv] <0031> CPID_UDP_PLATFORM_MOVE
<17 Jul 2026 12:01:05> [TSimMgr_Client.LogEventRecv] <0031> CPID_UDP_PLATFORM_MOVE
<17 Jul 2026 12:01:05> [TSimMgr_Client.LogEventRecv] <0031> CPID_UDP_PLATFORM_MOVE
<17 Jul 2026 12:01:05> [TSimMgr_Client.LogEventRecv] <0031> CPID_UDP_PLATFORM_MOVE
<17 Jul 2026 12:01:05> [TSimMgr_Client.LogEventRecv] <0031> CPID_UDP_PLATFORM_MOVE
<17 Jul 2026 12:01:13> [TSimMgr_Client.LogEventRecv] <0031> CPID_UDP_PLATFORM_MOVE
<17 Jul 2026 12:01:13> [TSimMgr_Client.LogEventRecv] <0031> CPID_UDP_PLATFORM_MOVE
<17 Jul 2026 12:01:13> [TSimMgr_Client.LogEventRecv] <0031> CPID_UDP_PLATFORM_MOVE
<17 Jul 2026 12:01:13> [TSimMgr_Client.LogEventRecv] <0031> CPID_UDP_PLATFORM_MOVE
<17 Jul 2026 12:01:13> [TSimMgr_Client.LogEventRecv] <0031> CPID_UDP_PLATFORM_MOVE
<17 Jul 2026 12:01:13> [TSimMgr_Client.LogEventRecv] <0031> CPID_UDP_PLATFORM_MOVE
<17 Jul 2026 12:01:13> [TSimMgr_Client.LogEventRecv] <0031> CPID_UDP_PLATFORM_MOVE
<17 Jul 2026 12:01:13> [TSimMgr_Client.LogEventRecv] <0031> CPID_UDP_PLATFORM_MOVE
<17 Jul 2026 12:01:13> [TSimMgr_Client.LogEventRecv] <0031> CPID_UDP_PLATFORM_MOVE
<17 Jul 2026 12:01:21> [TSimMgr_Client.LogEventRecv] <0031> CPID_UDP_PLATFORM_MOVE
<17 Jul 2026 12:01:21> [TSimMgr_Client.LogEventRecv] <0031> CPID_UDP_PLATFORM_MOVE
<17 Jul 2026 12:01:21> [TSimMgr_Client.LogEventRecv] <0031> CPID_UDP_PLATFORM_MOVE
<17 Jul 2026 12:01:21> [TSimMgr_Client.LogEventRecv] <0031> CPID_UDP_PLATFORM_MOVE
<17 Jul 2026 12:01:21> [TSimMgr_Client.LogEventRecv] <0031> CPID_UDP_PLATFORM_MOVE
<17 Jul 2026 12:01:21> [TSimMgr_Client.LogEventRecv] <0031> CPID_UDP_PLATFORM_MOVE
<17 Jul 2026 12:01:21> [TSimMgr_Client.LogEventRecv] <0031> CPID_UDP_PLATFORM_MOVE
<17 Jul 2026 12:01:21> [TSimMgr_Client.LogEventRecv] <0031> CPID_UDP_PLATFORM_MOVE
<17 Jul 2026 12:01:21> [TSimMgr_Client.LogEventRecv] <0031> CPID_UDP_PLATFORM_MOVE
<17 Jul 2026 12:01:29> [TSimMgr_Client.LogEventRecv] <0031> CPID_UDP_PLATFORM_MOVE
<17 Jul 2026 12:01:29> [TSimMgr_Client.LogEventRecv] <0031> CPID_UDP_PLATFORM_MOVE
<17 Jul 2026 12:01:29> [TSimMgr_Client.LogEventRecv] <0031> CPID_UDP_PLATFORM_MOVE
<17 Jul 2026 12:01:29> [TSimMgr_Client.LogEventRecv] <0031> CPID_UDP_PLATFORM_MOVE
<17 Jul 2026 12:01:29> [TSimMgr_Client.LogEventRecv] <0031> CPID_UDP_PLATFORM_MOVE
<17 Jul 2026 12:01:29> [TSimMgr_Client.LogEventRecv] <0031> CPID_UDP_PLATFORM_MOVE
<17 Jul 2026 12:01:29> [TSimMgr_Client.LogEventRecv] <0031> CPID_UDP_PLATFORM_MOVE
<17 Jul 2026 12:01:29> [TSimMgr_Client.LogEventRecv] <0031> CPID_UDP_PLATFORM_MOVE
<17 Jul 2026 12:01:29> [TSimMgr_Client.LogEventRecv] <0031> CPID_UDP_PLATFORM_MOVE
<17 Jul 2026 12:01:37> [TSimMgr_Client.LogEventRecv] <0031> CPID_UDP_PLATFORM_MOVE
<17 Jul 2026 12:01:37> [TSimMgr_Client.LogEventRecv] <0031> CPID_UDP_PLATFORM_MOVE
<17 Jul 2026 12:01:37> [TSimMgr_Client.LogEventRecv] <0031> CPID_UDP_PLATFORM_MOVE
<17 Jul 2026 12:01:37> [TSimMgr_Client.LogEventRecv] <0031> CPID_UDP_PLATFORM_MOVE
<17 Jul 2026 12:01:37> [TSimMgr_Client.LogEventRecv] <0031> CPID_UDP_PLATFORM_MOVE
<17 Jul 2026 12:01:37> [TSimMgr_Client.LogEventRecv] <0031> CPID_UDP_PLATFORM_MOVE
<17 Jul 2026 12:01:37> [TSimMgr_Client.LogEventRecv] <0031> CPID_UDP_PLATFORM_MOVE
<17 Jul 2026 12:01:37> [TSimMgr_Client.LogEventRecv] <0031> CPID_UDP_PLATFORM_MOVE
<17 Jul 2026 12:01:37> [TSimMgr_Client.LogEventRecv] <0031> CPID_UDP_PLATFORM_MOVE
<17 Jul 2026 12:01:45> [TSimMgr_Client.LogEventRecv] <0031> CPID_UDP_PLATFORM_MOVE
<17 Jul 2026 12:01:45> [TSimMgr_Client.LogEventRecv] <0031> CPID_UDP_PLATFORM_MOVE
<17 Jul 2026 12:01:45> [TSimMgr_Client.LogEventRecv] <0031> CPID_UDP_PLATFORM_MOVE
<17 Jul 2026 12:01:45> [TSimMgr_Client.LogEventRecv] <0031> CPID_UDP_PLATFORM_MOVE
<17 Jul 2026 12:01:45> [TSimMgr_Client.LogEventRecv] <0031> CPID_UDP_PLATFORM_MOVE
<17 Jul 2026 12:01:45> [TSimMgr_Client.LogEventRecv] <0031> CPID_UDP_PLATFORM_MOVE
<17 Jul 2026 12:01:45> [TSimMgr_Client.LogEventRecv] <0031> CPID_UDP_PLATFORM_MOVE
<17 Jul 2026 12:01:45> [TSimMgr_Client.LogEventRecv] <0031> CPID_UDP_PLATFORM_MOVE
<17 Jul 2026 12:01:45> [TSimMgr_Client.LogEventRecv] <0031> CPID_UDP_PLATFORM_MOVE
<17 Jul 2026 12:01:53> [TSimMgr_Client.LogEventRecv] <0031> CPID_UDP_PLATFORM_MOVE
<17 Jul 2026 12:01:53> [TSimMgr_Client.LogEventRecv] <0031> CPID_UDP_PLATFORM_MOVE
<17 Jul 2026 12:01:53> [TSimMgr_Client.LogEventRecv] <0031> CPID_UDP_PLATFORM_MOVE
<17 Jul 2026 12:01:53> [TSimMgr_Client.LogEventRecv] <0031> CPID_UDP_PLATFORM_MOVE
<17 Jul 2026 12:01:53> [TSimMgr_Client.LogEventRecv] <0031> CPID_UDP_PLATFORM_MOVE
<17 Jul 2026 12:01:53> [TSimMgr_Client.LogEventRecv] <0031> CPID_UDP_PLATFORM_MOVE
<17 Jul 2026 12:01:53> [TSimMgr_Client.LogEventRecv] <0031> CPID_UDP_PLATFORM_MOVE
<17 Jul 2026 12:01:53> [TSimMgr_Client.LogEventRecv] <0031> CPID_UDP_PLATFORM_MOVE
<17 Jul 2026 12:01:53> [TSimMgr_Client.LogEventRecv] <0031> CPID_UDP_PLATFORM_MOVE
<17 Jul 2026 12:02:01> [TSimMgr_Client.LogEventRecv] <0031> CPID_UDP_PLATFORM_MOVE
<17 Jul 2026 12:02:01> [TSimMgr_Client.LogEventRecv] <0031> CPID_UDP_PLATFORM_MOVE
<17 Jul 2026 12:02:01> [TSimMgr_Client.LogEventRecv] <0031> CPID_UDP_PLATFORM_MOVE
<17 Jul 2026 12:02:01> [TSimMgr_Client.LogEventRecv] <0031> CPID_UDP_PLATFORM_MOVE
<17 Jul 2026 12:02:01> [TSimMgr_Client.LogEventRecv] <0031> CPID_UDP_PLATFORM_MOVE
<17 Jul 2026 12:02:01> [TSimMgr_Client.LogEventRecv] <0031> CPID_UDP_PLATFORM_MOVE
<17 Jul 2026 12:02:01> [TSimMgr_Client.LogEventRecv] <0031> CPID_UDP_PLATFORM_MOVE
<17 Jul 2026 12:02:01> [TSimMgr_Client.LogEventRecv] <0031> CPID_UDP_PLATFORM_MOVE
<17 Jul 2026 12:02:01> [TSimMgr_Client.LogEventRecv] <0031> CPID_UDP_PLATFORM_MOVE
<17 Jul 2026 12:02:08> [TSimMgr_Client.LogEventRecv] <0031> CPID_UDP_PLATFORM_MOVE
<17 Jul 2026 12:02:08> [TSimMgr_Client.LogEventRecv] <0031> CPID_UDP_PLATFORM_MOVE
<17 Jul 2026 12:02:08> [TSimMgr_Client.LogEventRecv] <0031> CPID_UDP_PLATFORM_MOVE
<17 Jul 2026 12:02:08> [TSimMgr_Client.LogEventRecv] <0031> CPID_UDP_PLATFORM_MOVE
<17 Jul 2026 12:02:08> [TSimMgr_Client.LogEventRecv] <0031> CPID_UDP_PLATFORM_MOVE
<17 Jul 2026 12:02:08> [TSimMgr_Client.LogEventRecv] <0031> CPID_UDP_PLATFORM_MOVE
<17 Jul 2026 12:02:08> [TSimMgr_Client.LogEventRecv] <0031> CPID_UDP_PLATFORM_MOVE
<17 Jul 2026 12:02:08> [TSimMgr_Client.LogEventRecv] <0031> CPID_UDP_PLATFORM_MOVE
<17 Jul 2026 12:02:08> [TSimMgr_Client.LogEventRecv] <0031> CPID_UDP_PLATFORM_MOVE
<17 Jul 2026 12:02:17> [TSimMgr_Client.LogEventRecv] <0031> CPID_UDP_PLATFORM_MOVE
<17 Jul 2026 12:02:17> [TSimMgr_Client.LogEventRecv] <0031> CPID_UDP_PLATFORM_MOVE
<17 Jul 2026 12:02:17> [TSimMgr_Client.LogEventRecv] <0031> CPID_UDP_PLATFORM_MOVE
<17 Jul 2026 12:02:17> [TSimMgr_Client.LogEventRecv] <0031> CPID_UDP_PLATFORM_MOVE
<17 Jul 2026 12:02:17> [TSimMgr_Client.LogEventRecv] <0031> CPID_UDP_PLATFORM_MOVE
<17 Jul 2026 12:02:17> [TSimMgr_Client.LogEventRecv] <0031> CPID_UDP_PLATFORM_MOVE
<17 Jul 2026 12:02:17> [TSimMgr_Client.LogEventRecv] <0031> CPID_UDP_PLATFORM_MOVE
<17 Jul 2026 12:02:17> [TSimMgr_Client.LogEventRecv] <0031> CPID_UDP_PLATFORM_MOVE
<17 Jul 2026 12:02:17> [TSimMgr_Client.LogEventRecv] <0031> CPID_UDP_PLATFORM_MOVE
<17 Jul 2026 12:02:24> [TSimMgr_Client.LogEventRecv] <0031> CPID_UDP_PLATFORM_MOVE
<17 Jul 2026 12:02:24> [TSimMgr_Client.LogEventRecv] <0031> CPID_UDP_PLATFORM_MOVE
<17 Jul 2026 12:02:24> [TSimMgr_Client.LogEventRecv] <0031> CPID_UDP_PLATFORM_MOVE
<17 Jul 2026 12:02:24> [TSimMgr_Client.LogEventRecv] <0031> CPID_UDP_PLATFORM_MOVE
<17 Jul 2026 12:02:24> [TSimMgr_Client.LogEventRecv] <0031> CPID_UDP_PLATFORM_MOVE
<17 Jul 2026 12:02:24> [TSimMgr_Client.LogEventRecv] <0031> CPID_UDP_PLATFORM_MOVE
<17 Jul 2026 12:02:24> [TSimMgr_Client.LogEventRecv] <0031> CPID_UDP_PLATFORM_MOVE
<17 Jul 2026 12:02:24> [TSimMgr_Client.LogEventRecv] <0031> CPID_UDP_PLATFORM_MOVE
<17 Jul 2026 12:02:24> [TSimMgr_Client.LogEventRecv] <0031> CPID_UDP_PLATFORM_MOVE
<17 Jul 2026 12:02:32> [TSimMgr_Client.LogEventRecv] <0031> CPID_UDP_PLATFORM_MOVE
<17 Jul 2026 12:02:32> [TSimMgr_Client.LogEventRecv] <0031> CPID_UDP_PLATFORM_MOVE
<17 Jul 2026 12:02:32> [TSimMgr_Client.LogEventRecv] <0031> CPID_UDP_PLATFORM_MOVE
<17 Jul 2026 12:02:32> [TSimMgr_Client.LogEventRecv] <0031> CPID_UDP_PLATFORM_MOVE
<17 Jul 2026 12:02:32> [TSimMgr_Client.LogEventRecv] <0031> CPID_UDP_PLATFORM_MOVE
<17 Jul 2026 12:02:32> [TSimMgr_Client.LogEventRecv] <0031> CPID_UDP_PLATFORM_MOVE
<17 Jul 2026 12:02:32> [TSimMgr_Client.LogEventRecv] <0031> CPID_UDP_PLATFORM_MOVE
<17 Jul 2026 12:02:32> [TSimMgr_Client.LogEventRecv] <0031> CPID_UDP_PLATFORM_MOVE
<17 Jul 2026 12:02:32> [TSimMgr_Client.LogEventRecv] <0031> CPID_UDP_PLATFORM_MOVE
<17 Jul 2026 12:02:41> [TSimMgr_Client.LogEventRecv] <0031> CPID_UDP_PLATFORM_MOVE
<17 Jul 2026 12:02:41> [TSimMgr_Client.LogEventRecv] <0031> CPID_UDP_PLATFORM_MOVE
<17 Jul 2026 12:02:41> [TSimMgr_Client.LogEventRecv] <0031> CPID_UDP_PLATFORM_MOVE
<17 Jul 2026 12:02:41> [TSimMgr_Client.LogEventRecv] <0031> CPID_UDP_PLATFORM_MOVE
<17 Jul 2026 12:02:41> [TSimMgr_Client.LogEventRecv] <0031> CPID_UDP_PLATFORM_MOVE
<17 Jul 2026 12:02:41> [TSimMgr_Client.LogEventRecv] <0031> CPID_UDP_PLATFORM_MOVE
<17 Jul 2026 12:02:41> [TSimMgr_Client.LogEventRecv] <0031> CPID_UDP_PLATFORM_MOVE
<17 Jul 2026 12:02:41> [TSimMgr_Client.LogEventRecv] <0031> CPID_UDP_PLATFORM_MOVE
<17 Jul 2026 12:02:41> [TSimMgr_Client.LogEventRecv] <0031> CPID_UDP_PLATFORM_MOVE
<17 Jul 2026 12:02:48> [TSimMgr_Client.LogEventRecv] <0031> CPID_UDP_PLATFORM_MOVE
<17 Jul 2026 12:02:48> [TSimMgr_Client.LogEventRecv] <0031> CPID_UDP_PLATFORM_MOVE
<17 Jul 2026 12:02:48> [TSimMgr_Client.LogEventRecv] <0031> CPID_UDP_PLATFORM_MOVE
<17 Jul 2026 12:02:48> [TSimMgr_Client.LogEventRecv] <0031> CPID_UDP_PLATFORM_MOVE
<17 Jul 2026 12:02:48> [TSimMgr_Client.LogEventRecv] <0031> CPID_UDP_PLATFORM_MOVE
<17 Jul 2026 12:02:48> [TSimMgr_Client.LogEventRecv] <0031> CPID_UDP_PLATFORM_MOVE
<17 Jul 2026 12:02:48> [TSimMgr_Client.LogEventRecv] <0031> CPID_UDP_PLATFORM_MOVE
<17 Jul 2026 12:02:48> [TSimMgr_Client.LogEventRecv] <0031> CPID_UDP_PLATFORM_MOVE
<17 Jul 2026 12:02:48> [TSimMgr_Client.LogEventRecv] <0031> CPID_UDP_PLATFORM_MOVE
<17 Jul 2026 12:02:57> [TSimMgr_Client.LogEventRecv] <0031> CPID_UDP_PLATFORM_MOVE
<17 Jul 2026 12:02:57> [TSimMgr_Client.LogEventRecv] <0031> CPID_UDP_PLATFORM_MOVE
<17 Jul 2026 12:02:57> [TSimMgr_Client.LogEventRecv] <0031> CPID_UDP_PLATFORM_MOVE
<17 Jul 2026 12:02:57> [TSimMgr_Client.LogEventRecv] <0031> CPID_UDP_PLATFORM_MOVE
<17 Jul 2026 12:02:57> [TSimMgr_Client.LogEventRecv] <0031> CPID_UDP_PLATFORM_MOVE
<17 Jul 2026 12:02:57> [TSimMgr_Client.LogEventRecv] <0031> CPID_UDP_PLATFORM_MOVE
<17 Jul 2026 12:02:57> [TSimMgr_Client.LogEventRecv] <0031> CPID_UDP_PLATFORM_MOVE
<17 Jul 2026 12:02:57> [TSimMgr_Client.LogEventRecv] <0031> CPID_UDP_PLATFORM_MOVE
<17 Jul 2026 12:02:57> [TSimMgr_Client.LogEventRecv] <0031> CPID_UDP_PLATFORM_MOVE
<17 Jul 2026 12:03:05> [TSimMgr_Client.LogEventRecv] <0031> CPID_UDP_PLATFORM_MOVE
<17 Jul 2026 12:03:05> [TSimMgr_Client.LogEventRecv] <0031> CPID_UDP_PLATFORM_MOVE
<17 Jul 2026 12:03:05> [TSimMgr_Client.LogEventRecv] <0031> CPID_UDP_PLATFORM_MOVE
<17 Jul 2026 12:03:05> [TSimMgr_Client.LogEventRecv] <0031> CPID_UDP_PLATFORM_MOVE
<17 Jul 2026 12:03:05> [TSimMgr_Client.LogEventRecv] <0031> CPID_UDP_PLATFORM_MOVE
<17 Jul 2026 12:03:05> [TSimMgr_Client.LogEventRecv] <0031> CPID_UDP_PLATFORM_MOVE
<17 Jul 2026 12:03:05> [TSimMgr_Client.LogEventRecv] <0031> CPID_UDP_PLATFORM_MOVE
<17 Jul 2026 12:03:05> [TSimMgr_Client.LogEventRecv] <0031> CPID_UDP_PLATFORM_MOVE
<17 Jul 2026 12:03:05> [TSimMgr_Client.LogEventRecv] <0031> CPID_UDP_PLATFORM_MOVE
<17 Jul 2026 12:03:13> [TSimMgr_Client.LogEventRecv] <0031> CPID_UDP_PLATFORM_MOVE
<17 Jul 2026 12:03:13> [TSimMgr_Client.LogEventRecv] <0031> CPID_UDP_PLATFORM_MOVE
<17 Jul 2026 12:03:13> [TSimMgr_Client.LogEventRecv] <0031> CPID_UDP_PLATFORM_MOVE
<17 Jul 2026 12:03:13> [TSimMgr_Client.LogEventRecv] <0031> CPID_UDP_PLATFORM_MOVE
<17 Jul 2026 12:03:13> [TSimMgr_Client.LogEventRecv] <0031> CPID_UDP_PLATFORM_MOVE
<17 Jul 2026 12:03:13> [TSimMgr_Client.LogEventRecv] <0031> CPID_UDP_PLATFORM_MOVE
<17 Jul 2026 12:03:13> [TSimMgr_Client.LogEventRecv] <0031> CPID_UDP_PLATFORM_MOVE
<17 Jul 2026 12:03:13> [TSimMgr_Client.LogEventRecv] <0031> CPID_UDP_PLATFORM_MOVE
<17 Jul 2026 12:03:13> [TSimMgr_Client.LogEventRecv] <0031> CPID_UDP_PLATFORM_MOVE
<17 Jul 2026 12:03:21> [TSimMgr_Client.LogEventRecv] <0031> CPID_UDP_PLATFORM_MOVE
<17 Jul 2026 12:03:21> [TSimMgr_Client.LogEventRecv] <0031> CPID_UDP_PLATFORM_MOVE
<17 Jul 2026 12:03:21> [TSimMgr_Client.LogEventRecv] <0031> CPID_UDP_PLATFORM_MOVE
<17 Jul 2026 12:03:21> [TSimMgr_Client.LogEventRecv] <0031> CPID_UDP_PLATFORM_MOVE
<17 Jul 2026 12:03:21> [TSimMgr_Client.LogEventRecv] <0031> CPID_UDP_PLATFORM_MOVE
<17 Jul 2026 12:03:21> [TSimMgr_Client.LogEventRecv] <0031> CPID_UDP_PLATFORM_MOVE
<17 Jul 2026 12:03:21> [TSimMgr_Client.LogEventRecv] <0031> CPID_UDP_PLATFORM_MOVE
<17 Jul 2026 12:03:21> [TSimMgr_Client.LogEventRecv] <0031> CPID_UDP_PLATFORM_MOVE
<17 Jul 2026 12:03:21> [TSimMgr_Client.LogEventRecv] <0031> CPID_UDP_PLATFORM_MOVE
<17 Jul 2026 12:03:28> [TSimMgr_Client.LogEventRecv] <0031> CPID_UDP_PLATFORM_MOVE
<17 Jul 2026 12:03:28> [TSimMgr_Client.LogEventRecv] <0031> CPID_UDP_PLATFORM_MOVE
<17 Jul 2026 12:03:28> [TSimMgr_Client.LogEventRecv] <0031> CPID_UDP_PLATFORM_MOVE
<17 Jul 2026 12:03:28> [TSimMgr_Client.LogEventRecv] <0031> CPID_UDP_PLATFORM_MOVE
<17 Jul 2026 12:03:28> [TSimMgr_Client.LogEventRecv] <0031> CPID_UDP_PLATFORM_MOVE
<17 Jul 2026 12:03:28> [TSimMgr_Client.LogEventRecv] <0031> CPID_UDP_PLATFORM_MOVE
<17 Jul 2026 12:03:28> [TSimMgr_Client.LogEventRecv] <0031> CPID_UDP_PLATFORM_MOVE
<17 Jul 2026 12:03:28> [TSimMgr_Client.LogEventRecv] <0031> CPID_UDP_PLATFORM_MOVE
<17 Jul 2026 12:03:28> [TSimMgr_Client.LogEventRecv] <0031> CPID_UDP_PLATFORM_MOVE
<17 Jul 2026 12:03:37> [TSimMgr_Client.LogEventRecv] <0031> CPID_UDP_PLATFORM_MOVE
<17 Jul 2026 12:03:37> [TSimMgr_Client.LogEventRecv] <0031> CPID_UDP_PLATFORM_MOVE
<17 Jul 2026 12:03:37> [TSimMgr_Client.LogEventRecv] <0031> CPID_UDP_PLATFORM_MOVE
<17 Jul 2026 12:03:37> [TSimMgr_Client.LogEventRecv] <0031> CPID_UDP_PLATFORM_MOVE
<17 Jul 2026 12:03:37> [TSimMgr_Client.LogEventRecv] <0031> CPID_UDP_PLATFORM_MOVE
<17 Jul 2026 12:03:37> [TSimMgr_Client.LogEventRecv] <0031> CPID_UDP_PLATFORM_MOVE
<17 Jul 2026 12:03:37> [TSimMgr_Client.LogEventRecv] <0031> CPID_UDP_PLATFORM_MOVE
<17 Jul 2026 12:03:37> [TSimMgr_Client.LogEventRecv] <0031> CPID_UDP_PLATFORM_MOVE
<17 Jul 2026 12:03:37> [TSimMgr_Client.LogEventRecv] <0031> CPID_UDP_PLATFORM_MOVE
<17 Jul 2026 12:03:45> [TSimMgr_Client.LogEventRecv] <0031> CPID_UDP_PLATFORM_MOVE
<17 Jul 2026 12:03:45> [TSimMgr_Client.LogEventRecv] <0031> CPID_UDP_PLATFORM_MOVE
<17 Jul 2026 12:03:45> [TSimMgr_Client.LogEventRecv] <0031> CPID_UDP_PLATFORM_MOVE
<17 Jul 2026 12:03:45> [TSimMgr_Client.LogEventRecv] <0031> CPID_UDP_PLATFORM_MOVE
<17 Jul 2026 12:03:45> [TSimMgr_Client.LogEventRecv] <0031> CPID_UDP_PLATFORM_MOVE
<17 Jul 2026 12:03:45> [TSimMgr_Client.LogEventRecv] <0031> CPID_UDP_PLATFORM_MOVE
<17 Jul 2026 12:03:45> [TSimMgr_Client.LogEventRecv] <0031> CPID_UDP_PLATFORM_MOVE
<17 Jul 2026 12:03:45> [TSimMgr_Client.LogEventRecv] <0031> CPID_UDP_PLATFORM_MOVE
<17 Jul 2026 12:03:45> [TSimMgr_Client.LogEventRecv] <0031> CPID_UDP_PLATFORM_MOVE
<17 Jul 2026 12:03:53> [TSimMgr_Client.LogEventRecv] <0031> CPID_UDP_PLATFORM_MOVE
<17 Jul 2026 12:03:53> [TSimMgr_Client.LogEventRecv] <0031> CPID_UDP_PLATFORM_MOVE
<17 Jul 2026 12:03:53> [TSimMgr_Client.LogEventRecv] <0031> CPID_UDP_PLATFORM_MOVE
<17 Jul 2026 12:03:53> [TSimMgr_Client.LogEventRecv] <0031> CPID_UDP_PLATFORM_MOVE
<17 Jul 2026 12:03:53> [TSimMgr_Client.LogEventRecv] <0031> CPID_UDP_PLATFORM_MOVE
<17 Jul 2026 12:03:53> [TSimMgr_Client.LogEventRecv] <0031> CPID_UDP_PLATFORM_MOVE
<17 Jul 2026 12:03:53> [TSimMgr_Client.LogEventRecv] <0031> CPID_UDP_PLATFORM_MOVE
<17 Jul 2026 12:03:53> [TSimMgr_Client.LogEventRecv] <0031> CPID_UDP_PLATFORM_MOVE
<17 Jul 2026 12:03:53> [TSimMgr_Client.LogEventRecv] <0031> CPID_UDP_PLATFORM_MOVE
<17 Jul 2026 12:04:01> [TSimMgr_Client.LogEventRecv] <0031> CPID_UDP_PLATFORM_MOVE
<17 Jul 2026 12:04:01> [TSimMgr_Client.LogEventRecv] <0031> CPID_UDP_PLATFORM_MOVE
<17 Jul 2026 12:04:01> [TSimMgr_Client.LogEventRecv] <0031> CPID_UDP_PLATFORM_MOVE
<17 Jul 2026 12:04:01> [TSimMgr_Client.LogEventRecv] <0031> CPID_UDP_PLATFORM_MOVE
<17 Jul 2026 12:04:01> [TSimMgr_Client.LogEventRecv] <0031> CPID_UDP_PLATFORM_MOVE
<17 Jul 2026 12:04:01> [TSimMgr_Client.LogEventRecv] <0031> CPID_UDP_PLATFORM_MOVE
<17 Jul 2026 12:04:01> [TSimMgr_Client.LogEventRecv] <0031> CPID_UDP_PLATFORM_MOVE
<17 Jul 2026 12:04:01> [TSimMgr_Client.LogEventRecv] <0031> CPID_UDP_PLATFORM_MOVE
<17 Jul 2026 12:04:01> [TSimMgr_Client.LogEventRecv] <0031> CPID_UDP_PLATFORM_MOVE
<17 Jul 2026 12:04:08> [TSimMgr_Client.LogEventRecv] <0031> CPID_UDP_PLATFORM_MOVE
<17 Jul 2026 12:04:08> [TSimMgr_Client.LogEventRecv] <0031> CPID_UDP_PLATFORM_MOVE
<17 Jul 2026 12:04:08> [TSimMgr_Client.LogEventRecv] <0031> CPID_UDP_PLATFORM_MOVE
<17 Jul 2026 12:04:08> [TSimMgr_Client.LogEventRecv] <0031> CPID_UDP_PLATFORM_MOVE
<17 Jul 2026 12:04:08> [TSimMgr_Client.LogEventRecv] <0031> CPID_UDP_PLATFORM_MOVE
<17 Jul 2026 12:04:08> [TSimMgr_Client.LogEventRecv] <0031> CPID_UDP_PLATFORM_MOVE
<17 Jul 2026 12:04:08> [TSimMgr_Client.LogEventRecv] <0031> CPID_UDP_PLATFORM_MOVE
<17 Jul 2026 12:04:08> [TSimMgr_Client.LogEventRecv] <0031> CPID_UDP_PLATFORM_MOVE
<17 Jul 2026 12:04:08> [TSimMgr_Client.LogEventRecv] <0031> CPID_UDP_PLATFORM_MOVE
<17 Jul 2026 12:04:17> [TSimMgr_Client.LogEventRecv] <0031> CPID_UDP_PLATFORM_MOVE
<17 Jul 2026 12:04:17> [TSimMgr_Client.LogEventRecv] <0031> CPID_UDP_PLATFORM_MOVE
<17 Jul 2026 12:04:17> [TSimMgr_Client.LogEventRecv] <0031> CPID_UDP_PLATFORM_MOVE
<17 Jul 2026 12:04:17> [TSimMgr_Client.LogEventRecv] <0031> CPID_UDP_PLATFORM_MOVE
<17 Jul 2026 12:04:17> [TSimMgr_Client.LogEventRecv] <0031> CPID_UDP_PLATFORM_MOVE
<17 Jul 2026 12:04:17> [TSimMgr_Client.LogEventRecv] <0031> CPID_UDP_PLATFORM_MOVE
<17 Jul 2026 12:04:17> [TSimMgr_Client.LogEventRecv] <0031> CPID_UDP_PLATFORM_MOVE
<17 Jul 2026 12:04:17> [TSimMgr_Client.LogEventRecv] <0031> CPID_UDP_PLATFORM_MOVE
<17 Jul 2026 12:04:17> [TSimMgr_Client.LogEventRecv] <0031> CPID_UDP_PLATFORM_MOVE
<17 Jul 2026 12:04:24> [TSimMgr_Client.LogEventRecv] <0031> CPID_UDP_PLATFORM_MOVE
<17 Jul 2026 12:04:24> [TSimMgr_Client.LogEventRecv] <0031> CPID_UDP_PLATFORM_MOVE
<17 Jul 2026 12:04:24> [TSimMgr_Client.LogEventRecv] <0031> CPID_UDP_PLATFORM_MOVE
<17 Jul 2026 12:04:24> [TSimMgr_Client.LogEventRecv] <0031> CPID_UDP_PLATFORM_MOVE
<17 Jul 2026 12:04:24> [TSimMgr_Client.LogEventRecv] <0031> CPID_UDP_PLATFORM_MOVE
<17 Jul 2026 12:04:24> [TSimMgr_Client.LogEventRecv] <0031> CPID_UDP_PLATFORM_MOVE
<17 Jul 2026 12:04:24> [TSimMgr_Client.LogEventRecv] <0031> CPID_UDP_PLATFORM_MOVE
<17 Jul 2026 12:04:24> [TSimMgr_Client.LogEventRecv] <0031> CPID_UDP_PLATFORM_MOVE
<17 Jul 2026 12:04:24> [TSimMgr_Client.LogEventRecv] <0031> CPID_UDP_PLATFORM_MOVE
<17 Jul 2026 12:04:33> [TSimMgr_Client.LogEventRecv] <0031> CPID_UDP_PLATFORM_MOVE
<17 Jul 2026 12:04:33> [TSimMgr_Client.LogEventRecv] <0031> CPID_UDP_PLATFORM_MOVE
<17 Jul 2026 12:04:33> [TSimMgr_Client.LogEventRecv] <0031> CPID_UDP_PLATFORM_MOVE
<17 Jul 2026 12:04:33> [TSimMgr_Client.LogEventRecv] <0031> CPID_UDP_PLATFORM_MOVE
<17 Jul 2026 12:04:33> [TSimMgr_Client.LogEventRecv] <0031> CPID_UDP_PLATFORM_MOVE
<17 Jul 2026 12:04:33> [TSimMgr_Client.LogEventRecv] <0031> CPID_UDP_PLATFORM_MOVE
<17 Jul 2026 12:04:33> [TSimMgr_Client.LogEventRecv] <0031> CPID_UDP_PLATFORM_MOVE
<17 Jul 2026 12:04:33> [TSimMgr_Client.LogEventRecv] <0031> CPID_UDP_PLATFORM_MOVE
<17 Jul 2026 12:04:33> [TSimMgr_Client.LogEventRecv] <0031> CPID_UDP_PLATFORM_MOVE
<17 Jul 2026 12:04:41> [TSimMgr_Client.LogEventRecv] <0031> CPID_UDP_PLATFORM_MOVE
<17 Jul 2026 12:04:41> [TSimMgr_Client.LogEventRecv] <0031> CPID_UDP_PLATFORM_MOVE
<17 Jul 2026 12:04:41> [TSimMgr_Client.LogEventRecv] <0031> CPID_UDP_PLATFORM_MOVE
<17 Jul 2026 12:04:41> [TSimMgr_Client.LogEventRecv] <0031> CPID_UDP_PLATFORM_MOVE
<17 Jul 2026 12:04:41> [TSimMgr_Client.LogEventRecv] <0031> CPID_UDP_PLATFORM_MOVE
<17 Jul 2026 12:04:41> [TSimMgr_Client.LogEventRecv] <0031> CPID_UDP_PLATFORM_MOVE
<17 Jul 2026 12:04:41> [TSimMgr_Client.LogEventRecv] <0031> CPID_UDP_PLATFORM_MOVE
<17 Jul 2026 12:04:41> [TSimMgr_Client.LogEventRecv] <0031> CPID_UDP_PLATFORM_MOVE
<17 Jul 2026 12:04:41> [TSimMgr_Client.LogEventRecv] <0031> CPID_UDP_PLATFORM_MOVE
<17 Jul 2026 12:04:49> [TSimMgr_Client.LogEventRecv] <0031> CPID_UDP_PLATFORM_MOVE
<17 Jul 2026 12:04:49> [TSimMgr_Client.LogEventRecv] <0031> CPID_UDP_PLATFORM_MOVE
<17 Jul 2026 12:04:49> [TSimMgr_Client.LogEventRecv] <0031> CPID_UDP_PLATFORM_MOVE
<17 Jul 2026 12:04:49> [TSimMgr_Client.LogEventRecv] <0031> CPID_UDP_PLATFORM_MOVE
<17 Jul 2026 12:04:49> [TSimMgr_Client.LogEventRecv] <0031> CPID_UDP_PLATFORM_MOVE
<17 Jul 2026 12:04:49> [TSimMgr_Client.LogEventRecv] <0031> CPID_UDP_PLATFORM_MOVE
<17 Jul 2026 12:04:49> [TSimMgr_Client.LogEventRecv] <0031> CPID_UDP_PLATFORM_MOVE
<17 Jul 2026 12:04:49> [TSimMgr_Client.LogEventRecv] <0031> CPID_UDP_PLATFORM_MOVE
<17 Jul 2026 12:04:49> [TSimMgr_Client.LogEventRecv] <0031> CPID_UDP_PLATFORM_MOVE
<17 Jul 2026 12:04:56> [TSimMgr_Client.LogEventRecv] <0031> CPID_UDP_PLATFORM_MOVE
<17 Jul 2026 12:04:56> [TSimMgr_Client.LogEventRecv] <0031> CPID_UDP_PLATFORM_MOVE
<17 Jul 2026 12:04:56> [TSimMgr_Client.LogEventRecv] <0031> CPID_UDP_PLATFORM_MOVE
<17 Jul 2026 12:04:56> [TSimMgr_Client.LogEventRecv] <0031> CPID_UDP_PLATFORM_MOVE
<17 Jul 2026 12:04:56> [TSimMgr_Client.LogEventRecv] <0031> CPID_UDP_PLATFORM_MOVE
<17 Jul 2026 12:04:56> [TSimMgr_Client.LogEventRecv] <0031> CPID_UDP_PLATFORM_MOVE
<17 Jul 2026 12:04:56> [TSimMgr_Client.LogEventRecv] <0031> CPID_UDP_PLATFORM_MOVE
<17 Jul 2026 12:04:56> [TSimMgr_Client.LogEventRecv] <0031> CPID_UDP_PLATFORM_MOVE
<17 Jul 2026 12:04:56> [TSimMgr_Client.LogEventRecv] <0031> CPID_UDP_PLATFORM_MOVE
<17 Jul 2026 12:05:05> [TSimMgr_Client.LogEventRecv] <0031> CPID_UDP_PLATFORM_MOVE
<17 Jul 2026 12:05:05> [TSimMgr_Client.LogEventRecv] <0031> CPID_UDP_PLATFORM_MOVE
<17 Jul 2026 12:05:05> [TSimMgr_Client.LogEventRecv] <0031> CPID_UDP_PLATFORM_MOVE
<17 Jul 2026 12:05:05> [TSimMgr_Client.LogEventRecv] <0031> CPID_UDP_PLATFORM_MOVE
<17 Jul 2026 12:05:05> [TSimMgr_Client.LogEventRecv] <0031> CPID_UDP_PLATFORM_MOVE
<17 Jul 2026 12:05:05> [TSimMgr_Client.LogEventRecv] <0031> CPID_UDP_PLATFORM_MOVE
<17 Jul 2026 12:05:05> [TSimMgr_Client.LogEventRecv] <0031> CPID_UDP_PLATFORM_MOVE
<17 Jul 2026 12:05:05> [TSimMgr_Client.LogEventRecv] <0031> CPID_UDP_PLATFORM_MOVE
<17 Jul 2026 12:05:05> [TSimMgr_Client.LogEventRecv] <0031> CPID_UDP_PLATFORM_MOVE
<17 Jul 2026 12:05:12> [TSimMgr_Client.LogEventRecv] <0031> CPID_UDP_PLATFORM_MOVE
<17 Jul 2026 12:05:12> [TSimMgr_Client.LogEventRecv] <0031> CPID_UDP_PLATFORM_MOVE
<17 Jul 2026 12:05:12> [TSimMgr_Client.LogEventRecv] <0031> CPID_UDP_PLATFORM_MOVE
<17 Jul 2026 12:05:12> [TSimMgr_Client.LogEventRecv] <0031> CPID_UDP_PLATFORM_MOVE
<17 Jul 2026 12:05:12> [TSimMgr_Client.LogEventRecv] <0031> CPID_UDP_PLATFORM_MOVE
<17 Jul 2026 12:05:12> [TSimMgr_Client.LogEventRecv] <0031> CPID_UDP_PLATFORM_MOVE
<17 Jul 2026 12:05:12> [TSimMgr_Client.LogEventRecv] <0031> CPID_UDP_PLATFORM_MOVE
<17 Jul 2026 12:05:12> [TSimMgr_Client.LogEventRecv] <0031> CPID_UDP_PLATFORM_MOVE
<17 Jul 2026 12:05:12> [TSimMgr_Client.LogEventRecv] <0031> CPID_UDP_PLATFORM_MOVE
<17 Jul 2026 12:05:21> [TSimMgr_Client.LogEventRecv] <0031> CPID_UDP_PLATFORM_MOVE
<17 Jul 2026 12:05:21> [TSimMgr_Client.LogEventRecv] <0031> CPID_UDP_PLATFORM_MOVE
<17 Jul 2026 12:05:21> [TSimMgr_Client.LogEventRecv] <0031> CPID_UDP_PLATFORM_MOVE
<17 Jul 2026 12:05:21> [TSimMgr_Client.LogEventRecv] <0031> CPID_UDP_PLATFORM_MOVE
<17 Jul 2026 12:05:21> [TSimMgr_Client.LogEventRecv] <0031> CPID_UDP_PLATFORM_MOVE
<17 Jul 2026 12:05:21> [TSimMgr_Client.LogEventRecv] <0031> CPID_UDP_PLATFORM_MOVE
<17 Jul 2026 12:05:21> [TSimMgr_Client.LogEventRecv] <0031> CPID_UDP_PLATFORM_MOVE
<17 Jul 2026 12:05:21> [TSimMgr_Client.LogEventRecv] <0031> CPID_UDP_PLATFORM_MOVE
<17 Jul 2026 12:05:21> [TSimMgr_Client.LogEventRecv] <0031> CPID_UDP_PLATFORM_MOVE
<17 Jul 2026 12:05:28> [TSimMgr_Client.LogEventRecv] <0031> CPID_UDP_PLATFORM_MOVE
<17 Jul 2026 12:05:28> [TSimMgr_Client.LogEventRecv] <0031> CPID_UDP_PLATFORM_MOVE
<17 Jul 2026 12:05:28> [TSimMgr_Client.LogEventRecv] <0031> CPID_UDP_PLATFORM_MOVE
<17 Jul 2026 12:05:28> [TSimMgr_Client.LogEventRecv] <0031> CPID_UDP_PLATFORM_MOVE
<17 Jul 2026 12:05:28> [TSimMgr_Client.LogEventRecv] <0031> CPID_UDP_PLATFORM_MOVE
<17 Jul 2026 12:05:28> [TSimMgr_Client.LogEventRecv] <0031> CPID_UDP_PLATFORM_MOVE
<17 Jul 2026 12:05:28> [TSimMgr_Client.LogEventRecv] <0031> CPID_UDP_PLATFORM_MOVE
<17 Jul 2026 12:05:28> [TSimMgr_Client.LogEventRecv] <0031> CPID_UDP_PLATFORM_MOVE
<17 Jul 2026 12:05:28> [TSimMgr_Client.LogEventRecv] <0031> CPID_UDP_PLATFORM_MOVE
<17 Jul 2026 12:05:37> [TSimMgr_Client.LogEventRecv] <0031> CPID_UDP_PLATFORM_MOVE
<17 Jul 2026 12:05:37> [TSimMgr_Client.LogEventRecv] <0031> CPID_UDP_PLATFORM_MOVE
<17 Jul 2026 12:05:37> [TSimMgr_Client.LogEventRecv] <0031> CPID_UDP_PLATFORM_MOVE
<17 Jul 2026 12:05:37> [TSimMgr_Client.LogEventRecv] <0031> CPID_UDP_PLATFORM_MOVE
<17 Jul 2026 12:05:37> [TSimMgr_Client.LogEventRecv] <0031> CPID_UDP_PLATFORM_MOVE
<17 Jul 2026 12:05:37> [TSimMgr_Client.LogEventRecv] <0031> CPID_UDP_PLATFORM_MOVE
<17 Jul 2026 12:05:37> [TSimMgr_Client.LogEventRecv] <0031> CPID_UDP_PLATFORM_MOVE
<17 Jul 2026 12:05:37> [TSimMgr_Client.LogEventRecv] <0031> CPID_UDP_PLATFORM_MOVE
<17 Jul 2026 12:05:37> [TSimMgr_Client.LogEventRecv] <0031> CPID_UDP_PLATFORM_MOVE
<17 Jul 2026 12:05:45> [TSimMgr_Client.LogEventRecv] <0031> CPID_UDP_PLATFORM_MOVE
<17 Jul 2026 12:05:45> [TSimMgr_Client.LogEventRecv] <0031> CPID_UDP_PLATFORM_MOVE
<17 Jul 2026 12:05:45> [TSimMgr_Client.LogEventRecv] <0031> CPID_UDP_PLATFORM_MOVE
<17 Jul 2026 12:05:45> [TSimMgr_Client.LogEventRecv] <0031> CPID_UDP_PLATFORM_MOVE
<17 Jul 2026 12:05:45> [TSimMgr_Client.LogEventRecv] <0031> CPID_UDP_PLATFORM_MOVE
<17 Jul 2026 12:05:45> [TSimMgr_Client.LogEventRecv] <0031> CPID_UDP_PLATFORM_MOVE
<17 Jul 2026 12:05:45> [TSimMgr_Client.LogEventRecv] <0031> CPID_UDP_PLATFORM_MOVE
<17 Jul 2026 12:05:45> [TSimMgr_Client.LogEventRecv] <0031> CPID_UDP_PLATFORM_MOVE
<17 Jul 2026 12:05:45> [TSimMgr_Client.LogEventRecv] <0031> CPID_UDP_PLATFORM_MOVE
<17 Jul 2026 12:05:53> [TSimMgr_Client.LogEventRecv] <0031> CPID_UDP_PLATFORM_MOVE
<17 Jul 2026 12:05:53> [TSimMgr_Client.LogEventRecv] <0031> CPID_UDP_PLATFORM_MOVE
<17 Jul 2026 12:05:53> [TSimMgr_Client.LogEventRecv] <0031> CPID_UDP_PLATFORM_MOVE
<17 Jul 2026 12:05:53> [TSimMgr_Client.LogEventRecv] <0031> CPID_UDP_PLATFORM_MOVE
<17 Jul 2026 12:05:53> [TSimMgr_Client.LogEventRecv] <0031> CPID_UDP_PLATFORM_MOVE
<17 Jul 2026 12:05:53> [TSimMgr_Client.LogEventRecv] <0031> CPID_UDP_PLATFORM_MOVE
<17 Jul 2026 12:05:53> [TSimMgr_Client.LogEventRecv] <0031> CPID_UDP_PLATFORM_MOVE
<17 Jul 2026 12:05:53> [TSimMgr_Client.LogEventRecv] <0031> CPID_UDP_PLATFORM_MOVE
<17 Jul 2026 12:05:53> [TSimMgr_Client.LogEventRecv] <0031> CPID_UDP_PLATFORM_MOVE
<17 Jul 2026 12:06:00> [TSimMgr_Client.LogEventRecv] <0031> CPID_UDP_PLATFORM_MOVE
<17 Jul 2026 12:06:00> [TSimMgr_Client.LogEventRecv] <0031> CPID_UDP_PLATFORM_MOVE
<17 Jul 2026 12:06:00> [TSimMgr_Client.LogEventRecv] <0031> CPID_UDP_PLATFORM_MOVE
<17 Jul 2026 12:06:00> [TSimMgr_Client.LogEventRecv] <0031> CPID_UDP_PLATFORM_MOVE
<17 Jul 2026 12:06:00> [TSimMgr_Client.LogEventRecv] <0031> CPID_UDP_PLATFORM_MOVE
<17 Jul 2026 12:06:00> [TSimMgr_Client.LogEventRecv] <0031> CPID_UDP_PLATFORM_MOVE
<17 Jul 2026 12:06:00> [TSimMgr_Client.LogEventRecv] <0031> CPID_UDP_PLATFORM_MOVE
<17 Jul 2026 12:06:00> [TSimMgr_Client.LogEventRecv] <0031> CPID_UDP_PLATFORM_MOVE
<17 Jul 2026 12:06:00> [TSimMgr_Client.LogEventRecv] <0031> CPID_UDP_PLATFORM_MOVE
<17 Jul 2026 12:06:08> [TSimMgr_Client.LogEventRecv] <0031> CPID_UDP_PLATFORM_MOVE
<17 Jul 2026 12:06:08> [TSimMgr_Client.LogEventRecv] <0031> CPID_UDP_PLATFORM_MOVE
<17 Jul 2026 12:06:08> [TSimMgr_Client.LogEventRecv] <0031> CPID_UDP_PLATFORM_MOVE
<17 Jul 2026 12:06:08> [TSimMgr_Client.LogEventRecv] <0031> CPID_UDP_PLATFORM_MOVE
<17 Jul 2026 12:06:08> [TSimMgr_Client.LogEventRecv] <0031> CPID_UDP_PLATFORM_MOVE
<17 Jul 2026 12:06:08> [TSimMgr_Client.LogEventRecv] <0031> CPID_UDP_PLATFORM_MOVE
<17 Jul 2026 12:06:08> [TSimMgr_Client.LogEventRecv] <0031> CPID_UDP_PLATFORM_MOVE
<17 Jul 2026 12:06:08> [TSimMgr_Client.LogEventRecv] <0031> CPID_UDP_PLATFORM_MOVE
<17 Jul 2026 12:06:08> [TSimMgr_Client.LogEventRecv] <0031> CPID_UDP_PLATFORM_MOVE
<17 Jul 2026 12:06:17> [TSimMgr_Client.LogEventRecv] <0031> CPID_UDP_PLATFORM_MOVE
<17 Jul 2026 12:06:17> [TSimMgr_Client.LogEventRecv] <0031> CPID_UDP_PLATFORM_MOVE
<17 Jul 2026 12:06:17> [TSimMgr_Client.LogEventRecv] <0031> CPID_UDP_PLATFORM_MOVE
<17 Jul 2026 12:06:17> [TSimMgr_Client.LogEventRecv] <0031> CPID_UDP_PLATFORM_MOVE
<17 Jul 2026 12:06:17> [TSimMgr_Client.LogEventRecv] <0031> CPID_UDP_PLATFORM_MOVE
<17 Jul 2026 12:06:17> [TSimMgr_Client.LogEventRecv] <0031> CPID_UDP_PLATFORM_MOVE
<17 Jul 2026 12:06:17> [TSimMgr_Client.LogEventRecv] <0031> CPID_UDP_PLATFORM_MOVE
<17 Jul 2026 12:06:17> [TSimMgr_Client.LogEventRecv] <0031> CPID_UDP_PLATFORM_MOVE
<17 Jul 2026 12:06:17> [TSimMgr_Client.LogEventRecv] <0031> CPID_UDP_PLATFORM_MOVE
<17 Jul 2026 12:06:25> [TSimMgr_Client.LogEventRecv] <0031> CPID_UDP_PLATFORM_MOVE
<17 Jul 2026 12:06:25> [TSimMgr_Client.LogEventRecv] <0031> CPID_UDP_PLATFORM_MOVE
<17 Jul 2026 12:06:25> [TSimMgr_Client.LogEventRecv] <0031> CPID_UDP_PLATFORM_MOVE
<17 Jul 2026 12:06:25> [TSimMgr_Client.LogEventRecv] <0031> CPID_UDP_PLATFORM_MOVE
<17 Jul 2026 12:06:25> [TSimMgr_Client.LogEventRecv] <0031> CPID_UDP_PLATFORM_MOVE
<17 Jul 2026 12:06:25> [TSimMgr_Client.LogEventRecv] <0031> CPID_UDP_PLATFORM_MOVE
<17 Jul 2026 12:06:25> [TSimMgr_Client.LogEventRecv] <0031> CPID_UDP_PLATFORM_MOVE
<17 Jul 2026 12:06:25> [TSimMgr_Client.LogEventRecv] <0031> CPID_UDP_PLATFORM_MOVE
<17 Jul 2026 12:06:25> [TSimMgr_Client.LogEventRecv] <0031> CPID_UDP_PLATFORM_MOVE
<17 Jul 2026 12:06:32> [TSimMgr_Client.LogEventRecv] <0031> CPID_UDP_PLATFORM_MOVE
<17 Jul 2026 12:06:32> [TSimMgr_Client.LogEventRecv] <0031> CPID_UDP_PLATFORM_MOVE
<17 Jul 2026 12:06:32> [TSimMgr_Client.LogEventRecv] <0031> CPID_UDP_PLATFORM_MOVE
<17 Jul 2026 12:06:32> [TSimMgr_Client.LogEventRecv] <0031> CPID_UDP_PLATFORM_MOVE
<17 Jul 2026 12:06:32> [TSimMgr_Client.LogEventRecv] <0031> CPID_UDP_PLATFORM_MOVE
<17 Jul 2026 12:06:32> [TSimMgr_Client.LogEventRecv] <0031> CPID_UDP_PLATFORM_MOVE
<17 Jul 2026 12:06:32> [TSimMgr_Client.LogEventRecv] <0031> CPID_UDP_PLATFORM_MOVE
<17 Jul 2026 12:06:32> [TSimMgr_Client.LogEventRecv] <0031> CPID_UDP_PLATFORM_MOVE
<17 Jul 2026 12:06:32> [TSimMgr_Client.LogEventRecv] <0031> CPID_UDP_PLATFORM_MOVE
<17 Jul 2026 12:06:41> [TSimMgr_Client.LogEventRecv] <0031> CPID_UDP_PLATFORM_MOVE
<17 Jul 2026 12:06:41> [TSimMgr_Client.LogEventRecv] <0031> CPID_UDP_PLATFORM_MOVE
<17 Jul 2026 12:06:41> [TSimMgr_Client.LogEventRecv] <0031> CPID_UDP_PLATFORM_MOVE
<17 Jul 2026 12:06:41> [TSimMgr_Client.LogEventRecv] <0031> CPID_UDP_PLATFORM_MOVE
<17 Jul 2026 12:06:41> [TSimMgr_Client.LogEventRecv] <0031> CPID_UDP_PLATFORM_MOVE
<17 Jul 2026 12:06:41> [TSimMgr_Client.LogEventRecv] <0031> CPID_UDP_PLATFORM_MOVE
<17 Jul 2026 12:06:41> [TSimMgr_Client.LogEventRecv] <0031> CPID_UDP_PLATFORM_MOVE
<17 Jul 2026 12:06:41> [TSimMgr_Client.LogEventRecv] <0031> CPID_UDP_PLATFORM_MOVE
<17 Jul 2026 12:06:41> [TSimMgr_Client.LogEventRecv] <0031> CPID_UDP_PLATFORM_MOVE
<17 Jul 2026 12:06:48> [TSimMgr_Client.LogEventRecv] <0031> CPID_UDP_PLATFORM_MOVE
<17 Jul 2026 12:06:48> [TSimMgr_Client.LogEventRecv] <0031> CPID_UDP_PLATFORM_MOVE
<17 Jul 2026 12:06:48> [TSimMgr_Client.LogEventRecv] <0031> CPID_UDP_PLATFORM_MOVE
<17 Jul 2026 12:06:48> [TSimMgr_Client.LogEventRecv] <0031> CPID_UDP_PLATFORM_MOVE
<17 Jul 2026 12:06:48> [TSimMgr_Client.LogEventRecv] <0031> CPID_UDP_PLATFORM_MOVE
<17 Jul 2026 12:06:48> [TSimMgr_Client.LogEventRecv] <0031> CPID_UDP_PLATFORM_MOVE
<17 Jul 2026 12:06:48> [TSimMgr_Client.LogEventRecv] <0031> CPID_UDP_PLATFORM_MOVE
<17 Jul 2026 12:06:48> [TSimMgr_Client.LogEventRecv] <0031> CPID_UDP_PLATFORM_MOVE
<17 Jul 2026 12:06:48> [TSimMgr_Client.LogEventRecv] <0031> CPID_UDP_PLATFORM_MOVE
<17 Jul 2026 12:06:57> [TSimMgr_Client.LogEventRecv] <0031> CPID_UDP_PLATFORM_MOVE
<17 Jul 2026 12:06:57> [TSimMgr_Client.LogEventRecv] <0031> CPID_UDP_PLATFORM_MOVE
<17 Jul 2026 12:06:57> [TSimMgr_Client.LogEventRecv] <0031> CPID_UDP_PLATFORM_MOVE
<17 Jul 2026 12:06:57> [TSimMgr_Client.LogEventRecv] <0031> CPID_UDP_PLATFORM_MOVE
<17 Jul 2026 12:06:57> [TSimMgr_Client.LogEventRecv] <0031> CPID_UDP_PLATFORM_MOVE
<17 Jul 2026 12:06:57> [TSimMgr_Client.LogEventRecv] <0031> CPID_UDP_PLATFORM_MOVE
<17 Jul 2026 12:06:57> [TSimMgr_Client.LogEventRecv] <0031> CPID_UDP_PLATFORM_MOVE
<17 Jul 2026 12:06:57> [TSimMgr_Client.LogEventRecv] <0031> CPID_UDP_PLATFORM_MOVE
<17 Jul 2026 12:06:57> [TSimMgr_Client.LogEventRecv] <0031> CPID_UDP_PLATFORM_MOVE
<17 Jul 2026 12:07:05> [TSimMgr_Client.LogEventRecv] <0031> CPID_UDP_PLATFORM_MOVE
<17 Jul 2026 12:07:05> [TSimMgr_Client.LogEventRecv] <0031> CPID_UDP_PLATFORM_MOVE
<17 Jul 2026 12:07:05> [TSimMgr_Client.LogEventRecv] <0031> CPID_UDP_PLATFORM_MOVE
<17 Jul 2026 12:07:05> [TSimMgr_Client.LogEventRecv] <0031> CPID_UDP_PLATFORM_MOVE
<17 Jul 2026 12:07:05> [TSimMgr_Client.LogEventRecv] <0031> CPID_UDP_PLATFORM_MOVE
<17 Jul 2026 12:07:05> [TSimMgr_Client.LogEventRecv] <0031> CPID_UDP_PLATFORM_MOVE
<17 Jul 2026 12:07:05> [TSimMgr_Client.LogEventRecv] <0031> CPID_UDP_PLATFORM_MOVE
<17 Jul 2026 12:07:05> [TSimMgr_Client.LogEventRecv] <0031> CPID_UDP_PLATFORM_MOVE
<17 Jul 2026 12:07:05> [TSimMgr_Client.LogEventRecv] <0031> CPID_UDP_PLATFORM_MOVE
<17 Jul 2026 12:07:13> [TSimMgr_Client.LogEventRecv] <0031> CPID_UDP_PLATFORM_MOVE
<17 Jul 2026 12:07:13> [TSimMgr_Client.LogEventRecv] <0031> CPID_UDP_PLATFORM_MOVE
<17 Jul 2026 12:07:13> [TSimMgr_Client.LogEventRecv] <0031> CPID_UDP_PLATFORM_MOVE
<17 Jul 2026 12:07:13> [TSimMgr_Client.LogEventRecv] <0031> CPID_UDP_PLATFORM_MOVE
<17 Jul 2026 12:07:13> [TSimMgr_Client.LogEventRecv] <0031> CPID_UDP_PLATFORM_MOVE
<17 Jul 2026 12:07:13> [TSimMgr_Client.LogEventRecv] <0031> CPID_UDP_PLATFORM_MOVE
<17 Jul 2026 12:07:13> [TSimMgr_Client.LogEventRecv] <0031> CPID_UDP_PLATFORM_MOVE
<17 Jul 2026 12:07:13> [TSimMgr_Client.LogEventRecv] <0031> CPID_UDP_PLATFORM_MOVE
<17 Jul 2026 12:07:13> [TSimMgr_Client.LogEventRecv] <0031> CPID_UDP_PLATFORM_MOVE
<17 Jul 2026 12:07:21> [TSimMgr_Client.LogEventRecv] <0031> CPID_UDP_PLATFORM_MOVE
<17 Jul 2026 12:07:21> [TSimMgr_Client.LogEventRecv] <0031> CPID_UDP_PLATFORM_MOVE
<17 Jul 2026 12:07:21> [TSimMgr_Client.LogEventRecv] <0031> CPID_UDP_PLATFORM_MOVE
<17 Jul 2026 12:07:21> [TSimMgr_Client.LogEventRecv] <0031> CPID_UDP_PLATFORM_MOVE
<17 Jul 2026 12:07:21> [TSimMgr_Client.LogEventRecv] <0031> CPID_UDP_PLATFORM_MOVE
<17 Jul 2026 12:07:21> [TSimMgr_Client.LogEventRecv] <0031> CPID_UDP_PLATFORM_MOVE
<17 Jul 2026 12:07:21> [TSimMgr_Client.LogEventRecv] <0031> CPID_UDP_PLATFORM_MOVE
<17 Jul 2026 12:07:21> [TSimMgr_Client.LogEventRecv] <0031> CPID_UDP_PLATFORM_MOVE
<17 Jul 2026 12:07:21> [TSimMgr_Client.LogEventRecv] <0031> CPID_UDP_PLATFORM_MOVE
<17 Jul 2026 12:07:28> [TSimMgr_Client.LogEventRecv] <0031> CPID_UDP_PLATFORM_MOVE
<17 Jul 2026 12:07:28> [TSimMgr_Client.LogEventRecv] <0031> CPID_UDP_PLATFORM_MOVE
<17 Jul 2026 12:07:28> [TSimMgr_Client.LogEventRecv] <0031> CPID_UDP_PLATFORM_MOVE
<17 Jul 2026 12:07:28> [TSimMgr_Client.LogEventRecv] <0031> CPID_UDP_PLATFORM_MOVE
<17 Jul 2026 12:07:28> [TSimMgr_Client.LogEventRecv] <0031> CPID_UDP_PLATFORM_MOVE
<17 Jul 2026 12:07:28> [TSimMgr_Client.LogEventRecv] <0031> CPID_UDP_PLATFORM_MOVE
<17 Jul 2026 12:07:28> [TSimMgr_Client.LogEventRecv] <0031> CPID_UDP_PLATFORM_MOVE
<17 Jul 2026 12:07:28> [TSimMgr_Client.LogEventRecv] <0031> CPID_UDP_PLATFORM_MOVE
<17 Jul 2026 12:07:28> [TSimMgr_Client.LogEventRecv] <0031> CPID_UDP_PLATFORM_MOVE
<17 Jul 2026 12:07:37> [TSimMgr_Client.LogEventRecv] <0031> CPID_UDP_PLATFORM_MOVE
<17 Jul 2026 12:07:37> [TSimMgr_Client.LogEventRecv] <0031> CPID_UDP_PLATFORM_MOVE
<17 Jul 2026 12:07:37> [TSimMgr_Client.LogEventRecv] <0031> CPID_UDP_PLATFORM_MOVE
<17 Jul 2026 12:07:37> [TSimMgr_Client.LogEventRecv] <0031> CPID_UDP_PLATFORM_MOVE
<17 Jul 2026 12:07:37> [TSimMgr_Client.LogEventRecv] <0031> CPID_UDP_PLATFORM_MOVE
<17 Jul 2026 12:07:37> [TSimMgr_Client.LogEventRecv] <0031> CPID_UDP_PLATFORM_MOVE
<17 Jul 2026 12:07:37> [TSimMgr_Client.LogEventRecv] <0031> CPID_UDP_PLATFORM_MOVE
<17 Jul 2026 12:07:37> [TSimMgr_Client.LogEventRecv] <0031> CPID_UDP_PLATFORM_MOVE
<17 Jul 2026 12:07:37> [TSimMgr_Client.LogEventRecv] <0031> CPID_UDP_PLATFORM_MOVE
<17 Jul 2026 12:07:44> [TSimMgr_Client.LogEventRecv] <0031> CPID_UDP_PLATFORM_MOVE
<17 Jul 2026 12:07:44> [TSimMgr_Client.LogEventRecv] <0031> CPID_UDP_PLATFORM_MOVE
<17 Jul 2026 12:07:44> [TSimMgr_Client.LogEventRecv] <0031> CPID_UDP_PLATFORM_MOVE
<17 Jul 2026 12:07:44> [TSimMgr_Client.LogEventRecv] <0031> CPID_UDP_PLATFORM_MOVE
<17 Jul 2026 12:07:44> [TSimMgr_Client.LogEventRecv] <0031> CPID_UDP_PLATFORM_MOVE
<17 Jul 2026 12:07:44> [TSimMgr_Client.LogEventRecv] <0031> CPID_UDP_PLATFORM_MOVE
<17 Jul 2026 12:07:44> [TSimMgr_Client.LogEventRecv] <0031> CPID_UDP_PLATFORM_MOVE
<17 Jul 2026 12:07:44> [TSimMgr_Client.LogEventRecv] <0031> CPID_UDP_PLATFORM_MOVE
<17 Jul 2026 12:07:44> [TSimMgr_Client.LogEventRecv] <0031> CPID_UDP_PLATFORM_MOVE
<17 Jul 2026 12:07:53> [TSimMgr_Client.LogEventRecv] <0031> CPID_UDP_PLATFORM_MOVE
<17 Jul 2026 12:07:53> [TSimMgr_Client.LogEventRecv] <0031> CPID_UDP_PLATFORM_MOVE
<17 Jul 2026 12:07:53> [TSimMgr_Client.LogEventRecv] <0031> CPID_UDP_PLATFORM_MOVE
<17 Jul 2026 12:07:53> [TSimMgr_Client.LogEventRecv] <0031> CPID_UDP_PLATFORM_MOVE
<17 Jul 2026 12:07:53> [TSimMgr_Client.LogEventRecv] <0031> CPID_UDP_PLATFORM_MOVE
<17 Jul 2026 12:07:53> [TSimMgr_Client.LogEventRecv] <0031> CPID_UDP_PLATFORM_MOVE
<17 Jul 2026 12:07:53> [TSimMgr_Client.LogEventRecv] <0031> CPID_UDP_PLATFORM_MOVE
<17 Jul 2026 12:07:53> [TSimMgr_Client.LogEventRecv] <0031> CPID_UDP_PLATFORM_MOVE
<17 Jul 2026 12:07:53> [TSimMgr_Client.LogEventRecv] <0031> CPID_UDP_PLATFORM_MOVE
<17 Jul 2026 12:08:01> [TSimMgr_Client.LogEventRecv] <0031> CPID_UDP_PLATFORM_MOVE
<17 Jul 2026 12:08:01> [TSimMgr_Client.LogEventRecv] <0031> CPID_UDP_PLATFORM_MOVE
<17 Jul 2026 12:08:01> [TSimMgr_Client.LogEventRecv] <0031> CPID_UDP_PLATFORM_MOVE
<17 Jul 2026 12:08:01> [TSimMgr_Client.LogEventRecv] <0031> CPID_UDP_PLATFORM_MOVE
<17 Jul 2026 12:08:01> [TSimMgr_Client.LogEventRecv] <0031> CPID_UDP_PLATFORM_MOVE
<17 Jul 2026 12:08:01> [TSimMgr_Client.LogEventRecv] <0031> CPID_UDP_PLATFORM_MOVE
<17 Jul 2026 12:08:01> [TSimMgr_Client.LogEventRecv] <0031> CPID_UDP_PLATFORM_MOVE
<17 Jul 2026 12:08:01> [TSimMgr_Client.LogEventRecv] <0031> CPID_UDP_PLATFORM_MOVE
<17 Jul 2026 12:08:01> [TSimMgr_Client.LogEventRecv] <0031> CPID_UDP_PLATFORM_MOVE
<17 Jul 2026 12:08:09> [TSimMgr_Client.LogEventRecv] <0031> CPID_UDP_PLATFORM_MOVE
<17 Jul 2026 12:08:09> [TSimMgr_Client.LogEventRecv] <0031> CPID_UDP_PLATFORM_MOVE
<17 Jul 2026 12:08:09> [TSimMgr_Client.LogEventRecv] <0031> CPID_UDP_PLATFORM_MOVE
<17 Jul 2026 12:08:09> [TSimMgr_Client.LogEventRecv] <0031> CPID_UDP_PLATFORM_MOVE
<17 Jul 2026 12:08:09> [TSimMgr_Client.LogEventRecv] <0031> CPID_UDP_PLATFORM_MOVE
<17 Jul 2026 12:08:09> [TSimMgr_Client.LogEventRecv] <0031> CPID_UDP_PLATFORM_MOVE
<17 Jul 2026 12:08:09> [TSimMgr_Client.LogEventRecv] <0031> CPID_UDP_PLATFORM_MOVE
<17 Jul 2026 12:08:09> [TSimMgr_Client.LogEventRecv] <0031> CPID_UDP_PLATFORM_MOVE
<17 Jul 2026 12:08:09> [TSimMgr_Client.LogEventRecv] <0031> CPID_UDP_PLATFORM_MOVE
<17 Jul 2026 12:08:17> [TSimMgr_Client.LogEventRecv] <0031> CPID_UDP_PLATFORM_MOVE
<17 Jul 2026 12:08:17> [TSimMgr_Client.LogEventRecv] <0031> CPID_UDP_PLATFORM_MOVE
<17 Jul 2026 12:08:17> [TSimMgr_Client.LogEventRecv] <0031> CPID_UDP_PLATFORM_MOVE
<17 Jul 2026 12:08:17> [TSimMgr_Client.LogEventRecv] <0031> CPID_UDP_PLATFORM_MOVE
<17 Jul 2026 12:08:17> [TSimMgr_Client.LogEventRecv] <0031> CPID_UDP_PLATFORM_MOVE
<17 Jul 2026 12:08:17> [TSimMgr_Client.LogEventRecv] <0031> CPID_UDP_PLATFORM_MOVE
<17 Jul 2026 12:08:17> [TSimMgr_Client.LogEventRecv] <0031> CPID_UDP_PLATFORM_MOVE
<17 Jul 2026 12:08:17> [TSimMgr_Client.LogEventRecv] <0031> CPID_UDP_PLATFORM_MOVE
<17 Jul 2026 12:08:17> [TSimMgr_Client.LogEventRecv] <0031> CPID_UDP_PLATFORM_MOVE
<17 Jul 2026 12:08:24> [TSimMgr_Client.LogEventRecv] <0031> CPID_UDP_PLATFORM_MOVE
<17 Jul 2026 12:08:24> [TSimMgr_Client.LogEventRecv] <0031> CPID_UDP_PLATFORM_MOVE
<17 Jul 2026 12:08:24> [TSimMgr_Client.LogEventRecv] <0031> CPID_UDP_PLATFORM_MOVE
<17 Jul 2026 12:08:24> [TSimMgr_Client.LogEventRecv] <0031> CPID_UDP_PLATFORM_MOVE
<17 Jul 2026 12:08:24> [TSimMgr_Client.LogEventRecv] <0031> CPID_UDP_PLATFORM_MOVE
<17 Jul 2026 12:08:24> [TSimMgr_Client.LogEventRecv] <0031> CPID_UDP_PLATFORM_MOVE
<17 Jul 2026 12:08:24> [TSimMgr_Client.LogEventRecv] <0031> CPID_UDP_PLATFORM_MOVE
<17 Jul 2026 12:08:24> [TSimMgr_Client.LogEventRecv] <0031> CPID_UDP_PLATFORM_MOVE
<17 Jul 2026 12:08:24> [TSimMgr_Client.LogEventRecv] <0031> CPID_UDP_PLATFORM_MOVE
<17 Jul 2026 12:08:33> [TSimMgr_Client.LogEventRecv] <0031> CPID_UDP_PLATFORM_MOVE
<17 Jul 2026 12:08:33> [TSimMgr_Client.LogEventRecv] <0031> CPID_UDP_PLATFORM_MOVE
<17 Jul 2026 12:08:33> [TSimMgr_Client.LogEventRecv] <0031> CPID_UDP_PLATFORM_MOVE
<17 Jul 2026 12:08:33> [TSimMgr_Client.LogEventRecv] <0031> CPID_UDP_PLATFORM_MOVE
<17 Jul 2026 12:08:33> [TSimMgr_Client.LogEventRecv] <0031> CPID_UDP_PLATFORM_MOVE
<17 Jul 2026 12:08:33> [TSimMgr_Client.LogEventRecv] <0031> CPID_UDP_PLATFORM_MOVE
<17 Jul 2026 12:08:33> [TSimMgr_Client.LogEventRecv] <0031> CPID_UDP_PLATFORM_MOVE
<17 Jul 2026 12:08:33> [TSimMgr_Client.LogEventRecv] <0031> CPID_UDP_PLATFORM_MOVE
<17 Jul 2026 12:08:33> [TSimMgr_Client.LogEventRecv] <0031> CPID_UDP_PLATFORM_MOVE
<17 Jul 2026 12:08:40> [TSimMgr_Client.LogEventRecv] <0031> CPID_UDP_PLATFORM_MOVE
<17 Jul 2026 12:08:40> [TSimMgr_Client.LogEventRecv] <0031> CPID_UDP_PLATFORM_MOVE
<17 Jul 2026 12:08:40> [TSimMgr_Client.LogEventRecv] <0031> CPID_UDP_PLATFORM_MOVE
<17 Jul 2026 12:08:40> [TSimMgr_Client.LogEventRecv] <0031> CPID_UDP_PLATFORM_MOVE
<17 Jul 2026 12:08:40> [TSimMgr_Client.LogEventRecv] <0031> CPID_UDP_PLATFORM_MOVE
<17 Jul 2026 12:08:41> [TSimMgr_Client.LogEventRecv] <0031> CPID_UDP_PLATFORM_MOVE
<17 Jul 2026 12:08:41> [TSimMgr_Client.LogEventRecv] <0031> CPID_UDP_PLATFORM_MOVE
<17 Jul 2026 12:08:41> [TSimMgr_Client.LogEventRecv] <0031> CPID_UDP_PLATFORM_MOVE
<17 Jul 2026 12:08:41> [TSimMgr_Client.LogEventRecv] <0031> CPID_UDP_PLATFORM_MOVE
<17 Jul 2026 12:08:48> [TSimMgr_Client.LogEventRecv] <0031> CPID_UDP_PLATFORM_MOVE
<17 Jul 2026 12:08:48> [TSimMgr_Client.LogEventRecv] <0031> CPID_UDP_PLATFORM_MOVE
<17 Jul 2026 12:08:48> [TSimMgr_Client.LogEventRecv] <0031> CPID_UDP_PLATFORM_MOVE
<17 Jul 2026 12:08:48> [TSimMgr_Client.LogEventRecv] <0031> CPID_UDP_PLATFORM_MOVE
<17 Jul 2026 12:08:48> [TSimMgr_Client.LogEventRecv] <0031> CPID_UDP_PLATFORM_MOVE
<17 Jul 2026 12:08:48> [TSimMgr_Client.LogEventRecv] <0031> CPID_UDP_PLATFORM_MOVE
<17 Jul 2026 12:08:48> [TSimMgr_Client.LogEventRecv] <0031> CPID_UDP_PLATFORM_MOVE
<17 Jul 2026 12:08:48> [TSimMgr_Client.LogEventRecv] <0031> CPID_UDP_PLATFORM_MOVE
<17 Jul 2026 12:08:48> [TSimMgr_Client.LogEventRecv] <0031> CPID_UDP_PLATFORM_MOVE
<17 Jul 2026 12:08:57> [TSimMgr_Client.LogEventRecv] <0031> CPID_UDP_PLATFORM_MOVE
<17 Jul 2026 12:08:57> [TSimMgr_Client.LogEventRecv] <0031> CPID_UDP_PLATFORM_MOVE
<17 Jul 2026 12:08:57> [TSimMgr_Client.LogEventRecv] <0031> CPID_UDP_PLATFORM_MOVE
<17 Jul 2026 12:08:57> [TSimMgr_Client.LogEventRecv] <0031> CPID_UDP_PLATFORM_MOVE
<17 Jul 2026 12:08:57> [TSimMgr_Client.LogEventRecv] <0031> CPID_UDP_PLATFORM_MOVE
<17 Jul 2026 12:08:57> [TSimMgr_Client.LogEventRecv] <0031> CPID_UDP_PLATFORM_MOVE
<17 Jul 2026 12:08:57> [TSimMgr_Client.LogEventRecv] <0031> CPID_UDP_PLATFORM_MOVE
<17 Jul 2026 12:08:57> [TSimMgr_Client.LogEventRecv] <0031> CPID_UDP_PLATFORM_MOVE
<17 Jul 2026 12:08:57> [TSimMgr_Client.LogEventRecv] <0031> CPID_UDP_PLATFORM_MOVE
<17 Jul 2026 12:09:05> [TSimMgr_Client.LogEventRecv] <0031> CPID_UDP_PLATFORM_MOVE
<17 Jul 2026 12:09:05> [TSimMgr_Client.LogEventRecv] <0031> CPID_UDP_PLATFORM_MOVE
<17 Jul 2026 12:09:05> [TSimMgr_Client.LogEventRecv] <0031> CPID_UDP_PLATFORM_MOVE
<17 Jul 2026 12:09:05> [TSimMgr_Client.LogEventRecv] <0031> CPID_UDP_PLATFORM_MOVE
<17 Jul 2026 12:09:05> [TSimMgr_Client.LogEventRecv] <0031> CPID_UDP_PLATFORM_MOVE
<17 Jul 2026 12:09:05> [TSimMgr_Client.LogEventRecv] <0031> CPID_UDP_PLATFORM_MOVE
<17 Jul 2026 12:09:05> [TSimMgr_Client.LogEventRecv] <0031> CPID_UDP_PLATFORM_MOVE
<17 Jul 2026 12:09:05> [TSimMgr_Client.LogEventRecv] <0031> CPID_UDP_PLATFORM_MOVE
<17 Jul 2026 12:09:05> [TSimMgr_Client.LogEventRecv] <0031> CPID_UDP_PLATFORM_MOVE
<17 Jul 2026 12:09:12> [TSimMgr_Client.LogEventRecv] <0031> CPID_UDP_PLATFORM_MOVE
<17 Jul 2026 12:09:12> [TSimMgr_Client.LogEventRecv] <0031> CPID_UDP_PLATFORM_MOVE
<17 Jul 2026 12:09:12> [TSimMgr_Client.LogEventRecv] <0031> CPID_UDP_PLATFORM_MOVE
<17 Jul 2026 12:09:12> [TSimMgr_Client.LogEventRecv] <0031> CPID_UDP_PLATFORM_MOVE
<17 Jul 2026 12:09:12> [TSimMgr_Client.LogEventRecv] <0031> CPID_UDP_PLATFORM_MOVE
<17 Jul 2026 12:09:12> [TSimMgr_Client.LogEventRecv] <0031> CPID_UDP_PLATFORM_MOVE
<17 Jul 2026 12:09:12> [TSimMgr_Client.LogEventRecv] <0031> CPID_UDP_PLATFORM_MOVE
<17 Jul 2026 12:09:12> [TSimMgr_Client.LogEventRecv] <0031> CPID_UDP_PLATFORM_MOVE
<17 Jul 2026 12:09:12> [TSimMgr_Client.LogEventRecv] <0031> CPID_UDP_PLATFORM_MOVE
<17 Jul 2026 12:09:21> [TSimMgr_Client.LogEventRecv] <0031> CPID_UDP_PLATFORM_MOVE
<17 Jul 2026 12:09:21> [TSimMgr_Client.LogEventRecv] <0031> CPID_UDP_PLATFORM_MOVE
<17 Jul 2026 12:09:21> [TSimMgr_Client.LogEventRecv] <0031> CPID_UDP_PLATFORM_MOVE
<17 Jul 2026 12:09:21> [TSimMgr_Client.LogEventRecv] <0031> CPID_UDP_PLATFORM_MOVE
<17 Jul 2026 12:09:21> [TSimMgr_Client.LogEventRecv] <0031> CPID_UDP_PLATFORM_MOVE
<17 Jul 2026 12:09:21> [TSimMgr_Client.LogEventRecv] <0031> CPID_UDP_PLATFORM_MOVE
<17 Jul 2026 12:09:21> [TSimMgr_Client.LogEventRecv] <0031> CPID_UDP_PLATFORM_MOVE
<17 Jul 2026 12:09:21> [TSimMgr_Client.LogEventRecv] <0031> CPID_UDP_PLATFORM_MOVE
<17 Jul 2026 12:09:21> [TSimMgr_Client.LogEventRecv] <0031> CPID_UDP_PLATFORM_MOVE
<17 Jul 2026 12:09:28> [TSimMgr_Client.LogEventRecv] <0031> CPID_UDP_PLATFORM_MOVE
<17 Jul 2026 12:09:28> [TSimMgr_Client.LogEventRecv] <0031> CPID_UDP_PLATFORM_MOVE
<17 Jul 2026 12:09:28> [TSimMgr_Client.LogEventRecv] <0031> CPID_UDP_PLATFORM_MOVE
<17 Jul 2026 12:09:28> [TSimMgr_Client.LogEventRecv] <0031> CPID_UDP_PLATFORM_MOVE
<17 Jul 2026 12:09:28> [TSimMgr_Client.LogEventRecv] <0031> CPID_UDP_PLATFORM_MOVE
<17 Jul 2026 12:09:28> [TSimMgr_Client.LogEventRecv] <0031> CPID_UDP_PLATFORM_MOVE
<17 Jul 2026 12:09:28> [TSimMgr_Client.LogEventRecv] <0031> CPID_UDP_PLATFORM_MOVE
<17 Jul 2026 12:09:28> [TSimMgr_Client.LogEventRecv] <0031> CPID_UDP_PLATFORM_MOVE
<17 Jul 2026 12:09:28> [TSimMgr_Client.LogEventRecv] <0031> CPID_UDP_PLATFORM_MOVE
<17 Jul 2026 12:09:36> [TSimMgr_Client.LogEventRecv] <0031> CPID_UDP_PLATFORM_MOVE
<17 Jul 2026 12:09:36> [TSimMgr_Client.LogEventRecv] <0031> CPID_UDP_PLATFORM_MOVE
<17 Jul 2026 12:09:36> [TSimMgr_Client.LogEventRecv] <0031> CPID_UDP_PLATFORM_MOVE
<17 Jul 2026 12:09:36> [TSimMgr_Client.LogEventRecv] <0031> CPID_UDP_PLATFORM_MOVE
<17 Jul 2026 12:09:36> [TSimMgr_Client.LogEventRecv] <0031> CPID_UDP_PLATFORM_MOVE
<17 Jul 2026 12:09:36> [TSimMgr_Client.LogEventRecv] <0031> CPID_UDP_PLATFORM_MOVE
<17 Jul 2026 12:09:36> [TSimMgr_Client.LogEventRecv] <0031> CPID_UDP_PLATFORM_MOVE
<17 Jul 2026 12:09:36> [TSimMgr_Client.LogEventRecv] <0031> CPID_UDP_PLATFORM_MOVE
<17 Jul 2026 12:09:36> [TSimMgr_Client.LogEventRecv] <0031> CPID_UDP_PLATFORM_MOVE
<17 Jul 2026 12:09:45> [TSimMgr_Client.LogEventRecv] <0031> CPID_UDP_PLATFORM_MOVE
<17 Jul 2026 12:09:45> [TSimMgr_Client.LogEventRecv] <0031> CPID_UDP_PLATFORM_MOVE
<17 Jul 2026 12:09:45> [TSimMgr_Client.LogEventRecv] <0031> CPID_UDP_PLATFORM_MOVE
<17 Jul 2026 12:09:45> [TSimMgr_Client.LogEventRecv] <0031> CPID_UDP_PLATFORM_MOVE
<17 Jul 2026 12:09:45> [TSimMgr_Client.LogEventRecv] <0031> CPID_UDP_PLATFORM_MOVE
<17 Jul 2026 12:09:45> [TSimMgr_Client.LogEventRecv] <0031> CPID_UDP_PLATFORM_MOVE
<17 Jul 2026 12:09:45> [TSimMgr_Client.LogEventRecv] <0031> CPID_UDP_PLATFORM_MOVE
<17 Jul 2026 12:09:45> [TSimMgr_Client.LogEventRecv] <0031> CPID_UDP_PLATFORM_MOVE
<17 Jul 2026 12:09:45> [TSimMgr_Client.LogEventRecv] <0031> CPID_UDP_PLATFORM_MOVE
<17 Jul 2026 12:09:53> [TSimMgr_Client.LogEventRecv] <0031> CPID_UDP_PLATFORM_MOVE
<17 Jul 2026 12:09:53> [TSimMgr_Client.LogEventRecv] <0031> CPID_UDP_PLATFORM_MOVE
<17 Jul 2026 12:09:53> [TSimMgr_Client.LogEventRecv] <0031> CPID_UDP_PLATFORM_MOVE
<17 Jul 2026 12:09:53> [TSimMgr_Client.LogEventRecv] <0031> CPID_UDP_PLATFORM_MOVE
<17 Jul 2026 12:09:53> [TSimMgr_Client.LogEventRecv] <0031> CPID_UDP_PLATFORM_MOVE
<17 Jul 2026 12:09:53> [TSimMgr_Client.LogEventRecv] <0031> CPID_UDP_PLATFORM_MOVE
<17 Jul 2026 12:09:53> [TSimMgr_Client.LogEventRecv] <0031> CPID_UDP_PLATFORM_MOVE
<17 Jul 2026 12:09:53> [TSimMgr_Client.LogEventRecv] <0031> CPID_UDP_PLATFORM_MOVE
<17 Jul 2026 12:09:53> [TSimMgr_Client.LogEventRecv] <0031> CPID_UDP_PLATFORM_MOVE
<17 Jul 2026 12:10:01> [TSimMgr_Client.LogEventRecv] <0031> CPID_UDP_PLATFORM_MOVE
<17 Jul 2026 12:10:01> [TSimMgr_Client.LogEventRecv] <0031> CPID_UDP_PLATFORM_MOVE
<17 Jul 2026 12:10:01> [TSimMgr_Client.LogEventRecv] <0031> CPID_UDP_PLATFORM_MOVE
<17 Jul 2026 12:10:01> [TSimMgr_Client.LogEventRecv] <0031> CPID_UDP_PLATFORM_MOVE
<17 Jul 2026 12:10:01> [TSimMgr_Client.LogEventRecv] <0031> CPID_UDP_PLATFORM_MOVE
<17 Jul 2026 12:10:01> [TSimMgr_Client.LogEventRecv] <0031> CPID_UDP_PLATFORM_MOVE
<17 Jul 2026 12:10:01> [TSimMgr_Client.LogEventRecv] <0031> CPID_UDP_PLATFORM_MOVE
<17 Jul 2026 12:10:01> [TSimMgr_Client.LogEventRecv] <0031> CPID_UDP_PLATFORM_MOVE
<17 Jul 2026 12:10:01> [TSimMgr_Client.LogEventRecv] <0031> CPID_UDP_PLATFORM_MOVE
<17 Jul 2026 12:10:08> [TSimMgr_Client.LogEventRecv] <0031> CPID_UDP_PLATFORM_MOVE
<17 Jul 2026 12:10:08> [TSimMgr_Client.LogEventRecv] <0031> CPID_UDP_PLATFORM_MOVE
<17 Jul 2026 12:10:08> [TSimMgr_Client.LogEventRecv] <0031> CPID_UDP_PLATFORM_MOVE
<17 Jul 2026 12:10:08> [TSimMgr_Client.LogEventRecv] <0031> CPID_UDP_PLATFORM_MOVE
<17 Jul 2026 12:10:08> [TSimMgr_Client.LogEventRecv] <0031> CPID_UDP_PLATFORM_MOVE
<17 Jul 2026 12:10:08> [TSimMgr_Client.LogEventRecv] <0031> CPID_UDP_PLATFORM_MOVE
<17 Jul 2026 12:10:08> [TSimMgr_Client.LogEventRecv] <0031> CPID_UDP_PLATFORM_MOVE
<17 Jul 2026 12:10:08> [TSimMgr_Client.LogEventRecv] <0031> CPID_UDP_PLATFORM_MOVE
<17 Jul 2026 12:10:08> [TSimMgr_Client.LogEventRecv] <0031> CPID_UDP_PLATFORM_MOVE
<17 Jul 2026 12:10:17> [TSimMgr_Client.LogEventRecv] <0031> CPID_UDP_PLATFORM_MOVE
<17 Jul 2026 12:10:17> [TSimMgr_Client.LogEventRecv] <0031> CPID_UDP_PLATFORM_MOVE
<17 Jul 2026 12:10:17> [TSimMgr_Client.LogEventRecv] <0031> CPID_UDP_PLATFORM_MOVE
<17 Jul 2026 12:10:17> [TSimMgr_Client.LogEventRecv] <0031> CPID_UDP_PLATFORM_MOVE
<17 Jul 2026 12:10:17> [TSimMgr_Client.LogEventRecv] <0031> CPID_UDP_PLATFORM_MOVE
<17 Jul 2026 12:10:17> [TSimMgr_Client.LogEventRecv] <0031> CPID_UDP_PLATFORM_MOVE
<17 Jul 2026 12:10:17> [TSimMgr_Client.LogEventRecv] <0031> CPID_UDP_PLATFORM_MOVE
<17 Jul 2026 12:10:17> [TSimMgr_Client.LogEventRecv] <0031> CPID_UDP_PLATFORM_MOVE
<17 Jul 2026 12:10:17> [TSimMgr_Client.LogEventRecv] <0031> CPID_UDP_PLATFORM_MOVE
<17 Jul 2026 12:10:25> [TSimMgr_Client.LogEventRecv] <0031> CPID_UDP_PLATFORM_MOVE
<17 Jul 2026 12:10:25> [TSimMgr_Client.LogEventRecv] <0031> CPID_UDP_PLATFORM_MOVE
<17 Jul 2026 12:10:25> [TSimMgr_Client.LogEventRecv] <0031> CPID_UDP_PLATFORM_MOVE
<17 Jul 2026 12:10:25> [TSimMgr_Client.LogEventRecv] <0031> CPID_UDP_PLATFORM_MOVE
<17 Jul 2026 12:10:25> [TSimMgr_Client.LogEventRecv] <0031> CPID_UDP_PLATFORM_MOVE
<17 Jul 2026 12:10:25> [TSimMgr_Client.LogEventRecv] <0031> CPID_UDP_PLATFORM_MOVE
<17 Jul 2026 12:10:25> [TSimMgr_Client.LogEventRecv] <0031> CPID_UDP_PLATFORM_MOVE
<17 Jul 2026 12:10:25> [TSimMgr_Client.LogEventRecv] <0031> CPID_UDP_PLATFORM_MOVE
<17 Jul 2026 12:10:25> [TSimMgr_Client.LogEventRecv] <0031> CPID_UDP_PLATFORM_MOVE
<17 Jul 2026 12:10:33> [TSimMgr_Client.LogEventRecv] <0031> CPID_UDP_PLATFORM_MOVE
<17 Jul 2026 12:10:33> [TSimMgr_Client.LogEventRecv] <0031> CPID_UDP_PLATFORM_MOVE
<17 Jul 2026 12:10:33> [TSimMgr_Client.LogEventRecv] <0031> CPID_UDP_PLATFORM_MOVE
<17 Jul 2026 12:10:33> [TSimMgr_Client.LogEventRecv] <0031> CPID_UDP_PLATFORM_MOVE
<17 Jul 2026 12:10:33> [TSimMgr_Client.LogEventRecv] <0031> CPID_UDP_PLATFORM_MOVE
<17 Jul 2026 12:10:33> [TSimMgr_Client.LogEventRecv] <0031> CPID_UDP_PLATFORM_MOVE
<17 Jul 2026 12:10:33> [TSimMgr_Client.LogEventRecv] <0031> CPID_UDP_PLATFORM_MOVE
<17 Jul 2026 12:10:33> [TSimMgr_Client.LogEventRecv] <0031> CPID_UDP_PLATFORM_MOVE
<17 Jul 2026 12:10:33> [TSimMgr_Client.LogEventRecv] <0031> CPID_UDP_PLATFORM_MOVE
<17 Jul 2026 12:10:41> [TSimMgr_Client.LogEventRecv] <0031> CPID_UDP_PLATFORM_MOVE
<17 Jul 2026 12:10:41> [TSimMgr_Client.LogEventRecv] <0031> CPID_UDP_PLATFORM_MOVE
<17 Jul 2026 12:10:41> [TSimMgr_Client.LogEventRecv] <0031> CPID_UDP_PLATFORM_MOVE
<17 Jul 2026 12:10:41> [TSimMgr_Client.LogEventRecv] <0031> CPID_UDP_PLATFORM_MOVE
<17 Jul 2026 12:10:41> [TSimMgr_Client.LogEventRecv] <0031> CPID_UDP_PLATFORM_MOVE
<17 Jul 2026 12:10:41> [TSimMgr_Client.LogEventRecv] <0031> CPID_UDP_PLATFORM_MOVE
<17 Jul 2026 12:10:41> [TSimMgr_Client.LogEventRecv] <0031> CPID_UDP_PLATFORM_MOVE
<17 Jul 2026 12:10:41> [TSimMgr_Client.LogEventRecv] <0031> CPID_UDP_PLATFORM_MOVE
<17 Jul 2026 12:10:41> [TSimMgr_Client.LogEventRecv] <0031> CPID_UDP_PLATFORM_MOVE
<17 Jul 2026 12:10:49> [TSimMgr_Client.LogEventRecv] <0031> CPID_UDP_PLATFORM_MOVE
<17 Jul 2026 12:10:49> [TSimMgr_Client.LogEventRecv] <0031> CPID_UDP_PLATFORM_MOVE
<17 Jul 2026 12:10:49> [TSimMgr_Client.LogEventRecv] <0031> CPID_UDP_PLATFORM_MOVE
<17 Jul 2026 12:10:49> [TSimMgr_Client.LogEventRecv] <0031> CPID_UDP_PLATFORM_MOVE
<17 Jul 2026 12:10:49> [TSimMgr_Client.LogEventRecv] <0031> CPID_UDP_PLATFORM_MOVE
<17 Jul 2026 12:10:49> [TSimMgr_Client.LogEventRecv] <0031> CPID_UDP_PLATFORM_MOVE
<17 Jul 2026 12:10:49> [TSimMgr_Client.LogEventRecv] <0031> CPID_UDP_PLATFORM_MOVE
<17 Jul 2026 12:10:49> [TSimMgr_Client.LogEventRecv] <0031> CPID_UDP_PLATFORM_MOVE
<17 Jul 2026 12:10:49> [TSimMgr_Client.LogEventRecv] <0031> CPID_UDP_PLATFORM_MOVE
<17 Jul 2026 12:10:56> [TSimMgr_Client.LogEventRecv] <0031> CPID_UDP_PLATFORM_MOVE
<17 Jul 2026 12:10:56> [TSimMgr_Client.LogEventRecv] <0031> CPID_UDP_PLATFORM_MOVE
<17 Jul 2026 12:10:56> [TSimMgr_Client.LogEventRecv] <0031> CPID_UDP_PLATFORM_MOVE
<17 Jul 2026 12:10:56> [TSimMgr_Client.LogEventRecv] <0031> CPID_UDP_PLATFORM_MOVE
<17 Jul 2026 12:10:56> [TSimMgr_Client.LogEventRecv] <0031> CPID_UDP_PLATFORM_MOVE
<17 Jul 2026 12:10:56> [TSimMgr_Client.LogEventRecv] <0031> CPID_UDP_PLATFORM_MOVE
<17 Jul 2026 12:10:56> [TSimMgr_Client.LogEventRecv] <0031> CPID_UDP_PLATFORM_MOVE
<17 Jul 2026 12:10:56> [TSimMgr_Client.LogEventRecv] <0031> CPID_UDP_PLATFORM_MOVE
<17 Jul 2026 12:10:56> [TSimMgr_Client.LogEventRecv] <0031> CPID_UDP_PLATFORM_MOVE
<17 Jul 2026 12:11:05> [TSimMgr_Client.LogEventRecv] <0031> CPID_UDP_PLATFORM_MOVE
<17 Jul 2026 12:11:05> [TSimMgr_Client.LogEventRecv] <0031> CPID_UDP_PLATFORM_MOVE
<17 Jul 2026 12:11:05> [TSimMgr_Client.LogEventRecv] <0031> CPID_UDP_PLATFORM_MOVE
<17 Jul 2026 12:11:05> [TSimMgr_Client.LogEventRecv] <0031> CPID_UDP_PLATFORM_MOVE
<17 Jul 2026 12:11:05> [TSimMgr_Client.LogEventRecv] <0031> CPID_UDP_PLATFORM_MOVE
<17 Jul 2026 12:11:05> [TSimMgr_Client.LogEventRecv] <0031> CPID_UDP_PLATFORM_MOVE
<17 Jul 2026 12:11:05> [TSimMgr_Client.LogEventRecv] <0031> CPID_UDP_PLATFORM_MOVE
<17 Jul 2026 12:11:05> [TSimMgr_Client.LogEventRecv] <0031> CPID_UDP_PLATFORM_MOVE
<17 Jul 2026 12:11:05> [TSimMgr_Client.LogEventRecv] <0031> CPID_UDP_PLATFORM_MOVE
<17 Jul 2026 12:11:13> [TSimMgr_Client.LogEventRecv] <0031> CPID_UDP_PLATFORM_MOVE
<17 Jul 2026 12:11:13> [TSimMgr_Client.LogEventRecv] <0031> CPID_UDP_PLATFORM_MOVE
<17 Jul 2026 12:11:13> [TSimMgr_Client.LogEventRecv] <0031> CPID_UDP_PLATFORM_MOVE
<17 Jul 2026 12:11:13> [TSimMgr_Client.LogEventRecv] <0031> CPID_UDP_PLATFORM_MOVE
<17 Jul 2026 12:11:13> [TSimMgr_Client.LogEventRecv] <0031> CPID_UDP_PLATFORM_MOVE
<17 Jul 2026 12:11:13> [TSimMgr_Client.LogEventRecv] <0031> CPID_UDP_PLATFORM_MOVE
<17 Jul 2026 12:11:13> [TSimMgr_Client.LogEventRecv] <0031> CPID_UDP_PLATFORM_MOVE
<17 Jul 2026 12:11:13> [TSimMgr_Client.LogEventRecv] <0031> CPID_UDP_PLATFORM_MOVE
<17 Jul 2026 12:11:13> [TSimMgr_Client.LogEventRecv] <0031> CPID_UDP_PLATFORM_MOVE
<17 Jul 2026 12:11:21> [TSimMgr_Client.LogEventRecv] <0031> CPID_UDP_PLATFORM_MOVE
<17 Jul 2026 12:11:21> [TSimMgr_Client.LogEventRecv] <0031> CPID_UDP_PLATFORM_MOVE
<17 Jul 2026 12:11:21> [TSimMgr_Client.LogEventRecv] <0031> CPID_UDP_PLATFORM_MOVE
<17 Jul 2026 12:11:21> [TSimMgr_Client.LogEventRecv] <0031> CPID_UDP_PLATFORM_MOVE
<17 Jul 2026 12:11:21> [TSimMgr_Client.LogEventRecv] <0031> CPID_UDP_PLATFORM_MOVE
<17 Jul 2026 12:11:21> [TSimMgr_Client.LogEventRecv] <0031> CPID_UDP_PLATFORM_MOVE
<17 Jul 2026 12:11:21> [TSimMgr_Client.LogEventRecv] <0031> CPID_UDP_PLATFORM_MOVE
<17 Jul 2026 12:11:21> [TSimMgr_Client.LogEventRecv] <0031> CPID_UDP_PLATFORM_MOVE
<17 Jul 2026 12:11:21> [TSimMgr_Client.LogEventRecv] <0031> CPID_UDP_PLATFORM_MOVE
<17 Jul 2026 12:11:28> [TSimMgr_Client.LogEventRecv] <0031> CPID_UDP_PLATFORM_MOVE
<17 Jul 2026 12:11:28> [TSimMgr_Client.LogEventRecv] <0031> CPID_UDP_PLATFORM_MOVE
<17 Jul 2026 12:11:28> [TSimMgr_Client.LogEventRecv] <0031> CPID_UDP_PLATFORM_MOVE
<17 Jul 2026 12:11:28> [TSimMgr_Client.LogEventRecv] <0031> CPID_UDP_PLATFORM_MOVE
<17 Jul 2026 12:11:28> [TSimMgr_Client.LogEventRecv] <0031> CPID_UDP_PLATFORM_MOVE
<17 Jul 2026 12:11:28> [TSimMgr_Client.LogEventRecv] <0031> CPID_UDP_PLATFORM_MOVE
<17 Jul 2026 12:11:28> [TSimMgr_Client.LogEventRecv] <0031> CPID_UDP_PLATFORM_MOVE
<17 Jul 2026 12:11:28> [TSimMgr_Client.LogEventRecv] <0031> CPID_UDP_PLATFORM_MOVE
<17 Jul 2026 12:11:28> [TSimMgr_Client.LogEventRecv] <0031> CPID_UDP_PLATFORM_MOVE
<17 Jul 2026 12:11:36> [TSimMgr_Client.LogEventRecv] <0031> CPID_UDP_PLATFORM_MOVE
<17 Jul 2026 12:11:36> [TSimMgr_Client.LogEventRecv] <0031> CPID_UDP_PLATFORM_MOVE
<17 Jul 2026 12:11:36> [TSimMgr_Client.LogEventRecv] <0031> CPID_UDP_PLATFORM_MOVE
<17 Jul 2026 12:11:36> [TSimMgr_Client.LogEventRecv] <0031> CPID_UDP_PLATFORM_MOVE
<17 Jul 2026 12:11:36> [TSimMgr_Client.LogEventRecv] <0031> CPID_UDP_PLATFORM_MOVE
<17 Jul 2026 12:11:36> [TSimMgr_Client.LogEventRecv] <0031> CPID_UDP_PLATFORM_MOVE
<17 Jul 2026 12:11:36> [TSimMgr_Client.LogEventRecv] <0031> CPID_UDP_PLATFORM_MOVE
<17 Jul 2026 12:11:36> [TSimMgr_Client.LogEventRecv] <0031> CPID_UDP_PLATFORM_MOVE
<17 Jul 2026 12:11:36> [TSimMgr_Client.LogEventRecv] <0031> CPID_UDP_PLATFORM_MOVE
<17 Jul 2026 12:11:44> [TSimMgr_Client.LogEventRecv] <0031> CPID_UDP_PLATFORM_MOVE
<17 Jul 2026 12:11:44> [TSimMgr_Client.LogEventRecv] <0031> CPID_UDP_PLATFORM_MOVE
<17 Jul 2026 12:11:44> [TSimMgr_Client.LogEventRecv] <0031> CPID_UDP_PLATFORM_MOVE
<17 Jul 2026 12:11:44> [TSimMgr_Client.LogEventRecv] <0031> CPID_UDP_PLATFORM_MOVE
<17 Jul 2026 12:11:44> [TSimMgr_Client.LogEventRecv] <0031> CPID_UDP_PLATFORM_MOVE
<17 Jul 2026 12:11:44> [TSimMgr_Client.LogEventRecv] <0031> CPID_UDP_PLATFORM_MOVE
<17 Jul 2026 12:11:44> [TSimMgr_Client.LogEventRecv] <0031> CPID_UDP_PLATFORM_MOVE
<17 Jul 2026 12:11:44> [TSimMgr_Client.LogEventRecv] <0031> CPID_UDP_PLATFORM_MOVE
<17 Jul 2026 12:11:44> [TSimMgr_Client.LogEventRecv] <0031> CPID_UDP_PLATFORM_MOVE
<17 Jul 2026 12:11:52> [TSimMgr_Client.LogEventRecv] <0031> CPID_UDP_PLATFORM_MOVE
<17 Jul 2026 12:11:52> [TSimMgr_Client.LogEventRecv] <0031> CPID_UDP_PLATFORM_MOVE
<17 Jul 2026 12:11:52> [TSimMgr_Client.LogEventRecv] <0031> CPID_UDP_PLATFORM_MOVE
<17 Jul 2026 12:11:52> [TSimMgr_Client.LogEventRecv] <0031> CPID_UDP_PLATFORM_MOVE
<17 Jul 2026 12:11:52> [TSimMgr_Client.LogEventRecv] <0031> CPID_UDP_PLATFORM_MOVE
<17 Jul 2026 12:11:52> [TSimMgr_Client.LogEventRecv] <0031> CPID_UDP_PLATFORM_MOVE
<17 Jul 2026 12:11:52> [TSimMgr_Client.LogEventRecv] <0031> CPID_UDP_PLATFORM_MOVE
<17 Jul 2026 12:11:52> [TSimMgr_Client.LogEventRecv] <0031> CPID_UDP_PLATFORM_MOVE
<17 Jul 2026 12:11:53> [TSimMgr_Client.LogEventRecv] <0031> CPID_UDP_PLATFORM_MOVE
<17 Jul 2026 12:12:01> [TSimMgr_Client.LogEventRecv] <0031> CPID_UDP_PLATFORM_MOVE
<17 Jul 2026 12:12:01> [TSimMgr_Client.LogEventRecv] <0031> CPID_UDP_PLATFORM_MOVE
<17 Jul 2026 12:12:01> [TSimMgr_Client.LogEventRecv] <0031> CPID_UDP_PLATFORM_MOVE
<17 Jul 2026 12:12:01> [TSimMgr_Client.LogEventRecv] <0031> CPID_UDP_PLATFORM_MOVE
<17 Jul 2026 12:12:01> [TSimMgr_Client.LogEventRecv] <0031> CPID_UDP_PLATFORM_MOVE
<17 Jul 2026 12:12:01> [TSimMgr_Client.LogEventRecv] <0031> CPID_UDP_PLATFORM_MOVE
<17 Jul 2026 12:12:01> [TSimMgr_Client.LogEventRecv] <0031> CPID_UDP_PLATFORM_MOVE
<17 Jul 2026 12:12:01> [TSimMgr_Client.LogEventRecv] <0031> CPID_UDP_PLATFORM_MOVE
<17 Jul 2026 12:12:01> [TSimMgr_Client.LogEventRecv] <0031> CPID_UDP_PLATFORM_MOVE
<17 Jul 2026 12:12:09> [TSimMgr_Client.LogEventRecv] <0031> CPID_UDP_PLATFORM_MOVE
<17 Jul 2026 12:12:09> [TSimMgr_Client.LogEventRecv] <0031> CPID_UDP_PLATFORM_MOVE
<17 Jul 2026 12:12:09> [TSimMgr_Client.LogEventRecv] <0031> CPID_UDP_PLATFORM_MOVE
<17 Jul 2026 12:12:09> [TSimMgr_Client.LogEventRecv] <0031> CPID_UDP_PLATFORM_MOVE
<17 Jul 2026 12:12:09> [TSimMgr_Client.LogEventRecv] <0031> CPID_UDP_PLATFORM_MOVE
<17 Jul 2026 12:12:09> [TSimMgr_Client.LogEventRecv] <0031> CPID_UDP_PLATFORM_MOVE
<17 Jul 2026 12:12:09> [TSimMgr_Client.LogEventRecv] <0031> CPID_UDP_PLATFORM_MOVE
<17 Jul 2026 12:12:09> [TSimMgr_Client.LogEventRecv] <0031> CPID_UDP_PLATFORM_MOVE
<17 Jul 2026 12:12:09> [TSimMgr_Client.LogEventRecv] <0031> CPID_UDP_PLATFORM_MOVE
<17 Jul 2026 12:12:17> [TSimMgr_Client.LogEventRecv] <0031> CPID_UDP_PLATFORM_MOVE
<17 Jul 2026 12:12:17> [TSimMgr_Client.LogEventRecv] <0031> CPID_UDP_PLATFORM_MOVE
<17 Jul 2026 12:12:17> [TSimMgr_Client.LogEventRecv] <0031> CPID_UDP_PLATFORM_MOVE
<17 Jul 2026 12:12:17> [TSimMgr_Client.LogEventRecv] <0031> CPID_UDP_PLATFORM_MOVE
<17 Jul 2026 12:12:17> [TSimMgr_Client.LogEventRecv] <0031> CPID_UDP_PLATFORM_MOVE
<17 Jul 2026 12:12:17> [TSimMgr_Client.LogEventRecv] <0031> CPID_UDP_PLATFORM_MOVE
<17 Jul 2026 12:12:17> [TSimMgr_Client.LogEventRecv] <0031> CPID_UDP_PLATFORM_MOVE
<17 Jul 2026 12:12:17> [TSimMgr_Client.LogEventRecv] <0031> CPID_UDP_PLATFORM_MOVE
<17 Jul 2026 12:12:17> [TSimMgr_Client.LogEventRecv] <0031> CPID_UDP_PLATFORM_MOVE
<17 Jul 2026 12:12:24> [TSimMgr_Client.LogEventRecv] <0031> CPID_UDP_PLATFORM_MOVE
<17 Jul 2026 12:12:24> [TSimMgr_Client.LogEventRecv] <0031> CPID_UDP_PLATFORM_MOVE
<17 Jul 2026 12:12:24> [TSimMgr_Client.LogEventRecv] <0031> CPID_UDP_PLATFORM_MOVE
<17 Jul 2026 12:12:24> [TSimMgr_Client.LogEventRecv] <0031> CPID_UDP_PLATFORM_MOVE
<17 Jul 2026 12:12:24> [TSimMgr_Client.LogEventRecv] <0031> CPID_UDP_PLATFORM_MOVE
<17 Jul 2026 12:12:24> [TSimMgr_Client.LogEventRecv] <0031> CPID_UDP_PLATFORM_MOVE
<17 Jul 2026 12:12:24> [TSimMgr_Client.LogEventRecv] <0031> CPID_UDP_PLATFORM_MOVE
<17 Jul 2026 12:12:24> [TSimMgr_Client.LogEventRecv] <0031> CPID_UDP_PLATFORM_MOVE
<17 Jul 2026 12:12:24> [TSimMgr_Client.LogEventRecv] <0031> CPID_UDP_PLATFORM_MOVE
<17 Jul 2026 12:12:32> [TSimMgr_Client.LogEventRecv] <0031> CPID_UDP_PLATFORM_MOVE
<17 Jul 2026 12:12:32> [TSimMgr_Client.LogEventRecv] <0031> CPID_UDP_PLATFORM_MOVE
<17 Jul 2026 12:12:32> [TSimMgr_Client.LogEventRecv] <0031> CPID_UDP_PLATFORM_MOVE
<17 Jul 2026 12:12:32> [TSimMgr_Client.LogEventRecv] <0031> CPID_UDP_PLATFORM_MOVE
<17 Jul 2026 12:12:32> [TSimMgr_Client.LogEventRecv] <0031> CPID_UDP_PLATFORM_MOVE
<17 Jul 2026 12:12:33> [TSimMgr_Client.LogEventRecv] <0031> CPID_UDP_PLATFORM_MOVE
<17 Jul 2026 12:12:33> [TSimMgr_Client.LogEventRecv] <0031> CPID_UDP_PLATFORM_MOVE
<17 Jul 2026 12:12:33> [TSimMgr_Client.LogEventRecv] <0031> CPID_UDP_PLATFORM_MOVE
<17 Jul 2026 12:12:33> [TSimMgr_Client.LogEventRecv] <0031> CPID_UDP_PLATFORM_MOVE
<17 Jul 2026 12:12:41> [TSimMgr_Client.LogEventRecv] <0031> CPID_UDP_PLATFORM_MOVE
<17 Jul 2026 12:12:41> [TSimMgr_Client.LogEventRecv] <0031> CPID_UDP_PLATFORM_MOVE
<17 Jul 2026 12:12:41> [TSimMgr_Client.LogEventRecv] <0031> CPID_UDP_PLATFORM_MOVE
<17 Jul 2026 12:12:41> [TSimMgr_Client.LogEventRecv] <0031> CPID_UDP_PLATFORM_MOVE
<17 Jul 2026 12:12:41> [TSimMgr_Client.LogEventRecv] <0031> CPID_UDP_PLATFORM_MOVE
<17 Jul 2026 12:12:41> [TSimMgr_Client.LogEventRecv] <0031> CPID_UDP_PLATFORM_MOVE
<17 Jul 2026 12:12:41> [TSimMgr_Client.LogEventRecv] <0031> CPID_UDP_PLATFORM_MOVE
<17 Jul 2026 12:12:41> [TSimMgr_Client.LogEventRecv] <0031> CPID_UDP_PLATFORM_MOVE
<17 Jul 2026 12:12:41> [TSimMgr_Client.LogEventRecv] <0031> CPID_UDP_PLATFORM_MOVE
<17 Jul 2026 12:12:48> [TSimMgr_Client.LogEventRecv] <0031> CPID_UDP_PLATFORM_MOVE
<17 Jul 2026 12:12:48> [TSimMgr_Client.LogEventRecv] <0031> CPID_UDP_PLATFORM_MOVE
<17 Jul 2026 12:12:48> [TSimMgr_Client.LogEventRecv] <0031> CPID_UDP_PLATFORM_MOVE
<17 Jul 2026 12:12:48> [TSimMgr_Client.LogEventRecv] <0031> CPID_UDP_PLATFORM_MOVE
<17 Jul 2026 12:12:48> [TSimMgr_Client.LogEventRecv] <0031> CPID_UDP_PLATFORM_MOVE
<17 Jul 2026 12:12:48> [TSimMgr_Client.LogEventRecv] <0031> CPID_UDP_PLATFORM_MOVE
<17 Jul 2026 12:12:49> [TSimMgr_Client.LogEventRecv] <0031> CPID_UDP_PLATFORM_MOVE
<17 Jul 2026 12:12:49> [TSimMgr_Client.LogEventRecv] <0031> CPID_UDP_PLATFORM_MOVE
<17 Jul 2026 12:12:49> [TSimMgr_Client.LogEventRecv] <0031> CPID_UDP_PLATFORM_MOVE
<17 Jul 2026 12:12:57> [TSimMgr_Client.LogEventRecv] <0031> CPID_UDP_PLATFORM_MOVE
<17 Jul 2026 12:12:57> [TSimMgr_Client.LogEventRecv] <0031> CPID_UDP_PLATFORM_MOVE
<17 Jul 2026 12:12:57> [TSimMgr_Client.LogEventRecv] <0031> CPID_UDP_PLATFORM_MOVE
<17 Jul 2026 12:12:57> [TSimMgr_Client.LogEventRecv] <0031> CPID_UDP_PLATFORM_MOVE
<17 Jul 2026 12:12:57> [TSimMgr_Client.LogEventRecv] <0031> CPID_UDP_PLATFORM_MOVE
<17 Jul 2026 12:12:57> [TSimMgr_Client.LogEventRecv] <0031> CPID_UDP_PLATFORM_MOVE
<17 Jul 2026 12:12:57> [TSimMgr_Client.LogEventRecv] <0031> CPID_UDP_PLATFORM_MOVE
<17 Jul 2026 12:12:57> [TSimMgr_Client.LogEventRecv] <0031> CPID_UDP_PLATFORM_MOVE
<17 Jul 2026 12:12:57> [TSimMgr_Client.LogEventRecv] <0031> CPID_UDP_PLATFORM_MOVE
<17 Jul 2026 12:13:04> [TSimMgr_Client.LogEventRecv] <0031> CPID_UDP_PLATFORM_MOVE
<17 Jul 2026 12:13:04> [TSimMgr_Client.LogEventRecv] <0031> CPID_UDP_PLATFORM_MOVE
<17 Jul 2026 12:13:04> [TSimMgr_Client.LogEventRecv] <0031> CPID_UDP_PLATFORM_MOVE
<17 Jul 2026 12:13:04> [TSimMgr_Client.LogEventRecv] <0031> CPID_UDP_PLATFORM_MOVE
<17 Jul 2026 12:13:04> [TSimMgr_Client.LogEventRecv] <0031> CPID_UDP_PLATFORM_MOVE
<17 Jul 2026 12:13:04> [TSimMgr_Client.LogEventRecv] <0031> CPID_UDP_PLATFORM_MOVE
<17 Jul 2026 12:13:04> [TSimMgr_Client.LogEventRecv] <0031> CPID_UDP_PLATFORM_MOVE
<17 Jul 2026 12:13:04> [TSimMgr_Client.LogEventRecv] <0031> CPID_UDP_PLATFORM_MOVE
<17 Jul 2026 12:13:04> [TSimMgr_Client.LogEventRecv] <0031> CPID_UDP_PLATFORM_MOVE
<17 Jul 2026 12:13:12> [TSimMgr_Client.LogEventRecv] <0031> CPID_UDP_PLATFORM_MOVE
<17 Jul 2026 12:13:12> [TSimMgr_Client.LogEventRecv] <0031> CPID_UDP_PLATFORM_MOVE
<17 Jul 2026 12:13:12> [TSimMgr_Client.LogEventRecv] <0031> CPID_UDP_PLATFORM_MOVE
<17 Jul 2026 12:13:12> [TSimMgr_Client.LogEventRecv] <0031> CPID_UDP_PLATFORM_MOVE
<17 Jul 2026 12:13:12> [TSimMgr_Client.LogEventRecv] <0031> CPID_UDP_PLATFORM_MOVE
<17 Jul 2026 12:13:12> [TSimMgr_Client.LogEventRecv] <0031> CPID_UDP_PLATFORM_MOVE
<17 Jul 2026 12:13:12> [TSimMgr_Client.LogEventRecv] <0031> CPID_UDP_PLATFORM_MOVE
<17 Jul 2026 12:13:12> [TSimMgr_Client.LogEventRecv] <0031> CPID_UDP_PLATFORM_MOVE
<17 Jul 2026 12:13:12> [TSimMgr_Client.LogEventRecv] <0031> CPID_UDP_PLATFORM_MOVE
<17 Jul 2026 12:13:21> [TSimMgr_Client.LogEventRecv] <0031> CPID_UDP_PLATFORM_MOVE
<17 Jul 2026 12:13:21> [TSimMgr_Client.LogEventRecv] <0031> CPID_UDP_PLATFORM_MOVE
<17 Jul 2026 12:13:21> [TSimMgr_Client.LogEventRecv] <0031> CPID_UDP_PLATFORM_MOVE
<17 Jul 2026 12:13:21> [TSimMgr_Client.LogEventRecv] <0031> CPID_UDP_PLATFORM_MOVE
<17 Jul 2026 12:13:21> [TSimMgr_Client.LogEventRecv] <0031> CPID_UDP_PLATFORM_MOVE
<17 Jul 2026 12:13:21> [TSimMgr_Client.LogEventRecv] <0031> CPID_UDP_PLATFORM_MOVE
<17 Jul 2026 12:13:21> [TSimMgr_Client.LogEventRecv] <0031> CPID_UDP_PLATFORM_MOVE
<17 Jul 2026 12:13:21> [TSimMgr_Client.LogEventRecv] <0031> CPID_UDP_PLATFORM_MOVE
<17 Jul 2026 12:13:21> [TSimMgr_Client.LogEventRecv] <0031> CPID_UDP_PLATFORM_MOVE
<17 Jul 2026 12:13:29> [TSimMgr_Client.LogEventRecv] <0031> CPID_UDP_PLATFORM_MOVE
<17 Jul 2026 12:13:29> [TSimMgr_Client.LogEventRecv] <0031> CPID_UDP_PLATFORM_MOVE
<17 Jul 2026 12:13:29> [TSimMgr_Client.LogEventRecv] <0031> CPID_UDP_PLATFORM_MOVE
<17 Jul 2026 12:13:29> [TSimMgr_Client.LogEventRecv] <0031> CPID_UDP_PLATFORM_MOVE
<17 Jul 2026 12:13:29> [TSimMgr_Client.LogEventRecv] <0031> CPID_UDP_PLATFORM_MOVE
<17 Jul 2026 12:13:29> [TSimMgr_Client.LogEventRecv] <0031> CPID_UDP_PLATFORM_MOVE
<17 Jul 2026 12:13:29> [TSimMgr_Client.LogEventRecv] <0031> CPID_UDP_PLATFORM_MOVE
<17 Jul 2026 12:13:29> [TSimMgr_Client.LogEventRecv] <0031> CPID_UDP_PLATFORM_MOVE
<17 Jul 2026 12:13:29> [TSimMgr_Client.LogEventRecv] <0031> CPID_UDP_PLATFORM_MOVE
<17 Jul 2026 12:13:37> [TSimMgr_Client.LogEventRecv] <0031> CPID_UDP_PLATFORM_MOVE
<17 Jul 2026 12:13:37> [TSimMgr_Client.LogEventRecv] <0031> CPID_UDP_PLATFORM_MOVE
<17 Jul 2026 12:13:37> [TSimMgr_Client.LogEventRecv] <0031> CPID_UDP_PLATFORM_MOVE
<17 Jul 2026 12:13:37> [TSimMgr_Client.LogEventRecv] <0031> CPID_UDP_PLATFORM_MOVE
<17 Jul 2026 12:13:37> [TSimMgr_Client.LogEventRecv] <0031> CPID_UDP_PLATFORM_MOVE
<17 Jul 2026 12:13:37> [TSimMgr_Client.LogEventRecv] <0031> CPID_UDP_PLATFORM_MOVE
<17 Jul 2026 12:13:37> [TSimMgr_Client.LogEventRecv] <0031> CPID_UDP_PLATFORM_MOVE
<17 Jul 2026 12:13:37> [TSimMgr_Client.LogEventRecv] <0031> CPID_UDP_PLATFORM_MOVE
<17 Jul 2026 12:13:37> [TSimMgr_Client.LogEventRecv] <0031> CPID_UDP_PLATFORM_MOVE
<17 Jul 2026 12:13:45> [TSimMgr_Client.LogEventRecv] <0031> CPID_UDP_PLATFORM_MOVE
<17 Jul 2026 12:13:45> [TSimMgr_Client.LogEventRecv] <0031> CPID_UDP_PLATFORM_MOVE
<17 Jul 2026 12:13:45> [TSimMgr_Client.LogEventRecv] <0031> CPID_UDP_PLATFORM_MOVE
<17 Jul 2026 12:13:45> [TSimMgr_Client.LogEventRecv] <0031> CPID_UDP_PLATFORM_MOVE
<17 Jul 2026 12:13:45> [TSimMgr_Client.LogEventRecv] <0031> CPID_UDP_PLATFORM_MOVE
<17 Jul 2026 12:13:45> [TSimMgr_Client.LogEventRecv] <0031> CPID_UDP_PLATFORM_MOVE
<17 Jul 2026 12:13:45> [TSimMgr_Client.LogEventRecv] <0031> CPID_UDP_PLATFORM_MOVE
<17 Jul 2026 12:13:45> [TSimMgr_Client.LogEventRecv] <0031> CPID_UDP_PLATFORM_MOVE
<17 Jul 2026 12:13:45> [TSimMgr_Client.LogEventRecv] <0031> CPID_UDP_PLATFORM_MOVE
<17 Jul 2026 12:13:53> [TSimMgr_Client.LogEventRecv] <0031> CPID_UDP_PLATFORM_MOVE
<17 Jul 2026 12:13:53> [TSimMgr_Client.LogEventRecv] <0031> CPID_UDP_PLATFORM_MOVE
<17 Jul 2026 12:13:53> [TSimMgr_Client.LogEventRecv] <0031> CPID_UDP_PLATFORM_MOVE
<17 Jul 2026 12:13:53> [TSimMgr_Client.LogEventRecv] <0031> CPID_UDP_PLATFORM_MOVE
<17 Jul 2026 12:13:53> [TSimMgr_Client.LogEventRecv] <0031> CPID_UDP_PLATFORM_MOVE
<17 Jul 2026 12:13:53> [TSimMgr_Client.LogEventRecv] <0031> CPID_UDP_PLATFORM_MOVE
<17 Jul 2026 12:13:53> [TSimMgr_Client.LogEventRecv] <0031> CPID_UDP_PLATFORM_MOVE
<17 Jul 2026 12:13:53> [TSimMgr_Client.LogEventRecv] <0031> CPID_UDP_PLATFORM_MOVE
<17 Jul 2026 12:13:53> [TSimMgr_Client.LogEventRecv] <0031> CPID_UDP_PLATFORM_MOVE
<17 Jul 2026 12:14:00> [TSimMgr_Client.LogEventRecv] <0031> CPID_UDP_PLATFORM_MOVE
<17 Jul 2026 12:14:00> [TSimMgr_Client.LogEventRecv] <0031> CPID_UDP_PLATFORM_MOVE
<17 Jul 2026 12:14:00> [TSimMgr_Client.LogEventRecv] <0031> CPID_UDP_PLATFORM_MOVE
<17 Jul 2026 12:14:00> [TSimMgr_Client.LogEventRecv] <0031> CPID_UDP_PLATFORM_MOVE
<17 Jul 2026 12:14:00> [TSimMgr_Client.LogEventRecv] <0031> CPID_UDP_PLATFORM_MOVE
<17 Jul 2026 12:14:00> [TSimMgr_Client.LogEventRecv] <0031> CPID_UDP_PLATFORM_MOVE
<17 Jul 2026 12:14:00> [TSimMgr_Client.LogEventRecv] <0031> CPID_UDP_PLATFORM_MOVE
<17 Jul 2026 12:14:00> [TSimMgr_Client.LogEventRecv] <0031> CPID_UDP_PLATFORM_MOVE
<17 Jul 2026 12:14:00> [TSimMgr_Client.LogEventRecv] <0031> CPID_UDP_PLATFORM_MOVE
<17 Jul 2026 12:14:09> [TSimMgr_Client.LogEventRecv] <0031> CPID_UDP_PLATFORM_MOVE
<17 Jul 2026 12:14:09> [TSimMgr_Client.LogEventRecv] <0031> CPID_UDP_PLATFORM_MOVE
<17 Jul 2026 12:14:09> [TSimMgr_Client.LogEventRecv] <0031> CPID_UDP_PLATFORM_MOVE
<17 Jul 2026 12:14:09> [TSimMgr_Client.LogEventRecv] <0031> CPID_UDP_PLATFORM_MOVE
<17 Jul 2026 12:14:09> [TSimMgr_Client.LogEventRecv] <0031> CPID_UDP_PLATFORM_MOVE
<17 Jul 2026 12:14:09> [TSimMgr_Client.LogEventRecv] <0031> CPID_UDP_PLATFORM_MOVE
<17 Jul 2026 12:14:09> [TSimMgr_Client.LogEventRecv] <0031> CPID_UDP_PLATFORM_MOVE
<17 Jul 2026 12:14:09> [TSimMgr_Client.LogEventRecv] <0031> CPID_UDP_PLATFORM_MOVE
<17 Jul 2026 12:14:09> [TSimMgr_Client.LogEventRecv] <0031> CPID_UDP_PLATFORM_MOVE
<17 Jul 2026 12:14:17> [TSimMgr_Client.LogEventRecv] <0031> CPID_UDP_PLATFORM_MOVE
<17 Jul 2026 12:14:17> [TSimMgr_Client.LogEventRecv] <0031> CPID_UDP_PLATFORM_MOVE
<17 Jul 2026 12:14:17> [TSimMgr_Client.LogEventRecv] <0031> CPID_UDP_PLATFORM_MOVE
<17 Jul 2026 12:14:17> [TSimMgr_Client.LogEventRecv] <0031> CPID_UDP_PLATFORM_MOVE
<17 Jul 2026 12:14:17> [TSimMgr_Client.LogEventRecv] <0031> CPID_UDP_PLATFORM_MOVE
<17 Jul 2026 12:14:17> [TSimMgr_Client.LogEventRecv] <0031> CPID_UDP_PLATFORM_MOVE
<17 Jul 2026 12:14:17> [TSimMgr_Client.LogEventRecv] <0031> CPID_UDP_PLATFORM_MOVE
<17 Jul 2026 12:14:17> [TSimMgr_Client.LogEventRecv] <0031> CPID_UDP_PLATFORM_MOVE
<17 Jul 2026 12:14:17> [TSimMgr_Client.LogEventRecv] <0031> CPID_UDP_PLATFORM_MOVE
<17 Jul 2026 12:14:25> [TSimMgr_Client.LogEventRecv] <0031> CPID_UDP_PLATFORM_MOVE
<17 Jul 2026 12:14:25> [TSimMgr_Client.LogEventRecv] <0031> CPID_UDP_PLATFORM_MOVE
<17 Jul 2026 12:14:25> [TSimMgr_Client.LogEventRecv] <0031> CPID_UDP_PLATFORM_MOVE
<17 Jul 2026 12:14:25> [TSimMgr_Client.LogEventRecv] <0031> CPID_UDP_PLATFORM_MOVE
<17 Jul 2026 12:14:25> [TSimMgr_Client.LogEventRecv] <0031> CPID_UDP_PLATFORM_MOVE
<17 Jul 2026 12:14:25> [TSimMgr_Client.LogEventRecv] <0031> CPID_UDP_PLATFORM_MOVE
<17 Jul 2026 12:14:25> [TSimMgr_Client.LogEventRecv] <0031> CPID_UDP_PLATFORM_MOVE
<17 Jul 2026 12:14:25> [TSimMgr_Client.LogEventRecv] <0031> CPID_UDP_PLATFORM_MOVE
<17 Jul 2026 12:14:25> [TSimMgr_Client.LogEventRecv] <0031> CPID_UDP_PLATFORM_MOVE
<17 Jul 2026 12:14:32> [TSimMgr_Client.LogEventRecv] <0031> CPID_UDP_PLATFORM_MOVE
<17 Jul 2026 12:14:32> [TSimMgr_Client.LogEventRecv] <0031> CPID_UDP_PLATFORM_MOVE
<17 Jul 2026 12:14:32> [TSimMgr_Client.LogEventRecv] <0031> CPID_UDP_PLATFORM_MOVE
<17 Jul 2026 12:14:32> [TSimMgr_Client.LogEventRecv] <0031> CPID_UDP_PLATFORM_MOVE
<17 Jul 2026 12:14:32> [TSimMgr_Client.LogEventRecv] <0031> CPID_UDP_PLATFORM_MOVE
<17 Jul 2026 12:14:32> [TSimMgr_Client.LogEventRecv] <0031> CPID_UDP_PLATFORM_MOVE
<17 Jul 2026 12:14:32> [TSimMgr_Client.LogEventRecv] <0031> CPID_UDP_PLATFORM_MOVE
<17 Jul 2026 12:14:32> [TSimMgr_Client.LogEventRecv] <0031> CPID_UDP_PLATFORM_MOVE
<17 Jul 2026 12:14:32> [TSimMgr_Client.LogEventRecv] <0031> CPID_UDP_PLATFORM_MOVE
<17 Jul 2026 12:14:41> [TSimMgr_Client.LogEventRecv] <0031> CPID_UDP_PLATFORM_MOVE
<17 Jul 2026 12:14:41> [TSimMgr_Client.LogEventRecv] <0031> CPID_UDP_PLATFORM_MOVE
<17 Jul 2026 12:14:41> [TSimMgr_Client.LogEventRecv] <0031> CPID_UDP_PLATFORM_MOVE
<17 Jul 2026 12:14:41> [TSimMgr_Client.LogEventRecv] <0031> CPID_UDP_PLATFORM_MOVE
<17 Jul 2026 12:14:41> [TSimMgr_Client.LogEventRecv] <0031> CPID_UDP_PLATFORM_MOVE
<17 Jul 2026 12:14:41> [TSimMgr_Client.LogEventRecv] <0031> CPID_UDP_PLATFORM_MOVE
<17 Jul 2026 12:14:41> [TSimMgr_Client.LogEventRecv] <0031> CPID_UDP_PLATFORM_MOVE
<17 Jul 2026 12:14:41> [TSimMgr_Client.LogEventRecv] <0031> CPID_UDP_PLATFORM_MOVE
<17 Jul 2026 12:14:41> [TSimMgr_Client.LogEventRecv] <0031> CPID_UDP_PLATFORM_MOVE
<17 Jul 2026 12:14:49> [TSimMgr_Client.LogEventRecv] <0031> CPID_UDP_PLATFORM_MOVE
<17 Jul 2026 12:14:49> [TSimMgr_Client.LogEventRecv] <0031> CPID_UDP_PLATFORM_MOVE
<17 Jul 2026 12:14:49> [TSimMgr_Client.LogEventRecv] <0031> CPID_UDP_PLATFORM_MOVE
<17 Jul 2026 12:14:49> [TSimMgr_Client.LogEventRecv] <0031> CPID_UDP_PLATFORM_MOVE
<17 Jul 2026 12:14:49> [TSimMgr_Client.LogEventRecv] <0031> CPID_UDP_PLATFORM_MOVE
<17 Jul 2026 12:14:49> [TSimMgr_Client.LogEventRecv] <0031> CPID_UDP_PLATFORM_MOVE
<17 Jul 2026 12:14:49> [TSimMgr_Client.LogEventRecv] <0031> CPID_UDP_PLATFORM_MOVE
<17 Jul 2026 12:14:49> [TSimMgr_Client.LogEventRecv] <0031> CPID_UDP_PLATFORM_MOVE
<17 Jul 2026 12:14:49> [TSimMgr_Client.LogEventRecv] <0031> CPID_UDP_PLATFORM_MOVE
<17 Jul 2026 12:14:57> [TSimMgr_Client.LogEventRecv] <0031> CPID_UDP_PLATFORM_MOVE
<17 Jul 2026 12:14:57> [TSimMgr_Client.LogEventRecv] <0031> CPID_UDP_PLATFORM_MOVE
<17 Jul 2026 12:14:57> [TSimMgr_Client.LogEventRecv] <0031> CPID_UDP_PLATFORM_MOVE
<17 Jul 2026 12:14:57> [TSimMgr_Client.LogEventRecv] <0031> CPID_UDP_PLATFORM_MOVE
<17 Jul 2026 12:14:57> [TSimMgr_Client.LogEventRecv] <0031> CPID_UDP_PLATFORM_MOVE
<17 Jul 2026 12:14:57> [TSimMgr_Client.LogEventRecv] <0031> CPID_UDP_PLATFORM_MOVE
<17 Jul 2026 12:14:57> [TSimMgr_Client.LogEventRecv] <0031> CPID_UDP_PLATFORM_MOVE
<17 Jul 2026 12:14:57> [TSimMgr_Client.LogEventRecv] <0031> CPID_UDP_PLATFORM_MOVE
<17 Jul 2026 12:14:57> [TSimMgr_Client.LogEventRecv] <0031> CPID_UDP_PLATFORM_MOVE
<17 Jul 2026 12:15:05> [TSimMgr_Client.LogEventRecv] <0031> CPID_UDP_PLATFORM_MOVE
<17 Jul 2026 12:15:05> [TSimMgr_Client.LogEventRecv] <0031> CPID_UDP_PLATFORM_MOVE
<17 Jul 2026 12:15:05> [TSimMgr_Client.LogEventRecv] <0031> CPID_UDP_PLATFORM_MOVE
<17 Jul 2026 12:15:05> [TSimMgr_Client.LogEventRecv] <0031> CPID_UDP_PLATFORM_MOVE
<17 Jul 2026 12:15:05> [TSimMgr_Client.LogEventRecv] <0031> CPID_UDP_PLATFORM_MOVE
<17 Jul 2026 12:15:05> [TSimMgr_Client.LogEventRecv] <0031> CPID_UDP_PLATFORM_MOVE
<17 Jul 2026 12:15:05> [TSimMgr_Client.LogEventRecv] <0031> CPID_UDP_PLATFORM_MOVE
<17 Jul 2026 12:15:05> [TSimMgr_Client.LogEventRecv] <0031> CPID_UDP_PLATFORM_MOVE
<17 Jul 2026 12:15:05> [TSimMgr_Client.LogEventRecv] <0031> CPID_UDP_PLATFORM_MOVE
<17 Jul 2026 12:15:13> [TSimMgr_Client.LogEventRecv] <0031> CPID_UDP_PLATFORM_MOVE
<17 Jul 2026 12:15:13> [TSimMgr_Client.LogEventRecv] <0031> CPID_UDP_PLATFORM_MOVE
<17 Jul 2026 12:15:13> [TSimMgr_Client.LogEventRecv] <0031> CPID_UDP_PLATFORM_MOVE
<17 Jul 2026 12:15:13> [TSimMgr_Client.LogEventRecv] <0031> CPID_UDP_PLATFORM_MOVE
<17 Jul 2026 12:15:13> [TSimMgr_Client.LogEventRecv] <0031> CPID_UDP_PLATFORM_MOVE
<17 Jul 2026 12:15:13> [TSimMgr_Client.LogEventRecv] <0031> CPID_UDP_PLATFORM_MOVE
<17 Jul 2026 12:15:13> [TSimMgr_Client.LogEventRecv] <0031> CPID_UDP_PLATFORM_MOVE
<17 Jul 2026 12:15:13> [TSimMgr_Client.LogEventRecv] <0031> CPID_UDP_PLATFORM_MOVE
<17 Jul 2026 12:15:13> [TSimMgr_Client.LogEventRecv] <0031> CPID_UDP_PLATFORM_MOVE
<17 Jul 2026 12:15:21> [TSimMgr_Client.LogEventRecv] <0031> CPID_UDP_PLATFORM_MOVE
<17 Jul 2026 12:15:21> [TSimMgr_Client.LogEventRecv] <0031> CPID_UDP_PLATFORM_MOVE
<17 Jul 2026 12:15:21> [TSimMgr_Client.LogEventRecv] <0031> CPID_UDP_PLATFORM_MOVE
<17 Jul 2026 12:15:21> [TSimMgr_Client.LogEventRecv] <0031> CPID_UDP_PLATFORM_MOVE
<17 Jul 2026 12:15:21> [TSimMgr_Client.LogEventRecv] <0031> CPID_UDP_PLATFORM_MOVE
<17 Jul 2026 12:15:21> [TSimMgr_Client.LogEventRecv] <0031> CPID_UDP_PLATFORM_MOVE
<17 Jul 2026 12:15:21> [TSimMgr_Client.LogEventRecv] <0031> CPID_UDP_PLATFORM_MOVE
<17 Jul 2026 12:15:21> [TSimMgr_Client.LogEventRecv] <0031> CPID_UDP_PLATFORM_MOVE
<17 Jul 2026 12:15:21> [TSimMgr_Client.LogEventRecv] <0031> CPID_UDP_PLATFORM_MOVE
<17 Jul 2026 12:15:29> [TSimMgr_Client.LogEventRecv] <0031> CPID_UDP_PLATFORM_MOVE
<17 Jul 2026 12:15:29> [TSimMgr_Client.LogEventRecv] <0031> CPID_UDP_PLATFORM_MOVE
<17 Jul 2026 12:15:29> [TSimMgr_Client.LogEventRecv] <0031> CPID_UDP_PLATFORM_MOVE
<17 Jul 2026 12:15:29> [TSimMgr_Client.LogEventRecv] <0031> CPID_UDP_PLATFORM_MOVE
<17 Jul 2026 12:15:29> [TSimMgr_Client.LogEventRecv] <0031> CPID_UDP_PLATFORM_MOVE
<17 Jul 2026 12:15:29> [TSimMgr_Client.LogEventRecv] <0031> CPID_UDP_PLATFORM_MOVE
<17 Jul 2026 12:15:29> [TSimMgr_Client.LogEventRecv] <0031> CPID_UDP_PLATFORM_MOVE
<17 Jul 2026 12:15:29> [TSimMgr_Client.LogEventRecv] <0031> CPID_UDP_PLATFORM_MOVE
<17 Jul 2026 12:15:29> [TSimMgr_Client.LogEventRecv] <0031> CPID_UDP_PLATFORM_MOVE
<17 Jul 2026 12:15:37> [TSimMgr_Client.LogEventRecv] <0031> CPID_UDP_PLATFORM_MOVE
<17 Jul 2026 12:15:37> [TSimMgr_Client.LogEventRecv] <0031> CPID_UDP_PLATFORM_MOVE
<17 Jul 2026 12:15:37> [TSimMgr_Client.LogEventRecv] <0031> CPID_UDP_PLATFORM_MOVE
<17 Jul 2026 12:15:37> [TSimMgr_Client.LogEventRecv] <0031> CPID_UDP_PLATFORM_MOVE
<17 Jul 2026 12:15:37> [TSimMgr_Client.LogEventRecv] <0031> CPID_UDP_PLATFORM_MOVE
<17 Jul 2026 12:15:37> [TSimMgr_Client.LogEventRecv] <0031> CPID_UDP_PLATFORM_MOVE
<17 Jul 2026 12:15:37> [TSimMgr_Client.LogEventRecv] <0031> CPID_UDP_PLATFORM_MOVE
<17 Jul 2026 12:15:37> [TSimMgr_Client.LogEventRecv] <0031> CPID_UDP_PLATFORM_MOVE
<17 Jul 2026 12:15:37> [TSimMgr_Client.LogEventRecv] <0031> CPID_UDP_PLATFORM_MOVE
<17 Jul 2026 12:15:45> [TSimMgr_Client.LogEventRecv] <0031> CPID_UDP_PLATFORM_MOVE
<17 Jul 2026 12:15:45> [TSimMgr_Client.LogEventRecv] <0031> CPID_UDP_PLATFORM_MOVE
<17 Jul 2026 12:15:45> [TSimMgr_Client.LogEventRecv] <0031> CPID_UDP_PLATFORM_MOVE
<17 Jul 2026 12:15:45> [TSimMgr_Client.LogEventRecv] <0031> CPID_UDP_PLATFORM_MOVE
<17 Jul 2026 12:15:45> [TSimMgr_Client.LogEventRecv] <0031> CPID_UDP_PLATFORM_MOVE
<17 Jul 2026 12:15:45> [TSimMgr_Client.LogEventRecv] <0031> CPID_UDP_PLATFORM_MOVE
<17 Jul 2026 12:15:45> [TSimMgr_Client.LogEventRecv] <0031> CPID_UDP_PLATFORM_MOVE
<17 Jul 2026 12:15:45> [TSimMgr_Client.LogEventRecv] <0031> CPID_UDP_PLATFORM_MOVE
<17 Jul 2026 12:15:45> [TSimMgr_Client.LogEventRecv] <0031> CPID_UDP_PLATFORM_MOVE
<17 Jul 2026 12:15:52> [TSimMgr_Client.LogEventRecv] <0031> CPID_UDP_PLATFORM_MOVE
<17 Jul 2026 12:15:52> [TSimMgr_Client.LogEventRecv] <0031> CPID_UDP_PLATFORM_MOVE
<17 Jul 2026 12:15:52> [TSimMgr_Client.LogEventRecv] <0031> CPID_UDP_PLATFORM_MOVE
<17 Jul 2026 12:15:52> [TSimMgr_Client.LogEventRecv] <0031> CPID_UDP_PLATFORM_MOVE
<17 Jul 2026 12:15:52> [TSimMgr_Client.LogEventRecv] <0031> CPID_UDP_PLATFORM_MOVE
<17 Jul 2026 12:15:52> [TSimMgr_Client.LogEventRecv] <0031> CPID_UDP_PLATFORM_MOVE
<17 Jul 2026 12:15:52> [TSimMgr_Client.LogEventRecv] <0031> CPID_UDP_PLATFORM_MOVE
<17 Jul 2026 12:15:52> [TSimMgr_Client.LogEventRecv] <0031> CPID_UDP_PLATFORM_MOVE
<17 Jul 2026 12:15:52> [TSimMgr_Client.LogEventRecv] <0031> CPID_UDP_PLATFORM_MOVE
<17 Jul 2026 12:16:01> [TSimMgr_Client.LogEventRecv] <0031> CPID_UDP_PLATFORM_MOVE
<17 Jul 2026 12:16:01> [TSimMgr_Client.LogEventRecv] <0031> CPID_UDP_PLATFORM_MOVE
<17 Jul 2026 12:16:01> [TSimMgr_Client.LogEventRecv] <0031> CPID_UDP_PLATFORM_MOVE
<17 Jul 2026 12:16:01> [TSimMgr_Client.LogEventRecv] <0031> CPID_UDP_PLATFORM_MOVE
<17 Jul 2026 12:16:01> [TSimMgr_Client.LogEventRecv] <0031> CPID_UDP_PLATFORM_MOVE
<17 Jul 2026 12:16:01> [TSimMgr_Client.LogEventRecv] <0031> CPID_UDP_PLATFORM_MOVE
<17 Jul 2026 12:16:01> [TSimMgr_Client.LogEventRecv] <0031> CPID_UDP_PLATFORM_MOVE
<17 Jul 2026 12:16:01> [TSimMgr_Client.LogEventRecv] <0031> CPID_UDP_PLATFORM_MOVE
<17 Jul 2026 12:16:01> [TSimMgr_Client.LogEventRecv] <0031> CPID_UDP_PLATFORM_MOVE
<17 Jul 2026 12:16:09> [TSimMgr_Client.LogEventRecv] <0031> CPID_UDP_PLATFORM_MOVE
<17 Jul 2026 12:16:09> [TSimMgr_Client.LogEventRecv] <0031> CPID_UDP_PLATFORM_MOVE
<17 Jul 2026 12:16:09> [TSimMgr_Client.LogEventRecv] <0031> CPID_UDP_PLATFORM_MOVE
<17 Jul 2026 12:16:09> [TSimMgr_Client.LogEventRecv] <0031> CPID_UDP_PLATFORM_MOVE
<17 Jul 2026 12:16:09> [TSimMgr_Client.LogEventRecv] <0031> CPID_UDP_PLATFORM_MOVE
<17 Jul 2026 12:16:09> [TSimMgr_Client.LogEventRecv] <0031> CPID_UDP_PLATFORM_MOVE
<17 Jul 2026 12:16:09> [TSimMgr_Client.LogEventRecv] <0031> CPID_UDP_PLATFORM_MOVE
<17 Jul 2026 12:16:09> [TSimMgr_Client.LogEventRecv] <0031> CPID_UDP_PLATFORM_MOVE
<17 Jul 2026 12:16:09> [TSimMgr_Client.LogEventRecv] <0031> CPID_UDP_PLATFORM_MOVE
<17 Jul 2026 12:16:17> [TSimMgr_Client.LogEventRecv] <0031> CPID_UDP_PLATFORM_MOVE
<17 Jul 2026 12:16:17> [TSimMgr_Client.LogEventRecv] <0031> CPID_UDP_PLATFORM_MOVE
<17 Jul 2026 12:16:17> [TSimMgr_Client.LogEventRecv] <0031> CPID_UDP_PLATFORM_MOVE
<17 Jul 2026 12:16:17> [TSimMgr_Client.LogEventRecv] <0031> CPID_UDP_PLATFORM_MOVE
<17 Jul 2026 12:16:17> [TSimMgr_Client.LogEventRecv] <0031> CPID_UDP_PLATFORM_MOVE
<17 Jul 2026 12:16:17> [TSimMgr_Client.LogEventRecv] <0031> CPID_UDP_PLATFORM_MOVE
<17 Jul 2026 12:16:17> [TSimMgr_Client.LogEventRecv] <0031> CPID_UDP_PLATFORM_MOVE
<17 Jul 2026 12:16:17> [TSimMgr_Client.LogEventRecv] <0031> CPID_UDP_PLATFORM_MOVE
<17 Jul 2026 12:16:17> [TSimMgr_Client.LogEventRecv] <0031> CPID_UDP_PLATFORM_MOVE
<17 Jul 2026 12:16:25> [TSimMgr_Client.LogEventRecv] <0031> CPID_UDP_PLATFORM_MOVE
<17 Jul 2026 12:16:25> [TSimMgr_Client.LogEventRecv] <0031> CPID_UDP_PLATFORM_MOVE
<17 Jul 2026 12:16:25> [TSimMgr_Client.LogEventRecv] <0031> CPID_UDP_PLATFORM_MOVE
<17 Jul 2026 12:16:25> [TSimMgr_Client.LogEventRecv] <0031> CPID_UDP_PLATFORM_MOVE
<17 Jul 2026 12:16:25> [TSimMgr_Client.LogEventRecv] <0031> CPID_UDP_PLATFORM_MOVE
<17 Jul 2026 12:16:25> [TSimMgr_Client.LogEventRecv] <0031> CPID_UDP_PLATFORM_MOVE
<17 Jul 2026 12:16:25> [TSimMgr_Client.LogEventRecv] <0031> CPID_UDP_PLATFORM_MOVE
<17 Jul 2026 12:16:25> [TSimMgr_Client.LogEventRecv] <0031> CPID_UDP_PLATFORM_MOVE
<17 Jul 2026 12:16:25> [TSimMgr_Client.LogEventRecv] <0031> CPID_UDP_PLATFORM_MOVE
<17 Jul 2026 12:16:33> [TSimMgr_Client.LogEventRecv] <0031> CPID_UDP_PLATFORM_MOVE
<17 Jul 2026 12:16:33> [TSimMgr_Client.LogEventRecv] <0031> CPID_UDP_PLATFORM_MOVE
<17 Jul 2026 12:16:33> [TSimMgr_Client.LogEventRecv] <0031> CPID_UDP_PLATFORM_MOVE
<17 Jul 2026 12:16:33> [TSimMgr_Client.LogEventRecv] <0031> CPID_UDP_PLATFORM_MOVE
<17 Jul 2026 12:16:33> [TSimMgr_Client.LogEventRecv] <0031> CPID_UDP_PLATFORM_MOVE
<17 Jul 2026 12:16:33> [TSimMgr_Client.LogEventRecv] <0031> CPID_UDP_PLATFORM_MOVE
<17 Jul 2026 12:16:33> [TSimMgr_Client.LogEventRecv] <0031> CPID_UDP_PLATFORM_MOVE
<17 Jul 2026 12:16:33> [TSimMgr_Client.LogEventRecv] <0031> CPID_UDP_PLATFORM_MOVE
<17 Jul 2026 12:16:33> [TSimMgr_Client.LogEventRecv] <0031> CPID_UDP_PLATFORM_MOVE
<17 Jul 2026 12:16:40> [TSimMgr_Client.LogEventRecv] <0031> CPID_UDP_PLATFORM_MOVE
<17 Jul 2026 12:16:40> [TSimMgr_Client.LogEventRecv] <0031> CPID_UDP_PLATFORM_MOVE
<17 Jul 2026 12:16:40> [TSimMgr_Client.LogEventRecv] <0031> CPID_UDP_PLATFORM_MOVE
<17 Jul 2026 12:16:40> [TSimMgr_Client.LogEventRecv] <0031> CPID_UDP_PLATFORM_MOVE
<17 Jul 2026 12:16:40> [TSimMgr_Client.LogEventRecv] <0031> CPID_UDP_PLATFORM_MOVE
<17 Jul 2026 12:16:40> [TSimMgr_Client.LogEventRecv] <0031> CPID_UDP_PLATFORM_MOVE
<17 Jul 2026 12:16:40> [TSimMgr_Client.LogEventRecv] <0031> CPID_UDP_PLATFORM_MOVE
<17 Jul 2026 12:16:40> [TSimMgr_Client.LogEventRecv] <0031> CPID_UDP_PLATFORM_MOVE
<17 Jul 2026 12:16:40> [TSimMgr_Client.LogEventRecv] <0031> CPID_UDP_PLATFORM_MOVE
<17 Jul 2026 12:16:48> [TSimMgr_Client.LogEventRecv] <0031> CPID_UDP_PLATFORM_MOVE
<17 Jul 2026 12:16:48> [TSimMgr_Client.LogEventRecv] <0031> CPID_UDP_PLATFORM_MOVE
<17 Jul 2026 12:16:48> [TSimMgr_Client.LogEventRecv] <0031> CPID_UDP_PLATFORM_MOVE
<17 Jul 2026 12:16:48> [TSimMgr_Client.LogEventRecv] <0031> CPID_UDP_PLATFORM_MOVE
<17 Jul 2026 12:16:48> [TSimMgr_Client.LogEventRecv] <0031> CPID_UDP_PLATFORM_MOVE
<17 Jul 2026 12:16:48> [TSimMgr_Client.LogEventRecv] <0031> CPID_UDP_PLATFORM_MOVE
<17 Jul 2026 12:16:48> [TSimMgr_Client.LogEventRecv] <0031> CPID_UDP_PLATFORM_MOVE
<17 Jul 2026 12:16:48> [TSimMgr_Client.LogEventRecv] <0031> CPID_UDP_PLATFORM_MOVE
<17 Jul 2026 12:16:48> [TSimMgr_Client.LogEventRecv] <0031> CPID_UDP_PLATFORM_MOVE
<17 Jul 2026 12:16:57> [TSimMgr_Client.LogEventRecv] <0031> CPID_UDP_PLATFORM_MOVE
<17 Jul 2026 12:16:57> [TSimMgr_Client.LogEventRecv] <0031> CPID_UDP_PLATFORM_MOVE
<17 Jul 2026 12:16:57> [TSimMgr_Client.LogEventRecv] <0031> CPID_UDP_PLATFORM_MOVE
<17 Jul 2026 12:16:57> [TSimMgr_Client.LogEventRecv] <0031> CPID_UDP_PLATFORM_MOVE
<17 Jul 2026 12:16:57> [TSimMgr_Client.LogEventRecv] <0031> CPID_UDP_PLATFORM_MOVE
<17 Jul 2026 12:16:57> [TSimMgr_Client.LogEventRecv] <0031> CPID_UDP_PLATFORM_MOVE
<17 Jul 2026 12:16:57> [TSimMgr_Client.LogEventRecv] <0031> CPID_UDP_PLATFORM_MOVE
<17 Jul 2026 12:16:57> [TSimMgr_Client.LogEventRecv] <0031> CPID_UDP_PLATFORM_MOVE
<17 Jul 2026 12:16:57> [TSimMgr_Client.LogEventRecv] <0031> CPID_UDP_PLATFORM_MOVE
<17 Jul 2026 12:17:05> [TSimMgr_Client.LogEventRecv] <0031> CPID_UDP_PLATFORM_MOVE
<17 Jul 2026 12:17:05> [TSimMgr_Client.LogEventRecv] <0031> CPID_UDP_PLATFORM_MOVE
<17 Jul 2026 12:17:05> [TSimMgr_Client.LogEventRecv] <0031> CPID_UDP_PLATFORM_MOVE
<17 Jul 2026 12:17:05> [TSimMgr_Client.LogEventRecv] <0031> CPID_UDP_PLATFORM_MOVE
<17 Jul 2026 12:17:05> [TSimMgr_Client.LogEventRecv] <0031> CPID_UDP_PLATFORM_MOVE
<17 Jul 2026 12:17:05> [TSimMgr_Client.LogEventRecv] <0031> CPID_UDP_PLATFORM_MOVE
<17 Jul 2026 12:17:05> [TSimMgr_Client.LogEventRecv] <0031> CPID_UDP_PLATFORM_MOVE
<17 Jul 2026 12:17:05> [TSimMgr_Client.LogEventRecv] <0031> CPID_UDP_PLATFORM_MOVE
<17 Jul 2026 12:17:05> [TSimMgr_Client.LogEventRecv] <0031> CPID_UDP_PLATFORM_MOVE
<17 Jul 2026 12:17:12> [TSimMgr_Client.LogEventRecv] <0031> CPID_UDP_PLATFORM_MOVE
<17 Jul 2026 12:17:12> [TSimMgr_Client.LogEventRecv] <0031> CPID_UDP_PLATFORM_MOVE
<17 Jul 2026 12:17:12> [TSimMgr_Client.LogEventRecv] <0031> CPID_UDP_PLATFORM_MOVE
<17 Jul 2026 12:17:12> [TSimMgr_Client.LogEventRecv] <0031> CPID_UDP_PLATFORM_MOVE
<17 Jul 2026 12:17:12> [TSimMgr_Client.LogEventRecv] <0031> CPID_UDP_PLATFORM_MOVE
<17 Jul 2026 12:17:13> [TSimMgr_Client.LogEventRecv] <0031> CPID_UDP_PLATFORM_MOVE
<17 Jul 2026 12:17:13> [TSimMgr_Client.LogEventRecv] <0031> CPID_UDP_PLATFORM_MOVE
<17 Jul 2026 12:17:13> [TSimMgr_Client.LogEventRecv] <0031> CPID_UDP_PLATFORM_MOVE
<17 Jul 2026 12:17:13> [TSimMgr_Client.LogEventRecv] <0031> CPID_UDP_PLATFORM_MOVE
<17 Jul 2026 12:17:21> [TSimMgr_Client.LogEventRecv] <0031> CPID_UDP_PLATFORM_MOVE
<17 Jul 2026 12:17:21> [TSimMgr_Client.LogEventRecv] <0031> CPID_UDP_PLATFORM_MOVE
<17 Jul 2026 12:17:21> [TSimMgr_Client.LogEventRecv] <0031> CPID_UDP_PLATFORM_MOVE
<17 Jul 2026 12:17:21> [TSimMgr_Client.LogEventRecv] <0031> CPID_UDP_PLATFORM_MOVE
<17 Jul 2026 12:17:21> [TSimMgr_Client.LogEventRecv] <0031> CPID_UDP_PLATFORM_MOVE
<17 Jul 2026 12:17:21> [TSimMgr_Client.LogEventRecv] <0031> CPID_UDP_PLATFORM_MOVE
<17 Jul 2026 12:17:21> [TSimMgr_Client.LogEventRecv] <0031> CPID_UDP_PLATFORM_MOVE
<17 Jul 2026 12:17:21> [TSimMgr_Client.LogEventRecv] <0031> CPID_UDP_PLATFORM_MOVE
<17 Jul 2026 12:17:21> [TSimMgr_Client.LogEventRecv] <0031> CPID_UDP_PLATFORM_MOVE
<17 Jul 2026 12:17:28> [TSimMgr_Client.LogEventRecv] <0031> CPID_UDP_PLATFORM_MOVE
<17 Jul 2026 12:17:28> [TSimMgr_Client.LogEventRecv] <0031> CPID_UDP_PLATFORM_MOVE
<17 Jul 2026 12:17:28> [TSimMgr_Client.LogEventRecv] <0031> CPID_UDP_PLATFORM_MOVE
<17 Jul 2026 12:17:28> [TSimMgr_Client.LogEventRecv] <0031> CPID_UDP_PLATFORM_MOVE
<17 Jul 2026 12:17:28> [TSimMgr_Client.LogEventRecv] <0031> CPID_UDP_PLATFORM_MOVE
<17 Jul 2026 12:17:28> [TSimMgr_Client.LogEventRecv] <0031> CPID_UDP_PLATFORM_MOVE
<17 Jul 2026 12:17:28> [TSimMgr_Client.LogEventRecv] <0031> CPID_UDP_PLATFORM_MOVE
<17 Jul 2026 12:17:29> [TSimMgr_Client.LogEventRecv] <0031> CPID_UDP_PLATFORM_MOVE
<17 Jul 2026 12:17:29> [TSimMgr_Client.LogEventRecv] <0031> CPID_UDP_PLATFORM_MOVE
